1755755733345 0.0004177093505859375 0
1755755743381 0.00043654441833496094 0
1755755753417 0.00043463706970214844 0
1755755763452 0.00044918060302734375 0
1755755773485 0.0004506111145019531 0
1755755783520 0.00044655799865722656 0
1755755793558 0.00042629241943359375 0
1755755803591 0.00041961669921875 0
1755755813626 0.0004563331604003906 0
1755755823671 0.0005238056182861328 0
1755755833708 0.00043511390686035156 0
1755755843743 0.0004329681396484375 0
1755755853782 0.0004220008850097656 0
1755755863814 0.0004134178161621094 0
1755755873848 0.00043129920959472656 0
1755755883887 0.0004324913024902344 0
1755755893922 0.0004322528839111328 0
1755755903961 0.0004189014434814453 0
1755755914000 0.0004153251647949219 0
1755755924034 0.0004467964172363281 0
1755755934067 0.0004451274871826172 0
1755755944103 0.0004367828369140625 0
1755755954144 0.0004982948303222656 0
1755755964216 0.00042510032653808594 0
1755755974251 0.0004317760467529297 0
1755755984284 0.0004258155822753906 0
1755755994326 0.00045108795166015625 0
1755756004359 0.0004062652587890625 0
1755756014395 0.0004451274871826172 0
1755756024432 0.0004439353942871094 0
1755756034468 0.0004153251647949219 0
1755756044504 0.0004894733428955078 0
1755756054543 0.00042939186096191406 0
1755756064576 0.0004241466522216797 0
1755756074611 0.0004210472106933594 0
1755756084648 0.00042319297790527344 0
1755756094683 0.00045800209045410156 0
1755756104717 0.0004863739013671875 0
1755756114751 0.00043845176696777344 0
1755756124784 0.00047659873962402344 0
1755756134824 0.0015521049499511719 0
1755756144858 0.00045800209045410156 0
1755756154893 0.00042247772216796875 0
1755756164930 0.0004394054412841797 0
1755756174967 0.00042366981506347656 0
1755756185000 0.00042366981506347656 0
1755756195035 0.0004417896270751953 0
1755756205070 0.00043463706970214844 0
1755756215104 0.00041866302490234375 0
1755756225139 0.00042366981506347656 0
1755756235173 0.00046253204345703125 0
1755756245207 0.000431060791015625 0
1755756255243 0.00043272972106933594 0
1755756265278 0.00043320655822753906 0
1755756275314 0.0004227161407470703 0
1755756285348 0.0004088878631591797 0
1755756295385 0.00043392181396484375 0
1755756305420 0.00044035911560058594 0
1755756315456 0.0004279613494873047 0
1755756325489 0.0004284381866455078 0
1755756335525 0.0004246234893798828 0
1755756345560 0.0004279613494873047 0
1755756355599 0.0004429817199707031 0
1755756365637 0.0004296302795410156 0
1755756375669 0.0004265308380126953 0
1755756385705 0.00041961669921875 0
1755756395741 0.0004291534423828125 0
1755756405776 0.0004611015319824219 0
1755756415812 0.0003685951232910156 0
1755756425848 0.00045013427734375 0
1755756435886 0.00042819976806640625 0
1755756445922 0.0004417896270751953 0
1755756455957 0.00045609474182128906 0
1755756465993 0.0004532337188720703 0
1755756476029 0.0004200935363769531 0
1755756486069 0.0004253387451171875 0
1755756496106 0.00042510032653808594 0
1755756506142 0.0004253387451171875 0
1755756516176 0.00042510032653808594 0
1755756526211 0.00043201446533203125 0
1755756536245 0.0004253387451171875 0
1755756546278 0.0004398822784423828 0
1755756556312 0.00043582916259765625 0
1755756566347 0.0004315376281738281 0
1755756576383 0.00045228004455566406 0
1755756586427 0.00043129920959472656 0
1755756596463 0.0004277229309082031 0
1755756606501 0.0005221366882324219 0
1755756616538 0.00044345855712890625 0
1755756626573 0.0004456043243408203 0
1755756636615 0.00041794776916503906 0
1755756646654 0.0004127025604248047 0
1755756656689 0.00043654441833496094 0
1755756666723 0.0004260540008544922 0
1755756676761 0.00045490264892578125 0
1755756686796 0.00041985511779785156 0
1755756696832 0.0004401206970214844 0
1755756706870 0.00043511390686035156 0
1755756716906 0.0004305839538574219 0
1755756726941 0.00043201446533203125 0
1755756736976 0.0004451274871826172 0
1755756747015 0.00042557716369628906 0
1755756757050 0.0004360675811767578 0
1755756767087 0.0004181861877441406 0
1755756777124 0.0004324913024902344 0
1755756787164 0.0004336833953857422 0
1755756797199 0.0004222393035888672 0
1755756807234 0.0004456043243408203 0
1755756817272 0.00044727325439453125 0
1755756827307 0.0004181861877441406 0
1755756837345 0.00042939186096191406 0
1755756847386 0.0006129741668701172 0
1755756857423 0.00044536590576171875 0
1755756867457 0.0004138946533203125 0
1755756877493 0.00043129920959472656 0
1755756887528 0.0004296302795410156 0
1755756897562 0.000431060791015625 0
1755756907598 0.0004184246063232422 0
1755756917633 0.00044918060302734375 0
1755756927668 0.0004608631134033203 0
1755756937700 0.00042939186096191406 0
1755756947732 0.0004329681396484375 0
1755756957767 0.0004398822784423828 0
1755756967802 0.0004267692565917969 0
1755756977838 0.0004169940948486328 0
1755756987873 0.0004413127899169922 0
1755756997907 0.0004181861877441406 0
1755757007940 0.00041937828063964844 0
1755757017976 0.0004444122314453125 0
1755757028015 0.00043845176696777344 0
1755757038050 0.0004520416259765625 0
1755757048086 0.0004215240478515625 0
1755757058122 0.00043511390686035156 0
1755757068155 0.0008311271667480469 0
1755757078195 0.00044608116149902344 0
1755757088232 0.00044345855712890625 0
1755757098273 0.0004379749298095703 0
1755757108308 0.00043702125549316406 0
1755757118343 0.0004227161407470703 0
1755757128379 0.0004172325134277344 0
1755757138413 0.00044727325439453125 0
1755757148451 0.00043320655822753906 0
1755757158487 0.0004324913024902344 0
1755757168523 0.00043511390686035156 0
1755757178559 0.00042510032653808594 0
1755757188591 0.00042700767517089844 0
1755757198626 0.00043511390686035156 0
1755757208667 0.0005145072937011719 0
1755757218702 0.0004169940948486328 0
1755757228737 0.00042819976806640625 0
1755757238770 0.0004405975341796875 0
1755757248815 0.0004303455352783203 0
1755757258852 0.00046062469482421875 0
1755757268891 0.00043129920959472656 0
1755757278924 0.00043702125549316406 0
1755757288962 0.0004410743713378906 0
1755757298997 0.00042510032653808594 0
1755757309032 0.0004417896270751953 0
1755757319068 0.0004405975341796875 0
1755757329110 0.0004241466522216797 0
1755757339145 0.0004334449768066406 0
1755757349184 0.0004189014434814453 0
1755757359218 0.00043654441833496094 0
1755757369260 0.00042629241943359375 0
1755757379299 0.0004928112030029297 0
1755757389337 0.0006129741668701172 0
1755757399377 0.00042438507080078125 0
1755757409415 0.0004291534423828125 0
1755757419455 0.0004279613494873047 0
1755757429490 0.0004372596740722656 0
1755757439526 0.0004267692565917969 0
1755757449599 0.0004303455352783203 0
1755757459635 0.00044798851013183594 0
1755757469671 0.0004317760467529297 0
1755757479708 0.0005161762237548828 0
1755757489743 0.0004343986511230469 0
1755757499781 0.0004436969757080078 0
1755757509817 0.0004296302795410156 0
1755757519853 0.0005121231079101562 0
1755757529889 0.0004413127899169922 0
1755757539924 0.0004253387451171875 0
1755757549958 0.0004246234893798828 0
1755757559998 0.0004324913024902344 0
1755757570033 0.0004363059997558594 0
1755757580074 0.00043511390686035156 0
1755757590114 0.00043082237243652344 0
1755757600150 0.00042724609375 0
1755757610185 0.00043964385986328125 0
1755757620221 0.0004329681396484375 0
1755757630252 0.0004315376281738281 0
1755757640287 0.00042438507080078125 0
1755757650322 0.00046563148498535156 0
1755757660358 0.0004341602325439453 0
1755757670394 0.00043320655822753906 0
1755757680431 0.00045108795166015625 0
1755757690475 0.00043964385986328125 0
1755757700511 0.00043272972106933594 0
1755757710545 0.0005130767822265625 0
1755757720583 0.00045418739318847656 0
1755757730618 0.00044727325439453125 0
1755757740653 0.0004444122314453125 0
1755757750689 0.00040459632873535156 0
1755757760725 0.0004329681396484375 0
1755757770760 0.0004832744598388672 0
1755757780800 0.00045037269592285156 0
1755757790839 0.0004363059997558594 0
1755757800877 0.0004322528839111328 0
1755757810913 0.0004305839538574219 0
1755757820949 0.0004322528839111328 0
1755757830989 0.0004601478576660156 0
1755757841024 0.00042748451232910156 0
1755757851059 0.0004367828369140625 0
1755757861094 0.0004322528839111328 0
1755757871129 0.0004353523254394531 0
1755757881168 0.00043272972106933594 0
1755757891205 0.00045609474182128906 0
1755757901241 0.00044226646423339844 0
1755757911278 0.0004334449768066406 0
1755757921315 0.0004253387451171875 0
1755757931350 0.0004241466522216797 0
1755757941386 0.0004303455352783203 0
1755757951428 0.0004413127899169922 0
1755757961464 0.00042057037353515625 0
1755757971500 0.0006330013275146484 0
1755757981534 0.0004303455352783203 0
1755757991568 0.00044465065002441406 0
1755758001603 0.0004210472106933594 0
1755758011638 0.0004239082336425781 0
1755758021673 0.0004241466522216797 0
1755758031707 0.00044155120849609375 0
1755758041742 0.0004363059997558594 0
1755758051783 0.00044345855712890625 0
1755758061816 0.0004296302795410156 0
1755758071855 0.0004134178161621094 0
1755758081890 0.00042128562927246094 0
1755758091924 0.00044846534729003906 0
1755758101959 0.0004336833953857422 0
1755758111996 0.0004360675811767578 0
1755758122035 0.0005266666412353516 0
1755758132071 0.0004425048828125 0
1755758142109 0.0004477500915527344 0
1755758152145 0.00042319297790527344 0
1755758162181 0.0004258155822753906 0
1755758172218 0.0004355907440185547 0
1755758182257 0.0004296302795410156 0
1755758192294 0.00046634674072265625 0
1755758202331 0.0004258155822753906 0
1755758212391 0.00043463706970214844 0
1755758222426 0.00043964385986328125 0
1755758232465 0.0004208087921142578 0
1755758242502 0.00048732757568359375 0
1755758252540 0.0004260540008544922 0
1755758262577 0.00043773651123046875 0
1755758272617 0.0004119873046875 0
1755758282651 0.0004329681396484375 0
1755758292688 0.0004286766052246094 0
1755758302722 0.0004177093505859375 0
1755758312757 0.0004527568817138672 0
1755758322792 0.00042247772216796875 0
1755758332828 0.0004241466522216797 0
1755758342864 0.00041556358337402344 0
1755758352897 0.0004115104675292969 0
1755758362938 0.0004494190216064453 0
1755758372978 0.0004508495330810547 0
1755758383015 0.0004475116729736328 0
1755758393053 0.0004181861877441406 0
1755758403090 0.0004417896270751953 0
1755758413130 0.0004317760467529297 0
1755758423166 0.0004353523254394531 0
1755758433201 0.0004303455352783203 0
1755758443236 0.0005657672882080078 0
1755758453273 0.0004200935363769531 0
1755758463307 0.0004489421844482422 0
1755758473343 0.0004572868347167969 0
1755758483379 0.0004379749298095703 0
1755758493419 0.000438690185546875 0
1755758503457 0.00044274330139160156 0
1755758513496 0.000431060791015625 0
1755758523539 0.0004115104675292969 0
1755758533575 0.0004153251647949219 0
1755758543612 0.00041604042053222656 0
1755758553652 0.0004553794860839844 0
1755758563687 0.0004286766052246094 0
1755758573724 0.0004200935363769531 0
1755758583760 0.0004742145538330078 0
1755758593797 0.0004100799560546875 0
1755758603834 0.0004291534423828125 0
1755758613870 0.00043272972106933594 0
1755758623905 0.00039839744567871094 0
1755758633940 0.00043463706970214844 0
1755758643977 0.00042176246643066406 0
1755758654016 0.00042700767517089844 0
1755758664051 0.0004780292510986328 0
1755758674086 0.00042939186096191406 0
1755758684122 0.0004341602325439453 0
1755758694157 0.00042128562927246094 0
1755758704192 0.00041484832763671875 0
1755758714233 0.00045037269592285156 0
1755758724270 0.0004329681396484375 0
1755758734311 0.0004203319549560547 0
1755758744347 0.0004353523254394531 0
1755758754383 0.000415802001953125 0
1755758764422 0.00043702125549316406 0
1755758774462 0.0004515647888183594 0
1755758784500 0.00043320655822753906 0
1755758794536 0.000431060791015625 0
1755758804571 0.0004303455352783203 0
1755758814608 0.0004050731658935547 0
1755758824645 0.0003974437713623047 0
1755758834682 0.0004093647003173828 0
1755758844717 0.0004220008850097656 0
1755758854752 0.0004184246063232422 0
1755758864792 0.00042819976806640625 0
1755758874829 0.0004589557647705078 0
1755758884862 0.00042438507080078125 0
1755758894897 0.0004410743713378906 0
1755758904935 0.0004248619079589844 0
1755758914970 0.00041675567626953125 0
1755758925005 0.0004220008850097656 0
1755758935038 0.00043272972106933594 0
1755758945072 0.0004684925079345703 0
1755758955107 0.00044989585876464844 0
1755758965142 0.0004329681396484375 0
1755758975178 0.00042724609375 0
1755758985214 0.0004229545593261719 0
1755758995247 0.00046443939208984375 0
1755759005284 0.0004315376281738281 0
1755759015320 0.0004208087921142578 0
1755759025355 0.00042891502380371094 0
1755759035390 0.0004220008850097656 0
1755759045425 0.0004417896270751953 0
1755759055465 0.00044417381286621094 0
1755759065500 0.0004429817199707031 0
1755759075534 0.0004227161407470703 0
1755759085568 0.00043392181396484375 0
1755759095601 0.0004200935363769531 0
1755759105639 0.0004343986511230469 0
1755759115678 0.0004177093505859375 0
1755759125713 0.00042128562927246094 0
1755759135745 0.0004067420959472656 0
1755759145781 0.0004220008850097656 0
1755759155817 0.0004267692565917969 0
1755759165848 0.00044608116149902344 0
1755759175885 0.0004248619079589844 0
1755759185918 0.00040793418884277344 0
1755759195953 0.0005509853363037109 0
1755759205988 0.00042557716369628906 0
1755759216024 0.00042128562927246094 0
1755759226060 0.00043392181396484375 0
1755759236096 0.0004737377166748047 0
1755759246128 0.0004265308380126953 0
1755759256164 0.0004277229309082031 0
1755759266200 0.00044035911560058594 0
1755759276234 0.0004143714904785156 0
1755759286266 0.00041604042053222656 0
1755759296299 0.00045943260192871094 0
1755759306336 0.0004227161407470703 0
1755759316371 0.00041484832763671875 0
1755759326407 0.0004341602325439453 0
1755759336444 0.000423431396484375 0
1755759346482 0.0004246234893798828 0
1755759356521 0.00043320655822753906 0
1755759366558 0.00044655799865722656 0
1755759376596 0.0004277229309082031 0
1755759386634 0.0004265308380126953 0
1755759396669 0.0004248619079589844 0
1755759406706 0.00042819976806640625 0
1755759416746 0.00044846534729003906 0
1755759426785 0.0004668235778808594 0
1755759436821 0.0004341602325439453 0
1755759446854 0.0004200935363769531 0
1755759456890 0.0004024505615234375 0
1755759466929 0.0004303455352783203 0
1755759476965 0.0004341602325439453 0
1755759487003 0.000438690185546875 0
1755759497041 0.00041866302490234375 0
1755759507077 0.00041866302490234375 0
1755759517114 0.0004229545593261719 0
1755759527150 0.00042438507080078125 0
1755759537190 0.0004324913024902344 0
1755759547227 0.0004239082336425781 0
1755759557263 0.0004355907440185547 0
1755759567299 0.00041294097900390625 0
1755759577333 0.00046443939208984375 0
1755759587369 0.0004248619079589844 0
1755759597408 0.0004153251647949219 0
1755759607442 0.0004291534423828125 0
1755759617484 0.00043010711669921875 0
1755759627524 0.0004761219024658203 0
1755759637563 0.00043320655822753906 0
1755759647600 0.00044274330139160156 0
1755759657632 0.0004379749298095703 0
1755759667669 0.00045490264892578125 0
1755759677703 0.00043964385986328125 0
1755759687737 0.0004267692565917969 0
1755759697784 0.0004303455352783203 0
1755759707822 0.0004343986511230469 0
1755759717860 0.00043272972106933594 0
1755759727899 0.00042176246643066406 0
1755759737931 0.0004253387451171875 0
1755759747967 0.000438690185546875 0
1755759758005 0.0004284381866455078 0
1755759768042 0.000453948974609375 0
1755759778078 0.00042700767517089844 0
1755759788114 0.0004115104675292969 0
1755759798153 0.00041413307189941406 0
1755759808186 0.0004436969757080078 0
1755759818221 0.00043845176696777344 0
1755759828256 0.00039577484130859375 0
1755759838290 0.00041556358337402344 0
1755759848326 0.0004105567932128906 0
1755759858359 0.0004489421844482422 0
1755759868397 0.00042748451232910156 0
1755759878433 0.00040984153747558594 0
1755759888468 0.0004398822784423828 0
1755759898504 0.0004284381866455078 0
1755759908536 0.0004172325134277344 0
1755759918572 0.00042438507080078125 0
1755759928611 0.0004456043243408203 0
1755759938647 0.00048804283142089844 0
1755759948684 0.00040650367736816406 0
1755759958724 0.00044274330139160156 0
1755759968760 0.0004222393035888672 0
1755759978795 0.0004248619079589844 0
1755759988831 0.00040841102600097656 0
1755759998871 0.0004353523254394531 0
1755760008907 0.0004169940948486328 0
1755760018947 0.00044345855712890625 0
1755760028982 0.0004241466522216797 0
1755760039017 0.0004162788391113281 0
1755760049054 0.0004298686981201172 0
1755760059090 0.00042247772216796875 0
1755760069126 0.0004353523254394531 0
1755760079161 0.0004093647003173828 0
1755760089194 0.0004284381866455078 0
1755760099229 0.0004279613494873047 0
1755760109267 0.00042247772216796875 0
1755760119304 0.00042319297790527344 0
1755760129340 0.0004088878631591797 0
1755760139375 0.00041103363037109375 0
1755760149413 0.0004184246063232422 0
1755760159454 0.00045990943908691406 0
1755760169495 0.00042247772216796875 0
1755760179532 0.0004363059997558594 0
1755760189568 0.00042247772216796875 0
1755760199603 0.0004138946533203125 0
1755760209637 0.0004143714904785156 0
1755760219677 0.0004222393035888672 0
1755760229712 0.0004291534423828125 0
1755760239749 0.0004360675811767578 0
1755760249784 0.00042366981506347656 0
1755760259820 0.00045680999755859375 0
1755760269853 0.0004649162292480469 0
1755760279890 0.00041556358337402344 0
1755760289933 0.00041985511779785156 0
1755760299968 0.00040793418884277344 0
1755760310004 0.00048422813415527344 0
1755760320040 0.0004253387451171875 0
1755760330074 0.00040984153747558594 0
1755760340110 0.00043010711669921875 0
1755760350150 0.0004475116729736328 0
1755760360191 0.0004448890686035156 0
1755760370226 0.0004456043243408203 0
1755760380260 0.0004181861877441406 0
1755760390299 0.00042819976806640625 0
1755760400339 0.0004405975341796875 0
1755760410377 0.0004410743713378906 0
1755760420411 0.0004601478576660156 0
1755760430452 0.0004973411560058594 0
1755760440493 0.0004105567932128906 0
1755760450525 0.00043487548828125 0
1755760460564 0.00044035911560058594 0
1755760470602 0.0004258155822753906 0
1755760480639 0.00041961669921875 0
1755760490676 0.0004343986511230469 0
1755760500716 0.0004146099090576172 0
1755760510752 0.0004267692565917969 0
1755760520791 0.000438690185546875 0
1755760530831 0.00041961669921875 0
1755760540868 0.0004165172576904297 0
1755760550904 0.00043392181396484375 0
1755760560940 0.0004405975341796875 0
1755760570976 0.0004353523254394531 0
1755760581012 0.0007169246673583984 0
1755760591049 0.00043511390686035156 0
1755760601087 0.000423431396484375 0
1755760611126 0.0004284381866455078 0
1755760621160 0.00041985511779785156 0
1755760631196 0.00043487548828125 0
1755760641232 0.00041222572326660156 0
1755760651264 0.00046133995056152344 0
1755760661298 0.00042176246643066406 0
1755760671337 0.00042438507080078125 0
1755760681376 0.0004305839538574219 0
1755760691416 0.0004954338073730469 0
1755760701455 0.0004267692565917969 0
1755760711491 0.00046896934509277344 0
1755760721527 0.0004444122314453125 0
1755760731561 0.0004487037658691406 0
1755760741596 0.0004208087921142578 0
1755760751629 0.00045943260192871094 0
1755760761664 0.00041985511779785156 0
1755760771698 0.00042891502380371094 0
1755760781734 0.0004305839538574219 0
1755760791768 0.0004258155822753906 0
1755760801804 0.0004286766052246094 0
1755760811842 0.00047469139099121094 0
1755760821881 0.0004150867462158203 0
1755760831928 0.00042939186096191406 0
1755760841970 0.00043582916259765625 0
1755760852008 0.00040912628173828125 0
1755760862047 0.0005023479461669922 0
1755760872085 0.0004444122314453125 0
1755760882121 0.0004303455352783203 0
1755760892154 0.0004177093505859375 0
1755760902193 0.00042438507080078125 0
1755760912229 0.0004425048828125 0
1755760922268 0.00043582916259765625 0
1755760932304 0.00040912628173828125 0
1755760942341 0.0004229545593261719 0
1755760952381 0.000476837158203125 0
1755760962419 0.0004229545593261719 0
1755760972455 0.0004591941833496094 0
1755760982489 0.0004191398620605469 0
1755760992524 0.00043654441833496094 0
1755761002563 0.0004363059997558594 0
1755761012599 0.00045418739318847656 0
1755761022636 0.0004870891571044922 0
1755761032671 0.00043201446533203125 0
1755761042705 0.00043320655822753906 0
1755761052741 0.00042128562927246094 0
1755761062776 0.00043082237243652344 0
1755761072817 0.0004367828369140625 0
1755761082855 0.0004150867462158203 0
1755761092890 0.0004200935363769531 0
1755761102926 0.0004067420959472656 0
1755761112965 0.00042438507080078125 0
1755761123002 0.0004279613494873047 0
1755761133037 0.0004241466522216797 0
1755761143071 0.0005042552947998047 0
1755761153109 0.0004608631134033203 0
1755761163150 0.0004220008850097656 0
1755761173200 0.00041294097900390625 0
1755761183235 0.0004303455352783203 0
1755761193267 0.00041174888610839844 0
1755761203302 0.0004343986511230469 0
1755761213337 0.0004253387451171875 0
1755761223377 0.00042939186096191406 0
1755761233414 0.00045418739318847656 0
1755761243451 0.00043201446533203125 0
1755761253485 0.0004382133483886719 0
1755761263522 0.00042128562927246094 0
1755761273560 0.0004336833953857422 0
1755761283598 0.00042366981506347656 0
1755761293635 0.0004150867462158203 0
1755761303669 0.0004191398620605469 0
1755761313704 0.00042510032653808594 0
1755761323741 0.0004203319549560547 0
1755761333775 0.00042057037353515625 0
1755761343810 0.0004436969757080078 0
1755761353846 0.00042128562927246094 0
1755761363882 0.00043487548828125 0
1755761373920 0.00042629241943359375 0
1755761383954 0.00042176246643066406 0
1755761393992 0.0004127025604248047 0
1755761404027 0.00041222572326660156 0
1755761414064 0.00041747093200683594 0
1755761424100 0.0004069805145263672 0
1755761434136 0.00040531158447265625 0
1755761444169 0.00044918060302734375 0
1755761454204 0.00044608116149902344 0
1755761464243 0.00045752525329589844 0
1755761474278 0.00043487548828125 0
1755761484316 0.00043010711669921875 0
1755761494354 0.00041961669921875 0
1755761504389 0.0004436969757080078 0
1755761514425 0.0004267692565917969 0
1755761524463 0.0004444122314453125 0
1755761534497 0.0004363059997558594 0
1755761544534 0.00041413307189941406 0
1755761554571 0.00042748451232910156 0
1755761564606 0.0004763603210449219 0
1755761574642 0.0004470348358154297 0
1755761584678 0.0004265308380126953 0
1755761594713 0.000423431396484375 0
1755761604749 0.0004248619079589844 0
1755761614788 0.0004279613494873047 0
1755761624825 0.0004253387451171875 0
1755761634861 0.0004229545593261719 0
1755761644899 0.0004215240478515625 0
1755761654934 0.0004150867462158203 0
1755761664967 0.00043892860412597656 0
1755761675003 0.00041103363037109375 0
1755761685039 0.0004127025604248047 0
1755761695075 0.0004165172576904297 0
1755761705109 0.0004372596740722656 0
1755761715145 0.0004286766052246094 0
1755761725182 0.0004227161407470703 0
1755761735220 0.00046181678771972656 0
1755761745256 0.00043463706970214844 0
1755761755294 0.0004267692565917969 0
1755761765329 0.0004305839538574219 0
1755761775365 0.0004131793975830078 0
1755761785399 0.0004215240478515625 0
1755761795436 0.0004048347473144531 0
1755761805471 0.00044846534729003906 0
1755761815507 0.0004298686981201172 0
1755761825546 0.0004248619079589844 0
1755761835585 0.00048160552978515625 0
1755761845622 0.0004906654357910156 0
1755761855659 0.00045561790466308594 0
1755761865694 0.00043892860412597656 0
1755761875728 0.0004432201385498047 0
1755761885763 0.0004284381866455078 0
1755761895800 0.00043010711669921875 0
1755761905833 0.0004329681396484375 0
1755761915881 0.0004134178161621094 0
1755761925919 0.00044989585876464844 0
1755761935956 0.00040340423583984375 0
1755761945994 0.0004401206970214844 0
1755761956037 0.0004279613494873047 0
1755761966073 0.0004582405090332031 0
1755761976109 0.0004401206970214844 0
1755761986145 0.000408172607421875 0
1755761996179 0.00045037269592285156 0
1755762006216 0.0004165172576904297 0
1755762016251 0.0004203319549560547 0
1755762026286 0.0004200935363769531 0
1755762036322 0.000423431396484375 0
1755762046360 0.00044989585876464844 0
1755762056401 0.0004489421844482422 0
1755762066435 0.0004265308380126953 0
1755762076471 0.0004184246063232422 0
1755762086509 0.0004146099090576172 0
1755762096545 0.0004374980926513672 0
1755762106581 0.0004177093505859375 0
1755762116617 0.0004374980926513672 0
1755762126652 0.0004115104675292969 0
1755762136686 0.00043320655822753906 0
1755762146762 0.00042128562927246094 0
1755762156799 0.00043129920959472656 0
1755762166836 0.0004951953887939453 0
1755762176871 0.0004203319549560547 0
1755762186907 0.0004413127899169922 0
1755762196953 0.0005061626434326172 0
1755762206998 0.0004153251647949219 0
1755762217035 0.00048804283142089844 0
1755762227070 0.0004260540008544922 0
1755762237107 0.0004277229309082031 0
1755762247139 0.00042557716369628906 0
1755762257175 0.0004336833953857422 0
1755762267211 0.0004131793975830078 0
1755762277250 0.0004324913024902344 0
1755762287284 0.00041294097900390625 0
1755762297322 0.0004069805145263672 0
1755762307357 0.0004258155822753906 0
1755762317391 0.0004208087921142578 0
1755762327429 0.000423431396484375 0
1755762337463 0.00042819976806640625 0
1755762347498 0.0004253387451171875 0
1755762357535 0.0004112720489501953 0
1755762367570 0.00043487548828125 0
1755762377609 0.0004341602325439453 0
1755762387642 0.00042891502380371094 0
1755762397678 0.0004222393035888672 0
1755762407714 0.0004241466522216797 0
1755762417752 0.0004134178161621094 0
1755762427788 0.00043082237243652344 0
1755762437825 0.0004451274871826172 0
1755762447861 0.00043392181396484375 0
1755762457898 0.0004911422729492188 0
1755762467940 0.0004298686981201172 0
1755762477972 0.0007069110870361328 0
1755762488010 0.00043487548828125 0
1755762498043 0.0004162788391113281 0
1755762508076 0.0005424022674560547 0
1755762518111 0.00044274330139160156 0
1755762528146 0.0004258155822753906 0
1755762538178 0.0004241466522216797 0
1755762548214 0.00041866302490234375 0
1755762558250 0.0004119873046875 0
1755762568291 0.0004544258117675781 0
1755762578327 0.00043463706970214844 0
1755762588361 0.00042247772216796875 0
1755762598396 0.0004124641418457031 0
1755762608432 0.00043320655822753906 0
1755762618464 0.0004203319549560547 0
1755762628501 0.00040650367736816406 0
1755762638537 0.00042629241943359375 0
1755762648573 0.0004336833953857422 0
1755762658614 0.0004353523254394531 0
1755762668651 0.00042700767517089844 0
1755762678686 0.0004208087921142578 0
1755762688721 0.00041866302490234375 0
1755762698757 0.0004215240478515625 0
1755762708797 0.0004239082336425781 0
1755762718833 0.00044083595275878906 0
1755762728873 0.00044226646423339844 0
1755762738915 0.00042247772216796875 0
1755762748949 0.0004076957702636719 0
1755762758988 0.00041222572326660156 0
1755762769033 0.0004467964172363281 0
1755762779074 0.0004227161407470703 0
1755762789115 0.00042319297790527344 0
1755762799151 0.0004737377166748047 0
1755762809188 0.0004208087921142578 0
1755762819223 0.00042057037353515625 0
1755762829257 0.00039505958557128906 0
1755762839293 0.00043129920959472656 0
1755762849328 0.0004229545593261719 0
1755762859364 0.0004208087921142578 0
1755762869400 0.00041747093200683594 0
1755762879435 0.0004189014434814453 0
1755762889471 0.0004315376281738281 0
1755762899511 0.00042176246643066406 0
1755762909551 0.0004429817199707031 0
1755762919586 0.0004336833953857422 0
1755762929622 0.00041556358337402344 0
1755762939657 0.00041794776916503906 0
1755762949692 0.00043892860412597656 0
1755762959727 0.0004146099090576172 0
1755762969769 0.0004191398620605469 0
1755762979807 0.00043320655822753906 0
1755762989851 0.00041556358337402344 0
1755762999885 0.0004076957702636719 0
1755763009922 0.00044727325439453125 0
1755763019963 0.00044226646423339844 0
1755763030000 0.0004112720489501953 0
1755763040036 0.0004184246063232422 0
1755763050073 0.0004317760467529297 0
1755763060109 0.0004177093505859375 0
1755763070148 0.0004494190216064453 0
1755763080185 0.0004630088806152344 0
1755763090222 0.00040793418884277344 0
1755763100261 0.000423431396484375 0
1755763110306 0.0004127025604248047 0
1755763120347 0.0004303455352783203 0
1755763130383 0.0004100799560546875 0
1755763140422 0.0004286766052246094 0
1755763150456 0.00042724609375 0
1755763160495 0.0004200935363769531 0
1755763170532 0.0004012584686279297 0
1755763180567 0.0004227161407470703 0
1755763190604 0.00041174888610839844 0
1755763200642 0.0004363059997558594 0
1755763210679 0.00041961669921875 0
1755763220719 0.00040984153747558594 0
1755763230760 0.0004203319549560547 0
1755763240797 0.0004329681396484375 0
1755763250834 0.0004303455352783203 0
1755763260870 0.0004417896270751953 0
1755763270904 0.0004172325134277344 0
1755763280942 0.00042128562927246094 0
1755763290981 0.00042510032653808594 0
1755763301018 0.0006511211395263672 0
1755763311060 0.0005006790161132812 0
1755763321097 0.0005278587341308594 0
1755763331132 0.0005118846893310547 0
1755763341173 0.0008480548858642578 0
1755763351209 0.0004267692565917969 0
1755763361240 0.0005068778991699219 0
1755763371278 0.0004763603210449219 0
1755763381315 0.00041866302490234375 0
1755763391354 0.0004208087921142578 0
1755763401389 0.0004391670227050781 0
1755763411425 0.0004138946533203125 0
1755763421460 0.00044655799865722656 0
1755763431494 0.00041747093200683594 0
1755763441533 0.0004825592041015625 0
1755763451569 0.0004203319549560547 0
1755763461606 0.0004169940948486328 0
1755763471646 0.0004980564117431641 0
1755763481681 0.0004162788391113281 0
1755763491717 0.00043702125549316406 0
1755763501753 0.0004017353057861328 0
1755763511791 0.00043129920959472656 0
1755763521825 0.00041747093200683594 0
1755763531859 0.00043129920959472656 0
1755763541894 0.0004336833953857422 0
1755763551928 0.00039505958557128906 0
1755763561965 0.00042819976806640625 0
1755763572001 0.0004100799560546875 0
1755763582036 0.0004742145538330078 0
1755763592073 0.0005145072937011719 0
1755763602107 0.00042319297790527344 0
1755763612144 0.00042247772216796875 0
1755763622177 0.00043010711669921875 0
1755763632215 0.0004260540008544922 0
1755763642253 0.0004093647003173828 0
1755763652291 0.0004169940948486328 0
1755763662325 0.0004112720489501953 0
1755763672360 0.00043582916259765625 0
1755763682397 0.0004146099090576172 0
1755763692431 0.00042891502380371094 0
1755763702465 0.00042438507080078125 0
1755763712501 0.0004374980926513672 0
1755763722537 0.00043463706970214844 0
1755763732580 0.0004131793975830078 0
1755763742614 0.0004200935363769531 0
1755763752647 0.0004143714904785156 0
1755763762688 0.0004296302795410156 0
1755763772723 0.0004143714904785156 0
1755763782767 0.000469207763671875 0
1755763792803 0.0007138252258300781 0
1755763802840 0.00048041343688964844 0
1755763812874 0.0004379749298095703 0
1755763822914 0.00043702125549316406 0
1755763832949 0.0004820823669433594 0
1755763842984 0.00042510032653808594 0
1755763853020 0.00045418739318847656 0
1755763863056 0.00040984153747558594 0
1755763873093 0.0004208087921142578 0
1755763883135 0.0004456043243408203 0
1755763893168 0.00041365623474121094 0
1755763903203 0.0004124641418457031 0
1755763913237 0.0004127025604248047 0
1755763923315 0.00041413307189941406 0
1755763933354 0.0004165172576904297 0
1755763943389 0.0004248619079589844 0
1755763953425 0.0004324913024902344 0
1755763963460 0.000423431396484375 0
1755763973494 0.00042724609375 0
1755763983527 0.00042319297790527344 0
1755763993562 0.0004286766052246094 0
1755764003599 0.0003979206085205078 0
1755764013633 0.0004105567932128906 0
1755764023668 0.00042510032653808594 0
1755764033702 0.0004069805145263672 0
1755764043739 0.0004029273986816406 0
1755764053775 0.0004286766052246094 0
1755764063811 0.0004229545593261719 0
1755764073853 0.0004279613494873047 0
1755764083888 0.0004279613494873047 0
1755764093926 0.0005125999450683594 0
1755764103966 0.00041747093200683594 0
1755764114003 0.00044035911560058594 0
1755764124035 0.0005066394805908203 0
1755764134070 0.00041294097900390625 0
1755764144104 0.0004076957702636719 0
1755764154140 0.0004229545593261719 0
1755764164184 0.00042700767517089844 0
1755764174220 0.0004000663757324219 0
1755764184256 0.000415802001953125 0
1755764194293 0.0004305839538574219 0
1755764204328 0.0004734992980957031 0
1755764214365 0.00041556358337402344 0
1755764224404 0.00042438507080078125 0
1755764234440 0.0004191398620605469 0
1755764244475 0.00042700767517089844 0
1755764254510 0.0004169940948486328 0
1755764264543 0.0004210472106933594 0
1755764274579 0.0004074573516845703 0
1755764284619 0.00041365623474121094 0
1755764294655 0.000438690185546875 0
1755764304691 0.0004107952117919922 0
1755764314725 0.00041484832763671875 0
1755764324761 0.0006172657012939453 0
1755764334798 0.0004165172576904297 0
1755764344835 0.00046372413635253906 0
1755764354874 0.00043582916259765625 0
1755764364911 0.0004317760467529297 0
1755764374946 0.0005083084106445312 0
1755764384985 0.00043582916259765625 0
1755764395021 0.00043392181396484375 0
1755764405056 0.0004341602325439453 0
1755764415094 0.0004324913024902344 0
1755764425132 0.00043511390686035156 0
1755764435175 0.00042510032653808594 0
1755764445211 0.0004134178161621094 0
1755764455244 0.00043010711669921875 0
1755764465281 0.0004215240478515625 0
1755764475319 0.0004382133483886719 0
1755764485356 0.0004334449768066406 0
1755764495389 0.00042748451232910156 0
1755764505428 0.00047898292541503906 0
1755764515463 0.0004248619079589844 0
1755764525501 0.0004322528839111328 0
1755764535540 0.000431060791015625 0
1755764545577 0.00041794776916503906 0
1755764555615 0.0004494190216064453 0
1755764565651 0.0004439353942871094 0
1755764575695 0.00043582916259765625 0
1755764585737 0.0004315376281738281 0
1755764595774 0.0004165172576904297 0
1755764605809 0.00044417381286621094 0
1755764615848 0.00042510032653808594 0
1755764625883 0.00042057037353515625 0
1755764635916 0.00041866302490234375 0
1755764645951 0.0004303455352783203 0
1755764655992 0.00045228004455566406 0
1755764666029 0.0004169940948486328 0
1755764676070 0.0004448890686035156 0
1755764686106 0.00044274330139160156 0
1755764696143 0.0005156993865966797 0
1755764706180 0.00043964385986328125 0
1755764716220 0.0004220008850097656 0
1755764726259 0.00041675567626953125 0
1755764736295 0.00043082237243652344 0
1755764746330 0.0004918575286865234 0
1755764756365 0.0004220008850097656 0
1755764766399 0.00041294097900390625 0
1755764776436 0.00040602684020996094 0
1755764786470 0.00041413307189941406 0
1755764796506 0.00041484832763671875 0
1755764806543 0.00042510032653808594 0
1755764816578 0.00043702125549316406 0
1755764826614 0.0005259513854980469 0
1755764836658 0.0004291534423828125 0
1755764846697 0.00041747093200683594 0
1755764856731 0.0004296302795410156 0
1755764866764 0.0004210472106933594 0
1755764876799 0.0004334449768066406 0
1755764886832 0.0004267692565917969 0
1755764896868 0.00042629241943359375 0
1755764906907 0.00042510032653808594 0
1755764916948 0.0004162788391113281 0
1755764926983 0.000461578369140625 0
1755764937016 0.00044846534729003906 0
1755764947054 0.00041413307189941406 0
1755764957091 0.00045037269592285156 0
1755764967129 0.00041985511779785156 0
1755764977166 0.00041604042053222656 0
1755764987210 0.00044083595275878906 0
1755764997244 0.00042510032653808594 0
1755765007286 0.00041222572326660156 0
1755765017319 0.00043320655822753906 0
1755765027363 0.00041174888610839844 0
1755765037398 0.0004260540008544922 0
1755765047440 0.0004222393035888672 0
1755765057476 0.0004584789276123047 0
1755765067511 0.00047326087951660156 0
1755765077550 0.0004279613494873047 0
1755765087590 0.0004341602325439453 0
1755765097625 0.00041675567626953125 0
1755765107663 0.0004124641418457031 0
1755765117697 0.000415802001953125 0
1755765127770 0.00041031837463378906 0
1755765137804 0.00042819976806640625 0
1755765147839 0.00042939186096191406 0
1755765157876 0.0004265308380126953 0
1755765167910 0.00043463706970214844 0
1755765177945 0.00042510032653808594 0
1755765187982 0.00040459632873535156 0
1755765198018 0.0004277229309082031 0
1755765208054 0.00041103363037109375 0
1755765218089 0.0004222393035888672 0
1755765228134 0.0004181861877441406 0
1755765238174 0.0004317760467529297 0
1755765248216 0.0004506111145019531 0
1755765258249 0.0004470348358154297 0
1755765268286 0.0004382133483886719 0
1755765278322 0.0004169940948486328 0
1755765288357 0.0004057884216308594 0
1755765298391 0.0004124641418457031 0
1755765308427 0.0004165172576904297 0
1755765318461 0.0004279613494873047 0
1755765328497 0.00042939186096191406 0
1755765338530 0.0003955364227294922 0
1755765348561 0.0004229545593261719 0
1755765358597 0.0004119873046875 0
1755765368633 0.0004105567932128906 0
1755765378669 0.0004115104675292969 0
1755765388704 0.00041484832763671875 0
1755765398743 0.0003941059112548828 0
1755765408779 0.0004601478576660156 0
1755765418814 0.0004138946533203125 0
1755765428850 0.0004246234893798828 0
1755765438891 0.0004487037658691406 0
1755765448925 0.0004360675811767578 0
1755765458959 0.0004322528839111328 0
1755765468996 0.0004189014434814453 0
1755765479033 0.00042891502380371094 0
1755765489070 0.000438690185546875 0
1755765499104 0.000438690185546875 0
1755765509140 0.0004322528839111328 0
1755765519176 0.0004901885986328125 0
1755765529217 0.00043964385986328125 0
1755765539254 0.00042748451232910156 0
1755765549288 0.0004298686981201172 0
1755765559320 0.0004277229309082031 0
1755765569356 0.00042247772216796875 0
1755765579394 0.0004131793975830078 0
1755765589430 0.00043845176696777344 0
1755765599466 0.0004367828369140625 0
1755765609496 0.0004334449768066406 0
1755765619532 0.00042557716369628906 0
1755765629568 0.00041484832763671875 0
1755765639603 0.00042629241943359375 0
1755765649637 0.00042247772216796875 0
1755765659671 0.00040435791015625 0
1755765669703 0.0004220008850097656 0
1755765679741 0.0004184246063232422 0
1755765689775 0.00042247772216796875 0
1755765699810 0.0004360675811767578 0
1755765709846 0.00040030479431152344 0
1755765719890 0.0004298686981201172 0
1755765729922 0.00041937828063964844 0
1755765739958 0.0004429817199707031 0
1755765749994 0.0004265308380126953 0
1755765760032 0.00042366981506347656 0
1755765770067 0.00043964385986328125 0
1755765780112 0.0004229545593261719 0
1755765790148 0.0004379749298095703 0
1755765800184 0.00046539306640625 0
1755765810223 0.0004241466522216797 0
1755765820259 0.00047016143798828125 0
1755765830295 0.0004279613494873047 0
1755765840331 0.0004227161407470703 0
1755765850364 0.00042319297790527344 0
1755765860400 0.00043845176696777344 0
1755765870434 0.00042700767517089844 0
1755765880471 0.0004208087921142578 0
1755765890507 0.00042319297790527344 0
1755765900545 0.0004792213439941406 0
1755765910580 0.0004134178161621094 0
1755765920619 0.0004343986511230469 0
1755765930653 0.00041031837463378906 0
1755765940697 0.0004088878631591797 0
1755765950733 0.0004324913024902344 0
1755765960769 0.0004444122314453125 0
1755765970806 0.00040721893310546875 0
1755765980838 0.00043582916259765625 0
1755765990871 0.0003807544708251953 0
1755766000910 0.0005223751068115234 0
1755766010951 0.0004267692565917969 0
1755766020989 0.00041174888610839844 0
1755766031025 0.00039196014404296875 0
1755766041068 0.00043392181396484375 0
1755766051110 0.00042557716369628906 0
1755766061146 0.00044345855712890625 0
1755766071186 0.000400543212890625 0
1755766081224 0.00042819976806640625 0
1755766091259 0.0004200935363769531 0
1755766101294 0.0004191398620605469 0
1755766111330 0.0004303455352783203 0
1755766121365 0.0004220008850097656 0
1755766131413 0.00043201446533203125 0
1755766141450 0.00041961669921875 0
1755766151486 0.00039076805114746094 0
1755766161521 0.00041222572326660156 0
1755766171556 0.0004153251647949219 0
1755766181591 0.00047516822814941406 0
1755766191625 0.0004565715789794922 0
1755766201662 0.0004074573516845703 0
1755766211700 0.00040221214294433594 0
1755766221737 0.0004551410675048828 0
1755766231772 0.0004112720489501953 0
1755766241807 0.00042819976806640625 0
1755766251851 0.0004105567932128906 0
1755766261885 0.0004215240478515625 0
1755766271918 0.0004086494445800781 0
1755766281954 0.0004143714904785156 0
1755766291990 0.00041103363037109375 0
1755766302026 0.00041556358337402344 0
1755766312063 0.0003998279571533203 0
1755766322099 0.0004200935363769531 0
1755766332134 0.00042724609375 0
1755766342171 0.00040030479431152344 0
1755766352206 0.00040078163146972656 0
1755766362242 0.00041174888610839844 0
1755766372282 0.0004279613494873047 0
1755766382322 0.0004069805145263672 0
1755766392357 0.00044083595275878906 0
1755766402391 0.0003941059112548828 0
1755766412426 0.00041866302490234375 0
1755766422471 0.0004341602325439453 0
1755766432505 0.000408172607421875 0
1755766442540 0.0004024505615234375 0
1755766452579 0.0004239082336425781 0
1755766462614 0.0004322528839111328 0
1755766472649 0.0004169940948486328 0
1755766482684 0.00042748451232910156 0
1755766492720 0.00040435791015625 0
1755766502758 0.0004303455352783203 0
1755766512791 0.00042057037353515625 0
1755766522828 0.00040030479431152344 0
1755766532862 0.00041413307189941406 0
1755766542898 0.0004150867462158203 0
1755766552933 0.00041222572326660156 0
1755766562967 0.0004200935363769531 0
1755766573011 0.00039196014404296875 0
1755766583049 0.0004203319549560547 0
1755766593085 0.0004012584686279297 0
1755766603120 0.00043964385986328125 0
1755766613155 0.0004062652587890625 0
1755766623191 0.0004899501800537109 0
1755766633227 0.0004172325134277344 0
1755766643264 0.0004038810729980469 0
1755766653298 0.0004410743713378906 0
1755766663340 0.00043201446533203125 0
1755766673378 0.0004189014434814453 0
1755766683453 0.0004315376281738281 0
1755766693492 0.0004277229309082031 0
1755766703527 0.0004258155822753906 0
1755766713562 0.00040030479431152344 0
1755766723598 0.0004229545593261719 0
1755766733633 0.00040650367736816406 0
1755766743670 0.00042629241943359375 0
1755766753706 0.0004324913024902344 0
1755766763742 0.00042557716369628906 0
1755766773775 0.0004324913024902344 0
1755766783810 0.00042939186096191406 0
1755766793845 0.0004215240478515625 0
1755766803884 0.00047659873962402344 0
1755766813916 0.00041413307189941406 0
1755766823958 0.0004336833953857422 0
1755766833993 0.0004248619079589844 0
1755766844030 0.00041174888610839844 0
1755766854067 0.00040841102600097656 0
1755766864102 0.00046896934509277344 0
1755766874140 0.0004317760467529297 0
1755766884182 0.0004239082336425781 0
1755766894217 0.00037360191345214844 0
1755766904256 0.00043082237243652344 0
1755766914293 0.00041365623474121094 0
1755766924327 0.00042366981506347656 0
1755766934366 0.0004177093505859375 0
1755766944400 0.0004208087921142578 0
1755766954435 0.00042510032653808594 0
1755766964472 0.000438690185546875 0
1755766974508 0.00041604042053222656 0
1755766984545 0.00041174888610839844 0
1755766994581 0.000415802001953125 0
1755767004615 0.00041222572326660156 0
1755767014652 0.0004405975341796875 0
1755767024688 0.00040602684020996094 0
1755767034722 0.0004019737243652344 0
1755767044757 0.0004057884216308594 0
1755767054789 0.00042819976806640625 0
1755767064824 0.00040340423583984375 0
1755767074857 0.0004074573516845703 0
1755767084898 0.00040793418884277344 0
1755767094933 0.0004711151123046875 0
1755767104966 0.00040221214294433594 0
1755767115001 0.00040078163146972656 0
1755767125036 0.0004115104675292969 0
1755767135071 0.0004100799560546875 0
1755767145108 0.0004508495330810547 0
1755767155146 0.00040030479431152344 0
1755767165185 0.00043082237243652344 0
1755767175224 0.0004429817199707031 0
1755767185257 0.00039505958557128906 0
1755767195290 0.00042748451232910156 0
1755767205326 0.00041866302490234375 0
1755767215385 0.0004229545593261719 0
1755767225420 0.0004410743713378906 0
1755767235453 0.0004181861877441406 0
1755767245488 0.0004203319549560547 0
1755767255531 0.0005402565002441406 0
1755767265571 0.0004303455352783203 0
1755767275609 0.00042939186096191406 0
1755767285648 0.00042557716369628906 0
1755767295691 0.0005185604095458984 0
1755767305729 0.00040459632873535156 0
1755767315764 0.00042128562927246094 0
1755767325798 0.00039958953857421875 0
1755767335836 0.0004115104675292969 0
1755767345872 0.00042939186096191406 0
1755767355908 0.0004353523254394531 0
1755767365943 0.00041174888610839844 0
1755767375984 0.0004024505615234375 0
1755767386028 0.0004315376281738281 0
1755767396066 0.00041031837463378906 0
1755767406103 0.00041365623474121094 0
1755767416138 0.0004200935363769531 0
1755767426174 0.00043892860412597656 0
1755767436211 0.00042366981506347656 0
1755767446246 0.0004324913024902344 0
1755767456282 0.00042939186096191406 0
1755767466318 0.00041031837463378906 0
1755767476351 0.0004222393035888672 0
1755767486390 0.00040340423583984375 0
1755767496425 0.0004267692565917969 0
1755767506465 0.0004315376281738281 0
1755767516499 0.0004322528839111328 0
1755767526535 0.0004093647003173828 0
1755767536567 0.0004127025604248047 0
1755767546603 0.00041365623474121094 0
1755767556642 0.0004398822784423828 0
1755767566682 0.0004379749298095703 0
1755767576722 0.0004277229309082031 0
1755767586760 0.00042700767517089844 0
1755767596797 0.0004055500030517578 0
1755767606833 0.0004172325134277344 0
1755767616868 0.00042891502380371094 0
1755767626909 0.00043487548828125 0
1755767636943 0.00041413307189941406 0
1755767646989 0.0005710124969482422 0
1755767657025 0.00042247772216796875 0
1755767667061 0.0004203319549560547 0
1755767677097 0.00046133995056152344 0
1755767687138 0.00043511390686035156 0
1755767697177 0.0003943443298339844 0
1755767707218 0.0004153251647949219 0
1755767717253 0.0004215240478515625 0
1755767727292 0.0004119873046875 0
1755767737326 0.0004019737243652344 0
1755767747361 0.0004096031188964844 0
1755767757402 0.00040149688720703125 0
1755767767438 0.0004284381866455078 0
1755767777480 0.0004291534423828125 0
1755767787515 0.0004105567932128906 0
1755767797553 0.0005059242248535156 0
1755767807589 0.00042891502380371094 0
1755767817633 0.0004038810729980469 0
1755767827668 0.00048065185546875 0
1755767837702 0.0004253387451171875 0
1755767847739 0.00041103363037109375 0
1755767857775 0.0004239082336425781 0
1755767867811 0.00040841102600097656 0
1755767877847 0.0004096031188964844 0
1755767887881 0.00042057037353515625 0
1755767897916 0.0004222393035888672 0
1755767907951 0.0004696846008300781 0
1755767917988 0.00041675567626953125 0
1755767928023 0.0004210472106933594 0
1755767938061 0.00040078163146972656 0
1755767948099 0.0004334449768066406 0
1755767958134 0.0004851818084716797 0
1755767968172 0.00041294097900390625 0
1755767978209 0.00040268898010253906 0
1755767988249 0.00042176246643066406 0
1755767998285 0.00037932395935058594 0
1755768008320 0.00042128562927246094 0
1755768018355 0.00041794776916503906 0
1755768028391 0.00040912628173828125 0
1755768038426 0.0004241466522216797 0
1755768048465 0.0004253387451171875 0
1755768058500 0.00045228004455566406 0
1755768068536 0.0004074573516845703 0
1755768078572 0.00043129920959472656 0
1755768088608 0.0004172325134277344 0
1755768098642 0.0004200935363769531 0
1755768108679 0.00040078163146972656 0
1755768118714 0.0004277229309082031 0
1755768128750 0.00041294097900390625 0
1755768138788 0.0005424022674560547 0
1755768148829 0.0004241466522216797 0
1755768158863 0.00042438507080078125 0
1755768168899 0.00041985511779785156 0
1755768178934 0.0004203319549560547 0
1755768188968 0.00041961669921875 0
1755768199004 0.00042176246643066406 0
1755768209042 0.0004119873046875 0
1755768219080 0.00043773651123046875 0
1755768229116 0.0004146099090576172 0
1755768239153 0.00041604042053222656 0
1755768249188 0.0004010200500488281 0
1755768259227 0.0004076957702636719 0
1755768269261 0.00041675567626953125 0
1755768279299 0.00044417381286621094 0
1755768289335 0.0004334449768066406 0
1755768299374 0.000415802001953125 0
1755768309407 0.0004100799560546875 0
1755768319443 0.00040650367736816406 0
1755768329483 0.00041866302490234375 0
1755768339518 0.0004131793975830078 0
1755768349553 0.00041961669921875 0
1755768359587 0.00041294097900390625 0
1755768369624 0.0004172325134277344 0
1755768379661 0.0004134178161621094 0
1755768389696 0.0004107952117919922 0
1755768399729 0.0004191398620605469 0
1755768409768 0.0004127025604248047 0
1755768419810 0.0004057884216308594 0
1755768429845 0.00044035911560058594 0
1755768439878 0.0004048347473144531 0
1755768449913 0.0004093647003173828 0
1755768459951 0.00041103363037109375 0
1755768469984 0.0004010200500488281 0
1755768480020 0.0004150867462158203 0
1755768490056 0.00040793418884277344 0
1755768500095 0.0004038810729980469 0
1755768510133 0.0004222393035888672 0
1755768520167 0.0004146099090576172 0
1755768530204 0.0004134178161621094 0
1755768540243 0.00041413307189941406 0
1755768550277 0.0003809928894042969 0
1755768560319 0.0004093647003173828 0
1755768570357 0.00042510032653808594 0
1755768580394 0.00042319297790527344 0
1755768590430 0.0003972053527832031 0
1755768600469 0.0004286766052246094 0
1755768610509 0.00043082237243652344 0
1755768620547 0.00040602684020996094 0
1755768630590 0.00043892860412597656 0
1755768640623 0.0004191398620605469 0
1755768650662 0.0004208087921142578 0
1755768660700 0.0004315376281738281 0
1755768670735 0.0004317760467529297 0
1755768680772 0.0004336833953857422 0
1755768690811 0.0004055500030517578 0
1755768700852 0.0004127025604248047 0
1755768710902 0.0004000663757324219 0
1755768720940 0.000408172607421875 0
1755768730975 0.00040149688720703125 0
1755768741017 0.0004374980926513672 0
1755768751050 0.0004150867462158203 0
1755768761085 0.00047469139099121094 0
1755768771120 0.0004048347473144531 0
1755768781164 0.00044465065002441406 0
1755768791200 0.0004177093505859375 0
1755768801239 0.00044608116149902344 0
1755768811276 0.00041985511779785156 0
1755768821311 0.00042176246643066406 0
1755768831347 0.0004088878631591797 0
1755768841385 0.0004024505615234375 0
1755768851421 0.0004374980926513672 0
1755768861456 0.00047135353088378906 0
1755768871492 0.00041031837463378906 0
1755768881526 0.0004374980926513672 0
1755768891564 0.00042557716369628906 0
1755768901603 0.00040912628173828125 0
1755768911639 0.00041675567626953125 0
1755768921679 0.00042939186096191406 0
1755768931716 0.0003993511199951172 0
1755768941752 0.00043129920959472656 0
1755768951786 0.00043773651123046875 0
1755768961827 0.0004150867462158203 0
1755768971861 0.0004239082336425781 0
1755768981898 0.00041604042053222656 0
1755768991937 0.0004229545593261719 0
1755769001969 0.00042057037353515625 0
1755769012008 0.0004100799560546875 0
1755769022046 0.0004169940948486328 0
1755769032083 0.0004284381866455078 0
1755769042124 0.00039315223693847656 0
1755769052157 0.0004131793975830078 0
1755769062189 0.0003871917724609375 0
1755769072223 0.00043892860412597656 0
1755769082255 0.00039386749267578125 0
1755769092289 0.000385284423828125 0
1755769102325 0.0004134178161621094 0
1755769112360 0.0004031658172607422 0
1755769122396 0.00041985511779785156 0
1755769132430 0.0004138946533203125 0
1755769142465 0.00040912628173828125 0
1755769152499 0.0004134178161621094 0
1755769162537 0.0007312297821044922 0
1755769172579 0.0004229545593261719 0
1755769182611 0.0008578300476074219 0
1755769192647 0.00040841102600097656 0
1755769202685 0.0004172325134277344 0
1755769212723 0.0004286766052246094 0
1755769222758 0.0004150867462158203 0
1755769232792 0.00042724609375 0
1755769242829 0.0004055500030517578 0
1755769252865 0.0003902912139892578 0
1755769262906 0.0004055500030517578 0
1755769272947 0.00041556358337402344 0
1755769282983 0.00041031837463378906 0
1755769293020 0.00041222572326660156 0
1755769303054 0.00046539306640625 0
1755769313092 0.00048804283142089844 0
1755769323128 0.0004603862762451172 0
1755769333163 0.00045800209045410156 0
1755769343200 0.00041794776916503906 0
1755769353236 0.0004055500030517578 0
1755769363277 0.0004894733428955078 0
1755769373315 0.0004215240478515625 0
1755769383358 0.00041174888610839844 0
1755769393401 0.00042819976806640625 0
1755769403438 0.0004315376281738281 0
1755769413471 0.00042319297790527344 0
1755769423504 0.0004291534423828125 0
1755769433538 0.0004322528839111328 0
1755769443573 0.0004324913024902344 0
1755769453610 0.0004360675811767578 0
1755769463648 0.00048065185546875 0
1755769473683 0.0004143714904785156 0
1755769483716 0.0004067420959472656 0
1755769493753 0.00042629241943359375 0
1755769503787 0.0003998279571533203 0
1755769513823 0.00041294097900390625 0
1755769523861 0.0004153251647949219 0
1755769533894 0.0004544258117675781 0
1755769543930 0.0004360675811767578 0
1755769553967 0.0004055500030517578 0
1755769564003 0.00042057037353515625 0
1755769574039 0.00042366981506347656 0
1755769584078 0.00048804283142089844 0
1755769594116 0.0004200935363769531 0
1755769604150 0.0004150867462158203 0
1755769614188 0.0004355907440185547 0
1755769624222 0.00044465065002441406 0
1755769634256 0.0004105567932128906 0
1755769644297 0.00040078163146972656 0
1755769654333 0.0003724098205566406 0
1755769664369 0.0004241466522216797 0
1755769674404 0.0004177093505859375 0
1755769684440 0.00040340423583984375 0
1755769694475 0.0007753372192382812 0
1755769704511 0.0004265308380126953 0
1755769714545 0.0003981590270996094 0
1755769724584 0.0004146099090576172 0
1755769734620 0.00045180320739746094 0
1755769744654 0.00040030479431152344 0
1755769754692 0.0004329681396484375 0
1755769764733 0.00043320655822753906 0
1755769774770 0.0004131793975830078 0
1755769784807 0.0004169940948486328 0
1755769794840 0.0004127025604248047 0
1755769804914 0.0004513263702392578 0
1755769814950 0.0004956722259521484 0
1755769824994 0.0004684925079345703 0
1755769835028 0.0004367828369140625 0
1755769845063 0.00041174888610839844 0
1755769855098 0.000423431396484375 0
1755769865140 0.0004062652587890625 0
1755769875174 0.0004372596740722656 0
1755769885211 0.00043082237243652344 0
1755769895257 0.00042319297790527344 0
1755769905298 0.0003986358642578125 0
1755769915337 0.0003972053527832031 0
1755769925372 0.00039696693420410156 0
1755769935408 0.00041866302490234375 0
1755769945445 0.00041961669921875 0
1755769955483 0.00040531158447265625 0
1755769965519 0.00042247772216796875 0
1755769975557 0.00039076805114746094 0
1755769985593 0.00042438507080078125 0
1755769995630 0.0004267692565917969 0
1755770005669 0.0004227161407470703 0
1755770015706 0.00041985511779785156 0
1755770025744 0.00045800209045410156 0
1755770035782 0.0004329681396484375 0
1755770045817 0.0004200935363769531 0
1755770055853 0.0004172325134277344 0
1755770065889 0.0004165172576904297 0
1755770075925 0.00043082237243652344 0
1755770085963 0.00041174888610839844 0
1755770095999 0.00041103363037109375 0
1755770106032 0.0004127025604248047 0
1755770116089 0.00043320655822753906 0
1755770126125 0.0004203319549560547 0
1755770136162 0.00041937828063964844 0
1755770146199 0.0004210472106933594 0
1755770156235 0.0004360675811767578 0
1755770166275 0.00043511390686035156 0
1755770176310 0.0004138946533203125 0
1755770186346 0.0004050731658935547 0
1755770196383 0.0004162788391113281 0
1755770206419 0.00045561790466308594 0
1755770216461 0.000415802001953125 0
1755770226494 0.0004398822784423828 0
1755770236529 0.00041604042053222656 0
1755770246565 0.000400543212890625 0
1755770256600 0.0004088878631591797 0
1755770266638 0.0004334449768066406 0
1755770276675 0.0004181861877441406 0
1755770286709 0.0004029273986816406 0
1755770296746 0.0004191398620605469 0
1755770306780 0.00043320655822753906 0
1755770316816 0.0004093647003173828 0
1755770326852 0.0004029273986816406 0
1755770336888 0.0004074573516845703 0
1755770346923 0.0004215240478515625 0
1755770356956 0.0003998279571533203 0
1755770366991 0.0004417896270751953 0
1755770377028 0.0004241466522216797 0
1755770387065 0.0004076957702636719 0
1755770397101 0.0004067420959472656 0
1755770407136 0.0004093647003173828 0
1755770417175 0.0004115104675292969 0
1755770427214 0.0004153251647949219 0
1755770437248 0.0004086494445800781 0
1755770447283 0.0004260540008544922 0
1755770457322 0.0004138946533203125 0
1755770467358 0.0004131793975830078 0
1755770477390 0.0004038810729980469 0
1755770487427 0.0004189014434814453 0
1755770497465 0.0004038810729980469 0
1755770507503 0.0004978179931640625 0
1755770517539 0.00043320655822753906 0
1755770527575 0.0004055500030517578 0
1755770537612 0.00041484832763671875 0
1755770547649 0.0004119873046875 0
1755770557686 0.0004489421844482422 0
1755770567720 0.00041675567626953125 0
1755770577754 0.00042366981506347656 0
1755770587790 0.000400543212890625 0
1755770597832 0.0004107952117919922 0
1755770607865 0.00041961669921875 0
1755770617900 0.00041747093200683594 0
1755770627934 0.000461578369140625 0
1755770637971 0.00039958953857421875 0
1755770648010 0.0004177093505859375 0
1755770658051 0.00041604042053222656 0
1755770668088 0.0004210472106933594 0
1755770678124 0.0004069805145263672 0
1755770688160 0.00038743019104003906 0
1755770698198 0.0004253387451171875 0
1755770708238 0.0004115104675292969 0
1755770718274 0.0004055500030517578 0
1755770728306 0.0004172325134277344 0
1755770738341 0.0004215240478515625 0
1755770748415 0.00041985511779785156 0
1755770758451 0.0004324913024902344 0
1755770768490 0.00042748451232910156 0
1755770778562 0.00041031837463378906 0
1755770788600 0.0004267692565917969 0
1755770798640 0.0004105567932128906 0
1755770808678 0.0004036426544189453 0
1755770818713 0.0004322528839111328 0
1755770828750 0.00041413307189941406 0
1755770838801 0.0006117820739746094 0
1755770848837 0.0004093647003173828 0
1755770858876 0.0004119873046875 0
1755770868914 0.0004119873046875 0
1755770878953 0.0004589557647705078 0
1755770888988 0.0004057884216308594 0
1755770899024 0.0004329681396484375 0
1755770909060 0.00043082237243652344 0
1755770919095 0.00040650367736816406 0
1755770929130 0.0004398822784423828 0
1755770939169 0.00042438507080078125 0
1755770949209 0.0004324913024902344 0
1755770959245 0.00040912628173828125 0
1755770969281 0.0004258155822753906 0
1755770979317 0.0004138946533203125 0
1755770989356 0.00040602684020996094 0
1755770999393 0.0004184246063232422 0
1755771009431 0.0003876686096191406 0
1755771019474 0.0005707740783691406 0
1755771029510 0.0003993511199951172 0
1755771039546 0.00040435791015625 0
1755771049583 0.0004115104675292969 0
1755771059619 0.0004208087921142578 0
1755771069654 0.0004172325134277344 0
1755771079695 0.0004105567932128906 0
1755771089732 0.0004067420959472656 0
1755771099777 0.00044274330139160156 0
1755771109815 0.00043582916259765625 0
1755771119852 0.00042319297790527344 0
1755771129889 0.0004038810729980469 0
1755771139924 0.000400543212890625 0
1755771149959 0.0004341602325439453 0
1755771159995 0.00041985511779785156 0
1755771170037 0.00045990943908691406 0
1755771180073 0.00042629241943359375 0
1755771190109 0.000423431396484375 0
1755771200144 0.0004127025604248047 0
1755771210181 0.0004162788391113281 0
1755771220222 0.00048279762268066406 0
1755771230256 0.00047087669372558594 0
1755771240293 0.00040602684020996094 0
1755771250328 0.0004215240478515625 0
1755771260363 0.0004267692565917969 0
1755771270398 0.0003986358642578125 0
1755771280435 0.0004067420959472656 0
1755771290468 0.00040650367736816406 0
1755771300505 0.00042176246643066406 0
1755771310543 0.00041794776916503906 0
1755771320579 0.0004143714904785156 0
1755771330612 0.0004203319549560547 0
1755771340651 0.0004100799560546875 0
1755771350683 0.0004069805145263672 0
1755771360718 0.00042819976806640625 0
1755771370757 0.0004286766052246094 0
1755771380801 0.00041866302490234375 0
1755771390833 0.00045752525329589844 0
1755771400870 0.0004482269287109375 0
1755771410903 0.00041937828063964844 0
1755771420939 0.0004074573516845703 0
1755771430978 0.0004367828369140625 0
1755771441017 0.00039649009704589844 0
1755771451055 0.0004367828369140625 0
1755771461091 0.0004799365997314453 0
1755771471126 0.00041294097900390625 0
1755771481161 0.0004620552062988281 0
1755771491197 0.0004093647003173828 0
1755771501231 0.0004341602325439453 0
1755771511272 0.0004134178161621094 0
1755771521311 0.0004210472106933594 0
1755771531384 0.0004363059997558594 0
1755771541420 0.00041675567626953125 0
1755771551455 0.0004069805145263672 0
1755771561491 0.0004177093505859375 0
1755771571530 0.0004222393035888672 0
1755771581567 0.000438690185546875 0
1755771591605 0.0004088878631591797 0
1755771601641 0.0004107952117919922 0
1755771611686 0.0003941059112548828 0
1755771621722 0.0004146099090576172 0
1755771631761 0.00042438507080078125 0
1755771641799 0.00041985511779785156 0
1755771651833 0.00042366981506347656 0
1755771661872 0.0004127025604248047 0
1755771671909 0.00041103363037109375 0
1755771681945 0.00042247772216796875 0
1755771691980 0.0004088878631591797 0
1755771702017 0.0005595684051513672 0
1755771712051 0.00046181678771972656 0
1755771722087 0.00042319297790527344 0
1755771732130 0.0004379749298095703 0
1755771742165 0.0004284381866455078 0
1755771752201 0.0004088878631591797 0
1755771762236 0.00045299530029296875 0
1755771772272 0.0004093647003173828 0
1755771782313 0.000431060791015625 0
1755771792350 0.0005662441253662109 0
1755771802387 0.00044918060302734375 0
1755771812423 0.0004057884216308594 0
1755771822458 0.00042176246643066406 0
1755771832498 0.000415802001953125 0
1755771842536 0.0004277229309082031 0
1755771852574 0.0004048347473144531 0
1755771862612 0.0004239082336425781 0
1755771872648 0.0004165172576904297 0
1755771882684 0.00044226646423339844 0
1755771892722 0.0004150867462158203 0
1755771902758 0.00040721893310546875 0
1755771912794 0.0004115104675292969 0
1755771922839 0.0004181861877441406 0
1755771932878 0.0004317760467529297 0
1755771942914 0.0004241466522216797 0
1755771952952 0.0004062652587890625 0
1755771962987 0.000423431396484375 0
1755771973023 0.0006084442138671875 0
1755771983060 0.0004279613494873047 0
1755771993100 0.0004391670227050781 0
1755772003137 0.0004162788391113281 0
1755772013172 0.0005388259887695312 0
1755772023212 0.000438690185546875 0
1755772033246 0.00042748451232910156 0
1755772043288 0.0004093647003173828 0
1755772053326 0.00041413307189941406 0
1755772063362 0.00040793418884277344 0
1755772073398 0.0004367828369140625 0
1755772083433 0.00040411949157714844 0
1755772093471 0.00043487548828125 0
1755772103508 0.0004317760467529297 0
1755772113544 0.0004191398620605469 0
1755772123578 0.0004534721374511719 0
1755772133614 0.00040411949157714844 0
1755772143653 0.0005393028259277344 0
1755772153688 0.0004057884216308594 0
1755772163724 0.00041961669921875 0
1755772173759 0.0004928112030029297 0
1755772183794 0.0004298686981201172 0
1755772193836 0.00044989585876464844 0
1755772203872 0.0005552768707275391 0
1755772213908 0.0004229545593261719 0
1755772223942 0.00041413307189941406 0
1755772233980 0.0004165172576904297 0
1755772244017 0.0004165172576904297 0
1755772254056 0.0004239082336425781 0
1755772264095 0.00043463706970214844 0
1755772274130 0.00043320655822753906 0
1755772284172 0.00043463706970214844 0
1755772294247 0.0008327960968017578 0
1755772304286 0.0005669593811035156 0
1755772314320 0.0005373954772949219 0
1755772324362 0.0005700588226318359 0
1755772334396 0.00048351287841796875 0
1755772344428 0.00060272216796875 0
1755772354466 0.0005469322204589844 0
1755772364505 0.00037479400634765625 0
1755772374549 0.0004019737243652344 0
1755772384585 0.0004191398620605469 0
1755772394622 0.0004928112030029297 0
1755772404672 0.0005326271057128906 0
1755772414704 0.0004260540008544922 0
1755772424740 0.0004088878631591797 0
1755772434775 0.0004456043243408203 0
1755772444815 0.0011191368103027344 0
1755772454852 0.000423431396484375 0
1755772464893 0.0004050731658935547 0
1755772474935 0.00042366981506347656 0
1755772484970 0.0004124641418457031 0
1755772495004 0.0004105567932128906 0
1755772505039 0.00041985511779785156 0
1755772515079 0.00044345855712890625 0
1755772525115 0.0004074573516845703 0
1755772535152 0.00042819976806640625 0
1755772545188 0.00040721893310546875 0
1755772555225 0.0004143714904785156 0
1755772565261 0.00040602684020996094 0
1755772575296 0.0004341602325439453 0
1755772585334 0.0004394054412841797 0
1755772595373 0.00038552284240722656 0
1755772605409 0.0004105567932128906 0
1755772615446 0.0004279613494873047 0
1755772625480 0.00041365623474121094 0
1755772635514 0.000423431396484375 0
1755772645555 0.0005135536193847656 0
1755772655592 0.0004146099090576172 0
1755772665631 0.00042629241943359375 0
1755772675666 0.00043082237243652344 0
1755772685710 0.0004305839538574219 0
1755772695749 0.00041604042053222656 0
1755772705786 0.0004112720489501953 0
1755772715821 0.00042724609375 0
1755772725857 0.0004177093505859375 0
1755772735892 0.00041985511779785156 0
1755772745927 0.0004315376281738281 0
1755772755966 0.00042557716369628906 0
1755772766001 0.0004279613494873047 0
1755772776037 0.0004208087921142578 0
1755772786077 0.0004336833953857422 0
1755772796112 0.0004558563232421875 0
1755772806145 0.0004239082336425781 0
1755772816183 0.0004019737243652344 0
1755772826219 0.0004134178161621094 0
1755772836258 0.0005037784576416016 0
1755772846294 0.0004210472106933594 0
1755772856333 0.0005023479461669922 0
1755772866372 0.00048470497131347656 0
1755772876409 0.0004382133483886719 0
1755772886445 0.00042176246643066406 0
1755772896482 0.00041866302490234375 0
1755772906514 0.0004360675811767578 0
1755772916549 0.0004153251647949219 0
1755772926588 0.0004267692565917969 0
1755772936624 0.0004222393035888672 0
1755772946659 0.0004112720489501953 0
1755772956695 0.00042700767517089844 0
1755772966731 0.00042366981506347656 0
1755772976765 0.0004296302795410156 0
1755772986801 0.00042366981506347656 0
1755772996835 0.00040531158447265625 0
1755773006873 0.0004189014434814453 0
1755773016910 0.0004200935363769531 0
1755773026944 0.0004000663757324219 0
1755773036981 0.0004031658172607422 0
1755773047017 0.0004191398620605469 0
1755773057057 0.00041484832763671875 0
1755773067090 0.0004143714904785156 0
1755773077129 0.00043129920959472656 0
1755773087166 0.0004134178161621094 0
1755773097198 0.0004181861877441406 0
1755773107235 0.0004086494445800781 0
1755773117272 0.0004019737243652344 0
1755773127307 0.0004024505615234375 0
1755773137343 0.0004248619079589844 0
1755773147378 0.0004069805145263672 0
1755773157417 0.00040602684020996094 0
1755773167454 0.00048828125 0
1755773177491 0.00042128562927246094 0
1755773187524 0.00043320655822753906 0
1755773197560 0.00040340423583984375 0
1755773207597 0.0004031658172607422 0
1755773217635 0.0004203319549560547 0
1755773227677 0.00040221214294433594 0
1755773237717 0.0004131793975830078 0
1755773247760 0.0004019737243652344 0
1755773257793 0.00042629241943359375 0
1755773267826 0.00042819976806640625 0
1755773277866 0.0004208087921142578 0
1755773287905 0.00041365623474121094 0
1755773297940 0.0004372596740722656 0
1755773307976 0.00048613548278808594 0
1755773318014 0.0004138946533203125 0
1755773328051 0.0005602836608886719 0
1755773338086 0.0004184246063232422 0
1755773348119 0.0004200935363769531 0
1755773358154 0.00042319297790527344 0
1755773368193 0.0004115104675292969 0
1755773378233 0.0004532337188720703 0
1755773388272 0.00042510032653808594 0
1755773398307 0.0004279613494873047 0
1755773408342 0.0004184246063232422 0
1755773418382 0.0004367828369140625 0
1755773428418 0.0004124641418457031 0
1755773438461 0.0004303455352783203 0
1755773448496 0.0004115104675292969 0
1755773458532 0.0004189014434814453 0
1755773468574 0.00042891502380371094 0
1755773478611 0.0004162788391113281 0
1755773488647 0.0004627704620361328 0
1755773498688 0.0004165172576904297 0
1755773508727 0.0004146099090576172 0
1755773518765 0.0004222393035888672 0
1755773528814 0.0004794597625732422 0
1755773538854 0.0004305839538574219 0
1755773548891 0.0003972053527832031 0
1755773558934 0.0004177093505859375 0
1755773568971 0.0004215240478515625 0
1755773579006 0.0003948211669921875 0
1755773589040 0.0004048347473144531 0
1755773599085 0.0004169940948486328 0
1755773609117 0.0004291534423828125 0
1755773619190 0.00041747093200683594 0
1755773629224 0.00040149688720703125 0
1755773639257 0.00042891502380371094 0
1755773649290 0.0004191398620605469 0
1755773659325 0.00042510032653808594 0
1755773669360 0.0004417896270751953 0
1755773679396 0.00041604042053222656 0
1755773689433 0.00041866302490234375 0
1755773699468 0.0004172325134277344 0
1755773709504 0.0004355907440185547 0
1755773719542 0.0004227161407470703 0
1755773729577 0.00042891502380371094 0
1755773739614 0.0004153251647949219 0
1755773749648 0.0004038810729980469 0
1755773759688 0.0004711151123046875 0
1755773769727 0.0004069805145263672 0
1755773779766 0.0004162788391113281 0
1755773789801 0.0005018711090087891 0
1755773799835 0.00041365623474121094 0
1755773809869 0.00039768218994140625 0
1755773819903 0.00040531158447265625 0
1755773829939 0.0004177093505859375 0
1755773839975 0.00042939186096191406 0
1755773850010 0.0004189014434814453 0
1755773860047 0.0004999637603759766 0
1755773870083 0.00046443939208984375 0
1755773880117 0.00042939186096191406 0
1755773890155 0.0004010200500488281 0
1755773900189 0.00042939186096191406 0
1755773910229 0.00041174888610839844 0
1755773920265 0.0003960132598876953 0
1755773930340 0.0003952980041503906 0
1755773940381 0.0004215240478515625 0
1755773950420 0.0004410743713378906 0
1755773960456 0.00042724609375 0
1755773970492 0.000415802001953125 0
1755773980526 0.0004284381866455078 0
1755773990564 0.00043129920959472656 0
1755774000599 0.0004551410675048828 0
1755774010637 0.00040149688720703125 0
1755774020677 0.0004067420959472656 0
1755774030712 0.0004367828369140625 0
1755774040746 0.0004379749298095703 0
1755774050786 0.00040411949157714844 0
1755774060821 0.0004208087921142578 0
1755774070857 0.0004096031188964844 0
1755774080893 0.0004000663757324219 0
1755774090928 0.00042247772216796875 0
1755774100967 0.0004229545593261719 0
1755774111005 0.00047087669372558594 0
1755774121045 0.00040912628173828125 0
1755774131084 0.0004379749298095703 0
1755774141119 0.00042128562927246094 0
1755774151157 0.0004210472106933594 0
1755774161192 0.0004057884216308594 0
1755774171227 0.0004131793975830078 0
1755774181264 0.0004200935363769531 0
1755774191301 0.00040030479431152344 0
1755774201341 0.000415802001953125 0
1755774211378 0.000400543212890625 0
1755774221414 0.0004489421844482422 0
1755774231453 0.00042557716369628906 0
1755774241489 0.0004260540008544922 0
1755774251522 0.0004050731658935547 0
1755774261562 0.00042939186096191406 0
1755774271601 0.00041866302490234375 0
1755774281644 0.0004305839538574219 0
1755774291681 0.0004138946533203125 0
1755774301720 0.00043201446533203125 0
1755774311754 0.00042557716369628906 0
1755774321791 0.0004055500030517578 0
1755774331825 0.00042891502380371094 0
1755774341862 0.0004119873046875 0
1755774351896 0.00043129920959472656 0
1755774361934 0.0003974437713623047 0
1755774371969 0.0004057884216308594 0
1755774382005 0.00041961669921875 0
1755774392039 0.0004646778106689453 0
1755774402075 0.0004227161407470703 0
1755774412110 0.00038886070251464844 0
1755774422149 0.0004191398620605469 0
1755774432187 0.0004096031188964844 0
1755774442225 0.0004138946533203125 0
1755774452259 0.00040030479431152344 0
1755774462296 0.0004305839538574219 0
1755774472333 0.00041103363037109375 0
1755774482369 0.0004241466522216797 0
1755774492403 0.0004169940948486328 0
1755774502438 0.00048089027404785156 0
1755774512473 0.0004024505615234375 0
1755774522514 0.0004134178161621094 0
1755774532549 0.0004248619079589844 0
1755774542581 0.00041413307189941406 0
1755774552617 0.0004458427429199219 0
1755774562650 0.0004634857177734375 0
1755774572691 0.00043773651123046875 0
1755774582722 0.0004138946533203125 0
1755774592757 0.0004069805145263672 0
1755774602796 0.0004093647003173828 0
1755774612832 0.00046443939208984375 0
1755774622869 0.0004222393035888672 0
1755774632907 0.0004134178161621094 0
1755774642940 0.00041222572326660156 0
1755774652977 0.000438690185546875 0
1755774663014 0.00042819976806640625 0
1755774673053 0.0004229545593261719 0
1755774683090 0.00046825408935546875 0
1755774693123 0.00040841102600097656 0
1755774703156 0.000408172607421875 0
1755774713192 0.00039768218994140625 0
1755774723233 0.00041031837463378906 0
1755774733271 0.0005626678466796875 0
1755774743310 0.00042128562927246094 0
1755774753353 0.00040912628173828125 0
1755774763393 0.0004105567932128906 0
1755774773427 0.0004096031188964844 0
1755774783464 0.00042629241943359375 0
1755774793501 0.00043201446533203125 0
1755774803550 0.0004050731658935547 0
1755774813592 0.0004165172576904297 0
1755774823630 0.00042939186096191406 0
1755774833673 0.00043082237243652344 0
1755774843709 0.0004000663757324219 0
1755774853743 0.0004210472106933594 0
1755774863784 0.000457763671875 0
1755774873822 0.0004181861877441406 0
1755774883856 0.00041103363037109375 0
1755774893896 0.00043129920959472656 0
1755774903934 0.0004131793975830078 0
1755774913966 0.00044918060302734375 0
1755774923999 0.00044918060302734375 0
1755774934033 0.0003921985626220703 0
1755774944072 0.0004177093505859375 0
1755774954114 0.0004930496215820312 0
1755774964150 0.0004181861877441406 0
1755774974186 0.000423431396484375 0
1755774984222 0.0004589557647705078 0
1755774994260 0.00042939186096191406 0
1755775004299 0.0004177093505859375 0
1755775014335 0.00042366981506347656 0
1755775024377 0.0004420280456542969 0
1755775034415 0.00040459632873535156 0
1755775044449 0.0004162788391113281 0
1755775054485 0.0004010200500488281 0
1755775064519 0.0004298686981201172 0
1755775074551 0.00042247772216796875 0
1755775084588 0.00043010711669921875 0
1755775094627 0.0003974437713623047 0
1755775104664 0.0005092620849609375 0
1755775114701 0.0004203319549560547 0
1755775124737 0.0004050731658935547 0
1755775134771 0.00041484832763671875 0
1755775144804 0.00043892860412597656 0
1755775154840 0.0004143714904785156 0
1755775164878 0.0004019737243652344 0
1755775174918 0.0003972053527832031 0
1755775184956 0.000415802001953125 0
1755775194995 0.0004596710205078125 0
1755775205035 0.0005064010620117188 0
1755775215071 0.0004181861877441406 0
1755775225107 0.0004153251647949219 0
1755775235147 0.00041484832763671875 0
1755775245185 0.000423431396484375 0
1755775255221 0.00044727325439453125 0
1755775265260 0.0004062652587890625 0
1755775275297 0.0004181861877441406 0
1755775285371 0.0004220008850097656 0
1755775295406 0.000492095947265625 0
1755775305454 0.0004317760467529297 0
1755775315487 0.00041866302490234375 0
1755775325524 0.0004048347473144531 0
1755775335560 0.0004017353057861328 0
1755775345599 0.0004181861877441406 0
1755775355641 0.00040602684020996094 0
1755775365677 0.00042939186096191406 0
1755775375712 0.00040912628173828125 0
1755775385750 0.0004093647003173828 0
1755775395789 0.0004291534423828125 0
1755775405825 0.00043654441833496094 0
1755775415864 0.0004017353057861328 0
1755775425898 0.000408172607421875 0
1755775435933 0.00042629241943359375 0
1755775445968 0.0004229545593261719 0
1755775456005 0.0004260540008544922 0
1755775466040 0.0004260540008544922 0
1755775476076 0.00040268898010253906 0
1755775486114 0.00041222572326660156 0
1755775496155 0.0004093647003173828 0
1755775506192 0.0004177093505859375 0
1755775516229 0.00041294097900390625 0
1755775526270 0.0004928112030029297 0
1755775536308 0.0005011558532714844 0
1755775546344 0.00044798851013183594 0
1755775556382 0.00041413307189941406 0
1755775566417 0.00042247772216796875 0
1755775576456 0.00042510032653808594 0
1755775586529 0.0004208087921142578 0
1755775596573 0.00043773651123046875 0
1755775606609 0.00040459632873535156 0
1755775616644 0.0004336833953857422 0
1755775626682 0.00041675567626953125 0
1755775636721 0.00042319297790527344 0
1755775646753 0.00041103363037109375 0
1755775656787 0.0004334449768066406 0
1755775666822 0.00043892860412597656 0
1755775676862 0.0004246234893798828 0
1755775686897 0.00041675567626953125 0
1755775696936 0.00041484832763671875 0
1755775706972 0.0004229545593261719 0
1755775717008 0.0004291534423828125 0
1755775727046 0.0004334449768066406 0
1755775737080 0.0004253387451171875 0
1755775747115 0.0004019737243652344 0
1755775757149 0.00041985511779785156 0
1755775767188 0.0004184246063232422 0
1755775777224 0.00044155120849609375 0
1755775787260 0.00040912628173828125 0
1755775797296 0.0004029273986816406 0
1755775807333 0.00042629241943359375 0
1755775817372 0.00041866302490234375 0
1755775827405 0.00048422813415527344 0
1755775837442 0.00040912628173828125 0
1755775847477 0.0004277229309082031 0
1755775857512 0.0004153251647949219 0
1755775867548 0.00048279762268066406 0
1755775877583 0.00048613548278808594 0
1755775887618 0.00041985511779785156 0
1755775897657 0.00041866302490234375 0
1755775907693 0.0004184246063232422 0
1755775917727 0.0004038810729980469 0
1755775927767 0.0004150867462158203 0
1755775937803 0.0004100799560546875 0
1755775947842 0.0004057884216308594 0
1755775957876 0.0004076957702636719 0
1755775967911 0.00043201446533203125 0
1755775977944 0.00041174888610839844 0
1755775987979 0.0004203319549560547 0
1755775998015 0.0004124641418457031 0
1755776008051 0.0005619525909423828 0
1755776018090 0.0004096031188964844 0
1755776028132 0.00041961669921875 0
1755776038175 0.0004303455352783203 0
1755776048210 0.0004336833953857422 0
1755776058247 0.0004088878631591797 0
1755776068286 0.00041365623474121094 0
1755776078320 0.00045990943908691406 0
1755776088360 0.00040078163146972656 0
1755776098395 0.0004029273986816406 0
1755776108434 0.0004048347473144531 0
1755776118473 0.0004127025604248047 0
1755776128510 0.0004093647003173828 0
1755776138546 0.0004382133483886719 0
1755776148580 0.00041604042053222656 0
1755776158619 0.0004277229309082031 0
1755776168655 0.00040912628173828125 0
1755776178690 0.000423431396484375 0
1755776188727 0.0004119873046875 0
1755776198767 0.00043582916259765625 0
1755776208803 0.0004398822784423828 0
1755776218840 0.0004134178161621094 0
1755776228875 0.0005762577056884766 0
1755776238911 0.0005304813385009766 0
1755776248949 0.0004029273986816406 0
1755776258986 0.00045299530029296875 0
1755776269024 0.0004343986511230469 0
1755776279058 0.0004067420959472656 0
1755776289092 0.00040459632873535156 0
1755776299128 0.0004112720489501953 0
1755776309165 0.00041675567626953125 0
1755776319197 0.0004115104675292969 0
1755776329232 0.00041937828063964844 0
1755776339266 0.0004127025604248047 0
1755776349302 0.0004210472106933594 0
1755776359337 0.0004317760467529297 0
1755776369372 0.00040221214294433594 0
1755776379408 0.00042557716369628906 0
1755776389443 0.00042366981506347656 0
1755776399481 0.00041294097900390625 0
1755776409525 0.0004382133483886719 0
1755776419560 0.0005092620849609375 0
1755776429604 0.0004189014434814453 0
1755776439640 0.00041222572326660156 0
1755776449678 0.00041747093200683594 0
1755776459713 0.0004086494445800781 0
1755776469749 0.0004260540008544922 0
1755776479783 0.0004038810729980469 0
1755776489817 0.0004584789276123047 0
1755776499852 0.0004334449768066406 0
1755776509888 0.00042366981506347656 0
1755776519924 0.0004191398620605469 0
1755776529961 0.0004911422729492188 0
1755776539997 0.000408172607421875 0
1755776550037 0.0004787445068359375 0
1755776560071 0.00041103363037109375 0
1755776570108 0.0003974437713623047 0
1755776580145 0.00041866302490234375 0
1755776590185 0.00041747093200683594 0
1755776600234 0.00044655799865722656 0
1755776610271 0.0004265308380126953 0
1755776620309 0.0004184246063232422 0
1755776630346 0.00042319297790527344 0
1755776640384 0.0004963874816894531 0
1755776650420 0.00042176246643066406 0
1755776660461 0.0005381107330322266 0
1755776670500 0.0004284381866455078 0
1755776680539 0.00040721893310546875 0
1755776690575 0.0004184246063232422 0
1755776700609 0.00041174888610839844 0
1755776710644 0.00041985511779785156 0
1755776720678 0.00040435791015625 0
1755776730716 0.0004076957702636719 0
1755776740755 0.0004258155822753906 0
1755776750793 0.00041866302490234375 0
1755776760829 0.00041222572326660156 0
1755776770865 0.0004124641418457031 0
1755776780904 0.00042366981506347656 0
1755776790943 0.0004286766052246094 0
1755776800980 0.00048732757568359375 0
1755776811016 0.00041413307189941406 0
1755776821052 0.0004153251647949219 0
1755776831091 0.00046896934509277344 0
1755776841127 0.00042057037353515625 0
1755776851159 0.0004229545593261719 0
1755776861195 0.0004239082336425781 0
1755776871233 0.0004112720489501953 0
1755776881268 0.0004382133483886719 0
1755776891308 0.0004138946533203125 0
1755776901347 0.0005872249603271484 0
1755776911383 0.0003991127014160156 0
1755776921415 0.0004181861877441406 0
1755776931453 0.00042700767517089844 0
1755776941491 0.0004031658172607422 0
1755776951526 0.000408172607421875 0
1755776961563 0.00041556358337402344 0
1755776971600 0.00044727325439453125 0
1755776981637 0.0004303455352783203 0
1755776991674 0.00041675567626953125 0
1755777001711 0.0004360675811767578 0
1755777011749 0.0004134178161621094 0
1755777021794 0.00040459632873535156 0
1755777031830 0.00043582916259765625 0
1755777041865 0.00042748451232910156 0
1755777051909 0.0004024505615234375 0
1755777061946 0.0004143714904785156 0
1755777071986 0.00042128562927246094 0
1755777082024 0.00042510032653808594 0
1755777092058 0.000408172607421875 0
1755777102094 0.0004220008850097656 0
1755777112131 0.0004355907440185547 0
1755777122167 0.0004076957702636719 0
1755777132205 0.00043010711669921875 0
1755777142247 0.00044035911560058594 0
1755777152286 0.0004258155822753906 0
1755777162322 0.00041794776916503906 0
1755777172360 0.0004143714904785156 0
1755777182407 0.00041985511779785156 0
1755777192444 0.0004284381866455078 0
1755777202482 0.00039839744567871094 0
1755777212515 0.0004069805145263672 0
1755777222551 0.0004153251647949219 0
1755777232587 0.00041794776916503906 0
1755777242624 0.00040531158447265625 0
1755777252662 0.00041174888610839844 0
1755777262700 0.00040268898010253906 0
1755777272731 0.00040793418884277344 0
1755777282766 0.0004024505615234375 0
1755777292806 0.0004277229309082031 0
1755777302842 0.00040268898010253906 0
1755777312880 0.0004208087921142578 0
1755777322916 0.0004222393035888672 0
1755777332951 0.0004131793975830078 0
1755777342988 0.0004405975341796875 0
1755777353027 0.0004451274871826172 0
1755777363065 0.0004589557647705078 0
1755777373097 0.0004086494445800781 0
1755777383133 0.0004260540008544922 0
1755777393165 0.00042700767517089844 0
1755777403199 0.0015828609466552734 0
1755777413235 0.0003952980041503906 0
1755777423268 0.0004107952117919922 0
1755777433305 0.0004119873046875 0
1755777443337 0.0004220008850097656 0
1755777453371 0.0004115104675292969 0
1755777463406 0.00041222572326660156 0
1755777473443 0.0004067420959472656 0
1755777483478 0.00041413307189941406 0
1755777493513 0.0004165172576904297 0
1755777503548 0.00040650367736816406 0
1755777513589 0.0004239082336425781 0
1755777523624 0.0004203319549560547 0
1755777533658 0.0004298686981201172 0
1755777543691 0.00041937828063964844 0
1755777553726 0.000408172607421875 0
1755777563764 0.0004107952117919922 0
1755777573803 0.00043272972106933594 0
1755777583836 0.0004169940948486328 0
1755777593872 0.0004265308380126953 0
1755777603909 0.0004210472106933594 0
1755777613948 0.0004334449768066406 0
1755777623987 0.0004169940948486328 0
1755777634021 0.0004048347473144531 0
1755777644056 0.00042557716369628906 0
1755777654091 0.00039315223693847656 0
1755777664130 0.00039649009704589844 0
1755777674169 0.0004820823669433594 0
1755777684201 0.00042319297790527344 0
1755777694235 0.0004124641418457031 0
1755777704271 0.00042176246643066406 0
1755777714307 0.00041675567626953125 0
1755777724345 0.0004093647003173828 0
1755777734378 0.0004291534423828125 0
1755777744413 0.00043320655822753906 0
1755777754451 0.0004191398620605469 0
1755777764487 0.0004487037658691406 0
1755777774523 0.00045680999755859375 0
1755777784562 0.0004210472106933594 0
1755777794596 0.0004138946533203125 0
1755777804632 0.00039839744567871094 0
1755777814667 0.0004138946533203125 0
1755777824703 0.00043463706970214844 0
1755777834744 0.00042510032653808594 0
1755777844781 0.0004074573516845703 0
1755777854823 0.0004031658172607422 0
1755777864862 0.00042557716369628906 0
1755777874907 0.0004379749298095703 0
1755777884943 0.0004444122314453125 0
1755777894983 0.00045180320739746094 0
1755777905016 0.00041556358337402344 0
1755777915052 0.0004220008850097656 0
1755777925088 0.00041604042053222656 0
1755777935127 0.00040984153747558594 0
1755777945196 0.0004215240478515625 0
1755777955271 0.0004379749298095703 0
1755777965314 0.0003955364227294922 0
1755777975348 0.0004792213439941406 0
1755777985389 0.0004177093505859375 0
1755777995431 0.0004189014434814453 0
1755778005465 0.00041031837463378906 0
1755778015537 0.00040268898010253906 0
1755778025572 0.00044798851013183594 0
1755778035608 0.0004146099090576172 0
1755778045643 0.00041747093200683594 0
1755778055682 0.0004138946533203125 0
1755778065720 0.00040602684020996094 0
1755778075758 0.00042748451232910156 0
1755778085793 0.0004127025604248047 0
1755778095829 0.0004191398620605469 0
1755778105868 0.0004374980926513672 0
1755778115900 0.0004069805145263672 0
1755778125935 0.00041174888610839844 0
1755778135975 0.0004153251647949219 0
1755778146008 0.000408172607421875 0
1755778156045 0.0004279613494873047 0
1755778166082 0.0004172325134277344 0
1755778176121 0.0004048347473144531 0
1755778186157 0.0004169940948486328 0
1755778196190 0.0004334449768066406 0
1755778206227 0.00043320655822753906 0
1755778216264 0.00044608116149902344 0
1755778226309 0.0004329681396484375 0
1755778236344 0.0004100799560546875 0
1755778246378 0.0004851818084716797 0
1755778256421 0.00041794776916503906 0
1755778266461 0.00043392181396484375 0
1755778276496 0.0004165172576904297 0
1755778286541 0.00045990943908691406 0
1755778296573 0.00041556358337402344 0
1755778306608 0.00048351287841796875 0
1755778316681 0.0004055500030517578 0
1755778326717 0.0004184246063232422 0
1755778336757 0.00046539306640625 0
1755778346794 0.0004096031188964844 0
1755778356830 0.0004162788391113281 0
1755778366872 0.00042247772216796875 0
1755778376909 0.0004341602325439453 0
1755778386944 0.0004177093505859375 0
1755778396982 0.00047659873962402344 0
1755778407017 0.0004208087921142578 0
1755778417056 0.0004096031188964844 0
1755778427093 0.0004241466522216797 0
1755778437129 0.0004069805145263672 0
1755778447163 0.0003962516784667969 0
1755778457207 0.0004088878631591797 0
1755778467241 0.00042176246643066406 0
1755778477277 0.0004062652587890625 0
1755778487314 0.00041103363037109375 0
1755778497346 0.0004191398620605469 0
1755778507383 0.00040221214294433594 0
1755778517419 0.00040912628173828125 0
1755778527456 0.0004138946533203125 0
1755778537493 0.00041294097900390625 0
1755778547535 0.00041747093200683594 0
1755778557575 0.0004165172576904297 0
1755778567609 0.0004146099090576172 0
1755778577644 0.0004246234893798828 0
1755778587719 0.0004208087921142578 0
1755778597754 0.0004239082336425781 0
1755778607796 0.00044035911560058594 0
1755778617832 0.00042176246643066406 0
1755778627866 0.00041222572326660156 0
1755778637899 0.00039887428283691406 0
1755778647934 0.0004146099090576172 0
1755778657970 0.0004048347473144531 0
1755778668006 0.0004570484161376953 0
1755778678045 0.00040841102600097656 0
1755778688080 0.0004184246063232422 0
1755778698118 0.0004146099090576172 0
1755778708161 0.0004055500030517578 0
1755778718198 0.00040721893310546875 0
1755778728236 0.0004150867462158203 0
1755778738273 0.0004425048828125 0
1755778748307 0.00042724609375 0
1755778758351 0.0004131793975830078 0
1755778768387 0.0004165172576904297 0
1755778778428 0.00041174888610839844 0
1755778788470 0.0004115104675292969 0
1755778798511 0.00042366981506347656 0
1755778808557 0.00043129920959472656 0
1755778818596 0.0004150867462158203 0
1755778828628 0.0004177093505859375 0
1755778838661 0.00042557716369628906 0
1755778848696 0.0004177093505859375 0
1755778858731 0.0004048347473144531 0
1755778868766 0.00042366981506347656 0
1755778878806 0.0004177093505859375 0
1755778888847 0.00043129920959472656 0
1755778898888 0.0004553794860839844 0
1755778908924 0.0004241466522216797 0
1755778918960 0.00043129920959472656 0
1755778929000 0.0004019737243652344 0
1755778939035 0.0005550384521484375 0
1755778949072 0.00041031837463378906 0
1755778959108 0.0004177093505859375 0
1755778969141 0.0005733966827392578 0
1755778979180 0.0004210472106933594 0
1755778989216 0.00044035911560058594 0
1755778999254 0.00043463706970214844 0
1755779009290 0.00040721893310546875 0
1755779019323 0.00041413307189941406 0
1755779029360 0.00042700767517089844 0
1755779039395 0.0004305839538574219 0
1755779049442 0.0004074573516845703 0
1755779059477 0.0004229545593261719 0
1755779069515 0.00043582916259765625 0
1755779079549 0.0004203319549560547 0
1755779089581 0.0004038810729980469 0
1755779099615 0.0004210472106933594 0
1755779109652 0.0004200935363769531 0
1755779119688 0.0004417896270751953 0
1755779129725 0.000469207763671875 0
1755779139757 0.00041222572326660156 0
1755779149794 0.0004444122314453125 0
1755779159833 0.0004336833953857422 0
1755779169868 0.0004057884216308594 0
1755779179904 0.00040531158447265625 0
1755779189940 0.0004248619079589844 0
1755779199975 0.00041961669921875 0
1755779210010 0.00041174888610839844 0
1755779220045 0.0004050731658935547 0
1755779230082 0.0004189014434814453 0
1755779240114 0.0004203319549560547 0
1755779250146 0.0004227161407470703 0
1755779260180 0.0004153251647949219 0
1755779270216 0.00041174888610839844 0
1755779280248 0.00040435791015625 0
1755779290286 0.0004935264587402344 0
1755779300323 0.0004150867462158203 0
1755779310360 0.00041294097900390625 0
1755779320397 0.00041985511779785156 0
1755779330432 0.00041365623474121094 0
1755779340466 0.0004286766052246094 0
1755779350502 0.0004086494445800781 0
1755779360539 0.00042366981506347656 0
1755779370573 0.0004284381866455078 0
1755779380610 0.0005061626434326172 0
1755779390646 0.0004343986511230469 0
1755779400682 0.0004086494445800781 0
1755779410717 0.0004076957702636719 0
1755779420753 0.0004222393035888672 0
1755779430790 0.0004124641418457031 0
1755779440826 0.0004322528839111328 0
1755779450864 0.0004222393035888672 0
1755779460904 0.0004298686981201172 0
1755779470938 0.00039315223693847656 0
1755779480972 0.0004162788391113281 0
1755779491013 0.00040078163146972656 0
1755779501051 0.0005254745483398438 0
1755779511090 0.00041675567626953125 0
1755779521131 0.0004246234893798828 0
1755779531170 0.0004246234893798828 0
1755779541204 0.00044417381286621094 0
1755779551239 0.00042819976806640625 0
1755779561277 0.0004391670227050781 0
1755779571318 0.00041794776916503906 0
1755779581355 0.00042748451232910156 0
1755779591428 0.00041794776916503906 0
1755779601463 0.0004222393035888672 0
1755779611498 0.00042366981506347656 0
1755779621573 0.00042176246643066406 0
1755779631609 0.0004093647003173828 0
1755779641641 0.00041675567626953125 0
1755779651676 0.0004730224609375 0
1755779661717 0.0004353523254394531 0
1755779671756 0.0004267692565917969 0
1755779681792 0.0004000663757324219 0
1755779691826 0.0004220008850097656 0
1755779701865 0.0004165172576904297 0
1755779711902 0.0004215240478515625 0
1755779721937 0.00041031837463378906 0
1755779731973 0.00041556358337402344 0
1755779742005 0.0004439353942871094 0
1755779752041 0.0004742145538330078 0
1755779762075 0.0004055500030517578 0
1755779772110 0.00041365623474121094 0
1755779782146 0.0004017353057861328 0
1755779792183 0.00041675567626953125 0
1755779802216 0.0004031658172607422 0
1755779812255 0.0004172325134277344 0
1755779822289 0.00041103363037109375 0
1755779832325 0.0004215240478515625 0
1755779842363 0.00041174888610839844 0
1755779852398 0.0004134178161621094 0
1755779862435 0.00041365623474121094 0
1755779872470 0.0004062652587890625 0
1755779882507 0.00039839744567871094 0
1755779892544 0.0004191398620605469 0
1755779902583 0.0004138946533203125 0
1755779912619 0.00040435791015625 0
1755779922655 0.00048160552978515625 0
1755779932702 0.0004143714904785156 0
1755779942738 0.0004203319549560547 0
1755779952777 0.00041294097900390625 0
1755779962816 0.0004336833953857422 0
1755779972854 0.0004420280456542969 0
1755779982894 0.00044035911560058594 0
1755779992931 0.0004413127899169922 0
1755780002966 0.0005385875701904297 0
1755780013002 0.00042510032653808594 0
1755780023042 0.00041675567626953125 0
1755780033079 0.0004115104675292969 0
1755780043114 0.0004379749298095703 0
1755780053150 0.00040411949157714844 0
1755780063185 0.0003941059112548828 0
1755780073223 0.00041174888610839844 0
1755780083259 0.0003921985626220703 0
1755780093295 0.0004444122314453125 0
1755780103335 0.0004181861877441406 0
1755780113369 0.00041031837463378906 0
1755780123404 0.0004088878631591797 0
1755780133439 0.0004208087921142578 0
1755780143475 0.0004131793975830078 0
1755780153511 0.0004208087921142578 0
1755780163547 0.00042438507080078125 0
1755780173586 0.0004138946533203125 0
1755780183618 0.00041031837463378906 0
1755780193654 0.0004115104675292969 0
1755780203689 0.0004143714904785156 0
1755780213725 0.00042891502380371094 0
1755780223761 0.00041222572326660156 0
1755780233795 0.00041961669921875 0
1755780243827 0.0004165172576904297 0
1755780253865 0.00042176246643066406 0
1755780263902 0.00041031837463378906 0
1755780273941 0.00039696693420410156 0
1755780283978 0.00041174888610839844 0
1755780294012 0.00040602684020996094 0
1755780304047 0.00042724609375 0
1755780314086 0.0004277229309082031 0
1755780324122 0.0004336833953857422 0
1755780334159 0.0004191398620605469 0
1755780344197 0.00042700767517089844 0
1755780354232 0.000400543212890625 0
1755780364268 0.0004050731658935547 0
1755780374305 0.00041413307189941406 0
1755780384345 0.00043010711669921875 0
1755780394382 0.00043511390686035156 0
1755780404419 0.00042176246643066406 0
1755780414460 0.00040984153747558594 0
1755780424496 0.00041365623474121094 0
1755780434532 0.0004248619079589844 0
1755780444571 0.0004200935363769531 0
1755780454607 0.00042057037353515625 0
1755780464643 0.00041675567626953125 0
1755780474680 0.0004239082336425781 0
1755780484713 0.00042700767517089844 0
1755780494750 0.00042891502380371094 0
1755780504789 0.0004215240478515625 0
1755780514824 0.0004012584686279297 0
1755780524863 0.0004086494445800781 0
1755780534898 0.00040602684020996094 0
1755780544933 0.00042939186096191406 0
1755780554969 0.0004067420959472656 0
1755780565005 0.0004019737243652344 0
1755780575042 0.0004229545593261719 0
1755780585078 0.0004177093505859375 0
1755780595114 0.00041174888610839844 0
1755780605149 0.00046133995056152344 0
1755780615187 0.00042939186096191406 0
1755780625227 0.0004150867462158203 0
1755780635263 0.0004210472106933594 0
1755780645299 0.0004398822784423828 0
1755780655336 0.0004889965057373047 0
1755780665373 0.0003821849822998047 0
1755780675409 0.0004169940948486328 0
1755780685446 0.0004153251647949219 0
1755780695481 0.0004591941833496094 0
1755780705515 0.0004324913024902344 0
1755780715548 0.0004105567932128906 0
1755780725583 0.00042557716369628906 0
1755780735617 0.00041961669921875 0
1755780745656 0.0004355907440185547 0
1755780755692 0.0004069805145263672 0
1755780765735 0.0004489421844482422 0
1755780775771 0.0004062652587890625 0
1755780785807 0.0004096031188964844 0
1755780795845 0.0004105567932128906 0
1755780805885 0.0004138946533203125 0
1755780815921 0.0004189014434814453 0
1755780825963 0.0004131793975830078 0
1755780835997 0.00041866302490234375 0
1755780846036 0.0004315376281738281 0
1755780856071 0.0004711151123046875 0
1755780866109 0.0004057884216308594 0
1755780876146 0.0004036426544189453 0
1755780886179 0.00041985511779785156 0
1755780896215 0.0004124641418457031 0
1755780906253 0.00042748451232910156 0
1755780916289 0.00041413307189941406 0
1755780926324 0.0004010200500488281 0
1755780936359 0.00041556358337402344 0
1755780946399 0.0004870891571044922 0
1755780956435 0.00040984153747558594 0
1755780966470 0.00043654441833496094 0
1755780976509 0.0004191398620605469 0
1755780986544 0.0004203319549560547 0
1755780996580 0.0004048347473144531 0
1755781006616 0.0004177093505859375 0
1755781016658 0.0004165172576904297 0
1755781026694 0.0004143714904785156 0
1755781036729 0.0005011558532714844 0
1755781046764 0.0004284381866455078 0
1755781056803 0.00044918060302734375 0
1755781066838 0.0004191398620605469 0
1755781076873 0.0004086494445800781 0
1755781086946 0.0004239082336425781 0
1755781096981 0.0004172325134277344 0
1755781107057 0.00040650367736816406 0
1755781117094 0.00041222572326660156 0
1755781127129 0.0004303455352783203 0
1755781137166 0.000438690185546875 0
1755781147206 0.00040268898010253906 0
1755781157240 0.00041604042053222656 0
1755781167280 0.0004394054412841797 0
1755781177353 0.000408172607421875 0
1755781187390 0.00041294097900390625 0
1755781197426 0.0004208087921142578 0
1755781207460 0.00042629241943359375 0
1755781217533 0.0004353523254394531 0
1755781227570 0.0004107952117919922 0
1755781237605 0.0004210472106933594 0
1755781247640 0.0004169940948486328 0
1755781257677 0.0004239082336425781 0
1755781267712 0.0004055500030517578 0
1755781277746 0.0004134178161621094 0
1755781287781 0.0004279613494873047 0
1755781297817 0.0003952980041503906 0
1755781307853 0.00045752525329589844 0
1755781317891 0.00041866302490234375 0
1755781327927 0.0004258155822753906 0
1755781337961 0.0004303455352783203 0
1755781347995 0.0004208087921142578 0
1755781358030 0.00043845176696777344 0
1755781368065 0.0004146099090576172 0
1755781378101 0.00042438507080078125 0
1755781388140 0.0004229545593261719 0
1755781398214 0.0004298686981201172 0
1755781408252 0.00041174888610839844 0
1755781418293 0.00045108795166015625 0
1755781428328 0.0005242824554443359 0
1755781438365 0.00042057037353515625 0
1755781448399 0.00042366981506347656 0
1755781458436 0.0004172325134277344 0
1755781468472 0.0004184246063232422 0
1755781478508 0.0004036426544189453 0
1755781488551 0.00040841102600097656 0
1755781498583 0.0003993511199951172 0
1755781508616 0.0004165172576904297 0
1755781518650 0.0004222393035888672 0
1755781528687 0.00041866302490234375 0
1755781538726 0.00038933753967285156 0
1755781548765 0.0003979206085205078 0
1755781558807 0.0004038810729980469 0
1755781568849 0.0004248619079589844 0
1755781578882 0.0004162788391113281 0
1755781588920 0.0004258155822753906 0
1755781598960 0.0004286766052246094 0
1755781608997 0.00041556358337402344 0
1755781619033 0.00042510032653808594 0
1755781629068 0.0004177093505859375 0
1755781639104 0.000415802001953125 0
1755781649141 0.0004258155822753906 0
1755781659174 0.0004138946533203125 0
1755781669209 0.00039839744567871094 0
1755781679244 0.00041222572326660156 0
1755781689285 0.00040221214294433594 0
1755781699324 0.0004169940948486328 0
1755781709364 0.0004153251647949219 0
1755781719400 0.000423431396484375 0
1755781729437 0.0004391670227050781 0
1755781739473 0.00041484832763671875 0
1755781749506 0.0004286766052246094 0
1755781759543 0.00043201446533203125 0
1755781769581 0.0004279613494873047 0
1755781779614 0.00041747093200683594 0
1755781789648 0.0004088878631591797 0
1755781799683 0.0004265308380126953 0
1755781809722 0.0004184246063232422 0
1755781819768 0.0004169940948486328 0
1755781829806 0.00041484832763671875 0
1755781839843 0.0004067420959472656 0
1755781849884 0.00040793418884277344 0
1755781859918 0.0004050731658935547 0
1755781869961 0.0004200935363769531 0
1755781879997 0.0004096031188964844 0
1755781890035 0.00046515464782714844 0
1755781900070 0.00042748451232910156 0
1755781910106 0.00041413307189941406 0
1755781920143 0.00042557716369628906 0
1755781930180 0.0004162788391113281 0
1755781940220 0.0004303455352783203 0
1755781950253 0.00040602684020996094 0
1755781960295 0.0004229545593261719 0
1755781970330 0.00040602684020996094 0
1755781980372 0.00042247772216796875 0
1755781990408 0.00041484832763671875 0
1755782000440 0.0003986358642578125 0
1755782010482 0.00047659873962402344 0
1755782020520 0.00045680999755859375 0
1755782030555 0.0005435943603515625 0
1755782040592 0.0004134178161621094 0
1755782050627 0.0004165172576904297 0
1755782060667 0.0004203319549560547 0
1755782070702 0.0004284381866455078 0
1755782080738 0.0004315376281738281 0
1755782090777 0.0003986358642578125 0
1755782100812 0.00042319297790527344 0
1755782110850 0.0004229545593261719 0
1755782120886 0.0004284381866455078 0
1755782130923 0.0004220008850097656 0
1755782140957 0.0004241466522216797 0
1755782150996 0.0004856586456298828 0
1755782161035 0.0005238056182861328 0
1755782171073 0.0004639625549316406 0
1755782181110 0.0005102157592773438 0
1755782191145 0.00041794776916503906 0
1755782201180 0.0004124641418457031 0
1755782211229 0.0004229545593261719 0
1755782221264 0.0004177093505859375 0
1755782231296 0.0004279613494873047 0
1755782241333 0.00040531158447265625 0
1755782251371 0.0004134178161621094 0
1755782261408 0.0004353523254394531 0
1755782271447 0.00044727325439453125 0
1755782281481 0.0004165172576904297 0
1755782291518 0.00040793418884277344 0
1755782301553 0.0004048347473144531 0
1755782311589 0.00040221214294433594 0
1755782321625 0.0004146099090576172 0
1755782331661 0.0004203319549560547 0
1755782341697 0.0004138946533203125 0
1755782351734 0.00041484832763671875 0
1755782361770 0.00040602684020996094 0
1755782371809 0.00042176246643066406 0
1755782381845 0.00040650367736816406 0
1755782391881 0.00041866302490234375 0
1755782401916 0.000431060791015625 0
1755782411951 0.00042057037353515625 0
1755782421989 0.00042128562927246094 0
1755782432024 0.00041413307189941406 0
1755782442060 0.00041413307189941406 0
1755782452097 0.00041031837463378906 0
1755782462132 0.00041937828063964844 0
1755782472168 0.0004105567932128906 0
1755782482203 0.0004029273986816406 0
1755782492239 0.0004725456237792969 0
1755782502274 0.0004162788391113281 0
1755782512309 0.0004343986511230469 0
1755782522348 0.00040149688720703125 0
1755782532382 0.0004203319549560547 0
1755782542416 0.0004076957702636719 0
1755782552450 0.0004189014434814453 0
1755782562487 0.00040459632873535156 0
1755782572523 0.00041365623474121094 0
1755782582558 0.00041961669921875 0
1755782592595 0.0005362033843994141 0
1755782602631 0.0004162788391113281 0
1755782612668 0.00038170814514160156 0
1755782622704 0.0004296302795410156 0
1755782632738 0.00040984153747558594 0
1755782642773 0.00039577484130859375 0
1755782652807 0.00042939186096191406 0
1755782662843 0.0004341602325439453 0
1755782672881 0.00040411949157714844 0
1755782682919 0.00040721893310546875 0
1755782692955 0.0004229545593261719 0
1755782702993 0.00042366981506347656 0
1755782713030 0.0004012584686279297 0
1755782723068 0.00042629241943359375 0
1755782733104 0.00041556358337402344 0
1755782743140 0.0004017353057861328 0
1755782753176 0.0004162788391113281 0
1755782763210 0.0004086494445800781 0
1755782773245 0.00041174888610839844 0
1755782783282 0.00042629241943359375 0
1755782793319 0.00040793418884277344 0
1755782803356 0.0004811286926269531 0
1755782813395 0.00041794776916503906 0
1755782823430 0.00040435791015625 0
1755782833470 0.00041937828063964844 0
1755782843505 0.0004153251647949219 0
1755782853544 0.0004506111145019531 0
1755782863581 0.0004124641418457031 0
1755782873617 0.0004184246063232422 0
1755782883653 0.00042748451232910156 0
1755782893690 0.00041174888610839844 0
1755782903724 0.00041747093200683594 0
1755782913760 0.0004184246063232422 0
1755782923796 0.00040602684020996094 0
1755782933831 0.00041937828063964844 0
1755782943865 0.00039267539978027344 0
1755782953902 0.00041174888610839844 0
1755782963937 0.0004031658172607422 0
1755782973976 0.0003936290740966797 0
1755782984012 0.00047087669372558594 0
1755782994047 0.0004367828369140625 0
1755783004084 0.0004191398620605469 0
1755783014119 0.00041675567626953125 0
1755783024156 0.00041604042053222656 0
1755783034192 0.0004024505615234375 0
1755783044228 0.00040030479431152344 0
1755783054265 0.0004012584686279297 0
1755783064301 0.00041484832763671875 0
1755783074336 0.0004138946533203125 0
1755783084372 0.0004298686981201172 0
1755783094408 0.0004062652587890625 0
1755783104443 0.0004177093505859375 0
1755783114476 0.00043487548828125 0
1755783124511 0.00039887428283691406 0
1755783134550 0.00041174888610839844 0
1755783144581 0.0004134178161621094 0
1755783154617 0.0004067420959472656 0
1755783164653 0.00048613548278808594 0
1755783174688 0.00042176246643066406 0
1755783184723 0.0004036426544189453 0
1755783194758 0.0004184246063232422 0
1755783204792 0.0003991127014160156 0
1755783214828 0.0004134178161621094 0
1755783224864 0.00043320655822753906 0
1755783234900 0.00043964385986328125 0
1755783244935 0.0004153251647949219 0
1755783254970 0.0004169940948486328 0
1755783265007 0.0004296302795410156 0
1755783275043 0.00041866302490234375 0
1755783285079 0.00041484832763671875 0
1755783295118 0.0004630088806152344 0
1755783305153 0.00043463706970214844 0
1755783315189 0.0004162788391113281 0
1755783325227 0.0004277229309082031 0
1755783335263 0.0004284381866455078 0
1755783345303 0.0004246234893798828 0
1755783355338 0.0004258155822753906 0
1755783365374 0.00042366981506347656 0
1755783375412 0.000461578369140625 0
1755783385446 0.0004208087921142578 0
1755783395481 0.0004401206970214844 0
1755783405518 0.00040912628173828125 0
1755783415552 0.0004189014434814453 0
1755783425589 0.00043392181396484375 0
1755783435625 0.0004296302795410156 0
1755783445662 0.00040078163146972656 0
1755783455701 0.0004057884216308594 0
1755783465737 0.0004069805145263672 0
1755783475772 0.0004074573516845703 0
1755783485809 0.00042128562927246094 0
1755783495853 0.00041556358337402344 0
1755783505892 0.00041604042053222656 0
1755783515926 0.00040149688720703125 0
1755783525960 0.0004355907440185547 0
1755783535996 0.00041961669921875 0
1755783546034 0.0004017353057861328 0
1755783556073 0.0004520416259765625 0
1755783566110 0.00045871734619140625 0
1755783576144 0.0004291534423828125 0
1755783586182 0.00044727325439453125 0
1755783596217 0.00041484832763671875 0
1755783606253 0.0004608631134033203 0
1755783616290 0.00041794776916503906 0
1755783626324 0.0004036426544189453 0
1755783636362 0.0004100799560546875 0
1755783646397 0.0004055500030517578 0
1755783656431 0.0004184246063232422 0
1755783666467 0.00041294097900390625 0
1755783676510 0.00041413307189941406 0
1755783686544 0.0004241466522216797 0
1755783696582 0.0004127025604248047 0
1755783706620 0.00039839744567871094 0
1755783716655 0.0004296302795410156 0
1755783726687 0.00041174888610839844 0
1755783736727 0.00039577484130859375 0
1755783746763 0.00040531158447265625 0
1755783756797 0.0004239082336425781 0
1755783766834 0.0004086494445800781 0
1755783776870 0.00042557716369628906 0
1755783786908 0.0003986358642578125 0
1755783796943 0.0004100799560546875 0
1755783806978 0.00042891502380371094 0
1755783817013 0.00040268898010253906 0
1755783827049 0.00041604042053222656 0
1755783837085 0.0004210472106933594 0
1755783847122 0.0005035400390625 0
1755783857158 0.0004146099090576172 0
1755783867194 0.00040531158447265625 0
1755783877237 0.0004096031188964844 0
1755783887272 0.0004181861877441406 0
1755783897311 0.0004189014434814453 0
1755783907346 0.00041985511779785156 0
1755783917382 0.00043201446533203125 0
1755783927418 0.00040721893310546875 0
1755783937457 0.0004096031188964844 0
1755783947494 0.0004138946533203125 0
1755783957532 0.0003993511199951172 0
1755783967570 0.0004093647003173828 0
1755783977646 0.0003986358642578125 0
1755783987684 0.0004062652587890625 0
1755783997720 0.00039696693420410156 0
1755784007760 0.0004215240478515625 0
1755784017798 0.0004036426544189453 0
1755784027832 0.00042748451232910156 0
1755784037906 0.0004134178161621094 0
1755784047940 0.000400543212890625 0
1755784057976 0.00041675567626953125 0
1755784068013 0.0004146099090576172 0
1755784078050 0.0004260540008544922 0
1755784088084 0.00041103363037109375 0
1755784098121 0.0004184246063232422 0
1755784108162 0.0004334449768066406 0
1755784118200 0.00040531158447265625 0
1755784128236 0.0004067420959472656 0
1755784138272 0.0004324913024902344 0
1755784148310 0.0004000663757324219 0
1755784158345 0.0004105567932128906 0
1755784168377 0.00046133995056152344 0
1755784178411 0.0004067420959472656 0
1755784188451 0.0004630088806152344 0
1755784198483 0.00041103363037109375 0
1755784208517 0.00042939186096191406 0
1755784218554 0.00041031837463378906 0
1755784228589 0.000400543212890625 0
1755784238622 0.0004067420959472656 0
1755784248659 0.0003952980041503906 0
1755784258695 0.0004286766052246094 0
1755784268735 0.0003879070281982422 0
1755784278770 0.00040650367736816406 0
1755784288804 0.00043654441833496094 0
1755784298842 0.0004248619079589844 0
1755784308876 0.00047016143798828125 0
1755784318909 0.0004673004150390625 0
1755784328946 0.0004413127899169922 0
1755784338981 0.00042724609375 0
1755784349020 0.0004184246063232422 0
1755784359056 0.0004138946533203125 0
1755784369132 0.0004596710205078125 0
1755784379167 0.0004220008850097656 0
1755784389203 0.00040459632873535156 0
1755784399239 0.000408172607421875 0
1755784409277 0.00042557716369628906 0
1755784419352 0.0004360675811767578 0
1755784429390 0.00040984153747558594 0
1755784439427 0.0004127025604248047 0
1755784449462 0.0004229545593261719 0
1755784459499 0.0008130073547363281 0
1755784469536 0.00044417381286621094 0
1755784479570 0.0004317760467529297 0
1755784489608 0.000423431396484375 0
1755784499644 0.0003886222839355469 0
1755784509681 0.00041031837463378906 0
1755784519717 0.0004296302795410156 0
1755784529752 0.0004241466522216797 0
1755784539787 0.00040149688720703125 0
1755784549825 0.0004184246063232422 0
1755784559860 0.0004181861877441406 0
1755784569895 0.00039887428283691406 0
1755784579930 0.0004143714904785156 0
1755784589966 0.0004284381866455078 0
1755784600005 0.0004105567932128906 0
1755784610040 0.00041174888610839844 0
1755784620073 0.0004062652587890625 0
1755784630110 0.0004169940948486328 0
1755784640143 0.0003986358642578125 0
1755784650179 0.0005078315734863281 0
1755784660215 0.00040221214294433594 0
1755784670251 0.00042176246643066406 0
1755784680286 0.00042819976806640625 0
1755784690323 0.000423431396484375 0
1755784700360 0.0004119873046875 0
1755784710394 0.00041365623474121094 0
1755784720434 0.0004146099090576172 0
1755784730474 0.00040435791015625 0
1755784740512 0.0004169940948486328 0
1755784750545 0.0004086494445800781 0
1755784760580 0.00041794776916503906 0
1755784770614 0.0004322528839111328 0
1755784780652 0.0004277229309082031 0
1755784790689 0.0004241466522216797 0
1755784800727 0.0004374980926513672 0
1755784810765 0.00042629241943359375 0
1755784820800 0.0004096031188964844 0
1755784830838 0.0004298686981201172 0
1755784840875 0.0004076957702636719 0
1755784850911 0.00038361549377441406 0
1755784860951 0.00043845176696777344 0
1755784870987 0.0004086494445800781 0
1755784881022 0.0004343986511230469 0
1755784891058 0.0004448890686035156 0
1755784901090 0.00041604042053222656 0
1755784911131 0.0004029273986816406 0
1755784921170 0.00040912628173828125 0
1755784931206 0.00040268898010253906 0
1755801198344 0.000431060791015625 0
1755801208394 0.000629425048828125 0
1755801218444 0.0009479522705078125 0
1755801228498 0.0012984275817871094 0
1755801238535 0.0005576610565185547 0
1755801238727 0.0009305477142333984 0
1755801248574 0.0004203319549560547 0
1755801258614 0.000431060791015625 0
1755801268651 0.0004124641418457031 0
1755801278694 0.000415802001953125 0
1755801288729 0.00041747093200683594 0
1755801298777 0.0007953643798828125 0
1755801308812 0.0004127025604248047 0
1755801318845 0.0003979206085205078 0
1755801328881 0.00040435791015625 0
1755801338917 0.0004749298095703125 0
1755801348954 0.0004177093505859375 0
1755801358993 0.0005080699920654297 0
1755801369034 0.0005824565887451172 0
1755801379083 0.0005676746368408203 0
1755801389131 0.0004801750183105469 0
1755801399177 0.00046181678771972656 0
1755801409220 0.0006380081176757812 0
1755801419263 0.00042438507080078125 0
1755801429299 0.00042939186096191406 0
1755801439338 0.0004208087921142578 0
1755801449375 0.0004687309265136719 0
1755801459413 0.0004150867462158203 0
1755801469449 0.0004093647003173828 0
1755801479520 0.0004229545593261719 0
1755801489556 0.0004069805145263672 0
1755801499596 0.0005536079406738281 0
1755801509633 0.0004169940948486328 0
1755801519669 0.0004088878631591797 0
1755801529704 0.0004177093505859375 0
1755801539739 0.00042819976806640625 0
1755801549776 0.0004210472106933594 0
1755801559813 0.0004067420959472656 0
1755801569850 0.0004756450653076172 0
1755801579893 0.0004508495330810547 0
1755801589936 0.0005536079406738281 0
1755801599976 0.0004093647003173828 0
1755801610018 0.0007419586181640625 0
1755801620059 0.0004215240478515625 0
1755801630110 0.0006289482116699219 0
1755801640153 0.0003981590270996094 0
1755801650191 0.0006380081176757812 0
1755801660234 0.00043082237243652344 0
1755801670271 0.0004131793975830078 0
1755801680310 0.0004260540008544922 0
1755801690347 0.00043773651123046875 0
1755801700392 0.0004291534423828125 0
1755801710430 0.00041031837463378906 0
1755801720466 0.00041866302490234375 0
1755801730503 0.0007162094116210938 0
1755801740541 0.00040841102600097656 0
1755801750593 0.000446319580078125 0
1755801760634 0.0007071495056152344 0
1755801770679 0.0004088878631591797 0
1755801780717 0.0004413127899169922 0
1755801790760 0.0005316734313964844 0
1755801800798 0.00046133995056152344 0
1755801810840 0.0005002021789550781 0
1755801820877 0.00040602684020996094 0
1755801830951 0.0004372596740722656 0
1755801840986 0.0005388259887695312 0
1755801851023 0.00041675567626953125 0
1755801861058 0.0004317760467529297 0
1755801871098 0.0004076957702636719 0
1755801881137 0.0005936622619628906 0
1755801891178 0.0006835460662841797 0
1755801901212 0.0004341602325439453 0
1755801911248 0.0004088878631591797 0
1755801921289 0.0004401206970214844 0
1755801931329 0.0004162788391113281 0
1755801941369 0.0005078315734863281 0
1755801951406 0.00046181678771972656 0
1755801961438 0.0005023479461669922 0
1755801971475 0.0005121231079101562 0
1755801981509 0.0004215240478515625 0
1755801991551 0.0004029273986816406 0
1755802001586 0.0004036426544189453 0
1755802011625 0.0005099773406982422 0
1755802021678 0.00045013427734375 0
1755802031723 0.00042128562927246094 0
1755802041768 0.0005085468292236328 0
1755802051803 0.0004134178161621094 0
1755802061838 0.0004119873046875 0
1755802071874 0.00042557716369628906 0
1755802081918 0.0004124641418457031 0
1755802091959 0.0004153251647949219 0
1755802102005 0.0004305839538574219 0
1755802112040 0.0004260540008544922 0
1755802122077 0.00041174888610839844 0
1755802132112 0.0004355907440185547 0
1755802142147 0.00041961669921875 0
1755802152179 0.0004150867462158203 0
1755802162214 0.00041604042053222656 0
1755802172254 0.0004050731658935547 0
1755802182293 0.00043654441833496094 0
1755802192325 0.0004146099090576172 0
1755802202363 0.0004677772521972656 0
1755802212405 0.0004253387451171875 0
1755802222440 0.0004127025604248047 0
1755802232477 0.0004153251647949219 0
1755802242513 0.00040531158447265625 0
1755802252545 0.0004336833953857422 0
1755802262582 0.00040268898010253906 0
1755802272621 0.0004932880401611328 0
1755802282656 0.0004818439483642578 0
1755802292689 0.000431060791015625 0
1755802302725 0.0004203319549560547 0
1755802312764 0.00042700767517089844 0
1755802322798 0.00043582916259765625 0
1755802332834 0.0004291534423828125 0
1755802342880 0.0004477500915527344 0
1755802352913 0.0004222393035888672 0
1755802362948 0.00039649009704589844 0
1755802372987 0.0004975795745849609 0
1755802383023 0.00040078163146972656 0
1755802393059 0.0004546642303466797 0
1755802403092 0.0004177093505859375 0
1755802413128 0.00040149688720703125 0
1755802423162 0.0004723072052001953 0
1755802433197 0.0004913806915283203 0
1755802443239 0.00042891502380371094 0
1755802453279 0.0003764629364013672 0
1755802463317 0.00042557716369628906 0
1755802473358 0.00040841102600097656 0
1755802483393 0.0005066394805908203 0
1755802493432 0.0004413127899169922 0
1755802503467 0.0003986358642578125 0
1755802513502 0.0004134178161621094 0
1755802523536 0.0005064010620117188 0
1755802533572 0.0004119873046875 0
1755802543611 0.0004837512969970703 0
1755802553648 0.0004124641418457031 0
1755802563684 0.00039696693420410156 0
1755802573720 0.00043392181396484375 0
1755802583760 0.00041222572326660156 0
1755802593798 0.00041794776916503906 0
1755802603833 0.0004031658172607422 0
1755802613867 0.00040650367736816406 0
1755802623912 0.0004100799560546875 0
1755802633952 0.0005505084991455078 0
1755802643989 0.0004980564117431641 0
1755802654029 0.0004718303680419922 0
1755802664080 0.0005595684051513672 0
1755802674124 0.0004930496215820312 0
1755802684164 0.0006036758422851562 0
1755802694202 0.0004329681396484375 0
1755802704239 0.0004177093505859375 0
1755802714278 0.0004889965057373047 0
1755802724316 0.000545501708984375 0
1755802734358 0.0004451274871826172 0
1755802744397 0.00046062469482421875 0
1755802754433 0.0003695487976074219 0
1755802764466 0.0004191398620605469 0
1755802774508 0.0004429817199707031 0
1755802784555 0.000629425048828125 0
1755802794595 0.0004124641418457031 0
1755802804626 0.000415802001953125 0
1755802814664 0.0004105567932128906 0
1755802824703 0.0004048347473144531 0
1755802834743 0.0004112720489501953 0
1755802844779 0.000415802001953125 0
1755802854815 0.0004980564117431641 0
1755802864853 0.00040078163146972656 0
1755802874889 0.0004107952117919922 0
1755802884930 0.00042057037353515625 0
1755802894968 0.0004260540008544922 0
1755802905006 0.00040912628173828125 0
1755802915040 0.0004229545593261719 0
1755802925075 0.0004253387451171875 0
1755802935164 0.0006535053253173828 0
1755802945407 0.0004184246063232422 0
1755802955442 0.00055694580078125 0
1755802965489 0.0006084442138671875 0
1755802976179 0.00036072731018066406 0
1755802986216 0.0003669261932373047 0
1755802996252 0.0004799365997314453 0
1755803028754 0.0005750656127929688 0
1755803038792 0.0004093647003173828 0
1755803048872 0.0004999637603759766 0
1755803071444 0.00037407875061035156 0
1755803081480 0.0004951953887939453 0
1755803091531 0.0005407333374023438 0
1755803171313 0.00041556358337402344 0
1755803181351 0.0004165172576904297 0
1755803191388 0.00040721893310546875 0
1755803201422 0.0004899501800537109 0
1755803211458 0.0004725456237792969 0
1755803221502 0.0005915164947509766 0
1755803231537 0.0004265308380126953 0
1755803241583 0.0005235671997070312 0
1755803252468 0.0005879402160644531 0
1755803262508 0.000408172607421875 0
1755803272546 0.0004107952117919922 0
1755803282579 0.0004284381866455078 0
1755803292615 0.0004532337188720703 0
1755803302655 0.0004353523254394531 0
1755803312693 0.00040435791015625 0
1755803322730 0.00042557716369628906 0
1755803332762 0.0004305839538574219 0
1755803342799 0.0004093647003173828 0
1755803352834 0.0004112720489501953 0
1755803362873 0.00047206878662109375 0
1755803372909 0.0004067420959472656 0
1755803382940 0.00041961669921875 0
1755803392979 0.00042438507080078125 0
1755803403017 0.0005102157592773438 0
1755803413054 0.0004382133483886719 0
1755803423089 0.0004391670227050781 0
1755803433122 0.0003612041473388672 0
1755803443158 0.00042748451232910156 0
1755803453193 0.0005054473876953125 0
1755803463228 0.0004067420959472656 0
1755803473265 0.0003757476806640625 0
1755803483300 0.0004534721374511719 0
1755803493337 0.0004305839538574219 0
1755803503371 0.00040531158447265625 0
1755803513412 0.00041484832763671875 0
1755803523463 0.00049591064453125 0
1755803533500 0.0003845691680908203 0
1755803543538 0.00040531158447265625 0
1755803553577 0.00041031837463378906 0
1755803563620 0.00042819976806640625 0
1755803573660 0.00041747093200683594 0
1755803583698 0.0004208087921142578 0
1755803593734 0.0003962516784667969 0
1755803603771 0.0004730224609375 0
1755803613810 0.00043845176696777344 0
1755803623848 0.000553131103515625 0
1755803633887 0.00046825408935546875 0
1755803643963 0.0004138946533203125 0
1755803653998 0.0003762245178222656 0
1755803664038 0.0004088878631591797 0
1755803674076 0.00041937828063964844 0
1755803684113 0.00044155120849609375 0
1755803694153 0.0006728172302246094 0
1755803704191 0.0004661083221435547 0
1755803714232 0.0004086494445800781 0
1755803724268 0.0003609657287597656 0
1755803734304 0.0004200935363769531 0
1755803744342 0.00042939186096191406 0
1755803754419 0.0004336833953857422 0
1755803764454 0.0004210472106933594 0
1755803774489 0.00039267539978027344 0
1755803784565 0.00041961669921875 0
1755803794602 0.0004143714904785156 0
1755803804641 0.0004134178161621094 0
1755803814677 0.0003561973571777344 0
1755803824716 0.00040650367736816406 0
1755803834755 0.0005974769592285156 0
1755803844793 0.0005371570587158203 0
1755803854837 0.0005197525024414062 0
1755803864874 0.0004048347473144531 0
1755803874911 0.0004191398620605469 0
1755803884948 0.00042366981506347656 0
1755803895003 0.00037026405334472656 0
1755803905038 0.0004229545593261719 0
1755803915071 0.0004267692565917969 0
1755803925105 0.0006196498870849609 0
1755803935141 0.0003578662872314453 0
1755803945180 0.0004227161407470703 0
1755803955217 0.00041961669921875 0
1755803965255 0.0004119873046875 0
1755803975294 0.0004189014434814453 0
1755803985337 0.000873565673828125 0
1755803995374 0.000431060791015625 0
1755804005413 0.0005581378936767578 0
1755804015451 0.0004737377166748047 0
1755804025492 0.00042510032653808594 0
1755804035528 0.000514984130859375 0
1755804045562 0.0004258155822753906 0
1755804055600 0.0010628700256347656 0
1755804065640 0.0004322528839111328 0
1755804075680 0.0004210472106933594 0
1755804085721 0.0004334449768066406 0
1755804095759 0.0004680156707763672 0
1755804105796 0.0004374980926513672 0
1755804115835 0.0004150867462158203 0
1755804125871 0.00044465065002441406 0
1755804135909 0.00041866302490234375 0
1755804145945 0.0004069805145263672 0
1755804155983 0.0004436969757080078 0
1755804166021 0.00040841102600097656 0
1755804176058 0.0005011558532714844 0
1755804186093 0.0003528594970703125 0
1755804196131 0.0004131793975830078 0
1755804206168 0.0004184246063232422 0
1755804216208 0.0003581047058105469 0
1755804226246 0.0004055500030517578 0
1755804236284 0.0006856918334960938 0
1755804246322 0.0004210472106933594 0
1755804256358 0.000614166259765625 0
1755804266402 0.0004875659942626953 0
1755804276440 0.00038123130798339844 0
1755804286478 0.000423431396484375 0
1755804296515 0.0004944801330566406 0
1755804306551 0.0004420280456542969 0
1755804316594 0.0003921985626220703 0
1755804326632 0.00042366981506347656 0
1755804336672 0.0003619194030761719 0
1755804346722 0.0005371570587158203 0
1755804356761 0.0006113052368164062 0
1755804366798 0.0005042552947998047 0
1755804376832 0.0005059242248535156 0
1755804386868 0.0004208087921142578 0
1755804396903 0.0005042552947998047 0
1755804406939 0.0004076957702636719 0
1755804416976 0.0004177093505859375 0
1755804427022 0.0006413459777832031 0
1755804437062 0.00042510032653808594 0
1755804447105 0.0004496574401855469 0
1755804457145 0.0004253387451171875 0
1755804467188 0.00040340423583984375 0
1755804477230 0.0005979537963867188 0
1755804487287 0.0005807876586914062 0
1755804497329 0.0005464553833007812 0
1755804507365 0.0004696846008300781 0
1755804517405 0.0004069805145263672 0
1755804527443 0.0004520416259765625 0
1755804537480 0.0003528594970703125 0
1755804547514 0.0005335807800292969 0
1755804557556 0.0006229877471923828 0
1755804567594 0.0004315376281738281 0
1755804577643 0.0009198188781738281 0
1755804587680 0.00043201446533203125 0
1755804597712 0.0004153251647949219 0
1755804607748 0.00041222572326660156 0
1755804617787 0.00040793418884277344 0
1755804627822 0.0005178451538085938 0
1755804637857 0.00040531158447265625 0
1755804647896 0.0004124641418457031 0
1755804657936 0.0004153251647949219 0
1755804667973 0.0003986358642578125 0
1755804678010 0.0004134178161621094 0
1755804688047 0.0004923343658447266 0
1755804698087 0.0004305839538574219 0
1755804708128 0.00042700767517089844 0
1755804718173 0.00036215782165527344 0
1755804728207 0.0004467964172363281 0
1755804738249 0.00042176246643066406 0
1755804748287 0.0005719661712646484 0
1755804758324 0.00045299530029296875 0
1755804768363 0.00039958953857421875 0
1755804778401 0.00044345855712890625 0
1755804788444 0.0004069805145263672 0
1755804798485 0.0004029273986816406 0
1755804808520 0.0005142688751220703 0
1755804818555 0.0004303455352783203 0
1755804828593 0.00041747093200683594 0
1755804838629 0.0004143714904785156 0
1755804848662 0.0004267692565917969 0
1755804858702 0.0004334449768066406 0
1755804868738 0.0005319118499755859 0
1755804878774 0.00040841102600097656 0
1755804888812 0.00043392181396484375 0
1755804898858 0.0009169578552246094 0
1755804908934 0.00045013427734375 0
1755804918970 0.00041365623474121094 0
1755804929014 0.000408172607421875 0
1755804939053 0.0004353523254394531 0
1755804949091 0.0004029273986816406 0
1755804959126 0.0004417896270751953 0
1755804969161 0.0004532337188720703 0
1755804979196 0.0004119873046875 0
1755804989231 0.00042939186096191406 0
1755804999268 0.0004210472106933594 0
1755805009308 0.00041985511779785156 0
1755805019348 0.00040531158447265625 0
1755805029385 0.0004181861877441406 0
1755805039423 0.00047969818115234375 0
1755805049463 0.0003790855407714844 0
1755805059503 0.0005006790161132812 0
1755805069541 0.00040531158447265625 0
1755805079576 0.0004439353942871094 0
1755805089613 0.00041103363037109375 0
1755805099650 0.0004124641418457031 0
1755805109683 0.0003752708435058594 0
1755805119717 0.0005273818969726562 0
1755805129750 0.00043463706970214844 0
1755805139790 0.0004169940948486328 0
1755805149822 0.0004343986511230469 0
1755805159859 0.0004265308380126953 0
1755805169895 0.0004405975341796875 0
1755805179971 0.0004239082336425781 0
1755805190007 0.0005156993865966797 0
1755805200044 0.00042629241943359375 0
1755805210078 0.00042057037353515625 0
1755805220115 0.0004279613494873047 0
1755805230149 0.00042319297790527344 0
1755805240186 0.0004968643188476562 0
1755805250226 0.0004267692565917969 0
1755805260260 0.0004150867462158203 0
1755805270295 0.00042057037353515625 0
1755805280334 0.00039958953857421875 0
1755805290372 0.0003921985626220703 0
1755805300413 0.0004267692565917969 0
1755805310450 0.00042939186096191406 0
1755805320488 0.0004107952117919922 0
1755805330522 0.0003619194030761719 0
1755805340554 0.0004215240478515625 0
1755805350591 0.00042700767517089844 0
1755805360627 0.00043201446533203125 0
1755805370661 0.00040984153747558594 0
1755805380700 0.0004220008850097656 0
1755805390736 0.00045418739318847656 0
1755805400775 0.0005354881286621094 0
1755805410811 0.0004935264587402344 0
1755805420844 0.0004131793975830078 0
1755805430879 0.0003571510314941406 0
1755805440916 0.0004038810729980469 0
1755805450950 0.0004634857177734375 0
1755805460982 0.0004181861877441406 0
1755805471018 0.0004363059997558594 0
1755805481061 0.0004734992980957031 0
1755805491095 0.0004119873046875 0
1755805501130 0.0004379749298095703 0
1755805511164 0.0004303455352783203 0
1755805521199 0.00041675567626953125 0
1755805531235 0.0003628730773925781 0
1755805541273 0.00038552284240722656 0
1755805551316 0.0003933906555175781 0
1755805561352 0.000415802001953125 0
1755805571388 0.00035381317138671875 0
1755805581424 0.0004165172576904297 0
1755805591466 0.00047898292541503906 0
1755805601501 0.00041604042053222656 0
1755805611538 0.00043463706970214844 0
1755805621580 0.00041031837463378906 0
1755805631619 0.0006330013275146484 0
1755805641661 0.000396728515625 0
1755805651696 0.0004057884216308594 0
1755805661735 0.00041294097900390625 0
1755805671777 0.00046372413635253906 0
1755805681817 0.00040984153747558594 0
1755805691860 0.0006337165832519531 0
1755805701896 0.00042057037353515625 0
1755805711930 0.0004162788391113281 0
1755805721971 0.0004436969757080078 0
1755805732008 0.0004153251647949219 0
1755805742041 0.00041484832763671875 0
1755805752076 0.0004260540008544922 0
1755805762111 0.0005655288696289062 0
1755805772154 0.00036072731018066406 0
1755805782194 0.00047469139099121094 0
1755805792230 0.0004172325134277344 0
1755805802265 0.0005235671997070312 0
1755805812301 0.00040912628173828125 0
1755805822338 0.00040268898010253906 0
1755805832381 0.0004410743713378906 0
1755805842418 0.0004296302795410156 0
1755805852454 0.0004360675811767578 0
1755805862490 0.0004353523254394531 0
1755805872525 0.0004203319549560547 0
1755805882563 0.0004379749298095703 0
1755805892604 0.0004718303680419922 0
1755805902646 0.00043201446533203125 0
1755805912682 0.00042724609375 0
1755805922720 0.0004200935363769531 0
1755805932776 0.0004966259002685547 0
1755805942812 0.00039124488830566406 0
1755805952847 0.00038051605224609375 0
1755805962885 0.00040340423583984375 0
1755805972931 0.0003669261932373047 0
1755805982967 0.0004210472106933594 0
1755805993004 0.0003707408905029297 0
1755806003041 0.0004143714904785156 0
1755806013079 0.0004131793975830078 0
1755806023121 0.0003669261932373047 0
1755806033158 0.0003724098205566406 0
1755806043194 0.00040435791015625 0
1755806053232 0.0007066726684570312 0
1755806063267 0.0003743171691894531 0
1755806073305 0.0005016326904296875 0
1755806083342 0.0004277229309082031 0
1755806093415 0.00036835670471191406 0
1755806103454 0.00040841102600097656 0
1755806113489 0.0004470348358154297 0
1755806123525 0.0004010200500488281 0
1755806133566 0.00035858154296875 0
1755806143601 0.00041222572326660156 0
1755806153679 0.00035953521728515625 0
1755806163714 0.0004379749298095703 0
1755806173752 0.0004038810729980469 0
1755806183786 0.0004642009735107422 0
1755806193822 0.000423431396484375 0
1755806203858 0.0004508495330810547 0
1755806213892 0.0003631114959716797 0
1755806223930 0.0004138946533203125 0
1755806233966 0.0004229545593261719 0
1755806244001 0.0004019737243652344 0
1755806254037 0.0004162788391113281 0
1755806264073 0.0003619194030761719 0
1755806274108 0.0003962516784667969 0
1755806284146 0.00036025047302246094 0
1755806294182 0.0004220008850097656 0
1755806304220 0.0009641647338867188 0
1755806314256 0.00036716461181640625 0
1755806324293 0.00041747093200683594 0
1755806334332 0.0004203319549560547 0
1755806344371 0.00044417381286621094 0
1755806354409 0.0004191398620605469 0
1755806364448 0.0004940032958984375 0
1755806374506 0.0006902217864990234 0
1755806384550 0.0006546974182128906 0
1755806394624 0.00042557716369628906 0
1755806404660 0.0004088878631591797 0
1755806414699 0.00045228004455566406 0
1755806424733 0.0003960132598876953 0
1755806434769 0.0004184246063232422 0
1755806444805 0.000423431396484375 0
1755806454841 0.0004150867462158203 0
1755806464877 0.0004177093505859375 0
1755806474914 0.0003821849822998047 0
1755806484990 0.00041866302490234375 0
1755806495029 0.0004940032958984375 0
1755806505063 0.0004341602325439453 0
1755806515098 0.0003669261932373047 0
1755806525134 0.00040149688720703125 0
1755806535173 0.0004191398620605469 0
1755806545219 0.00045108795166015625 0
1755806555257 0.0004372596740722656 0
1755806565295 0.0004239082336425781 0
1755806575337 0.0004298686981201172 0
1755806585377 0.00037026405334472656 0
1755806595413 0.0004799365997314453 0
1755806605458 0.0004000663757324219 0
1755806615496 0.0004076957702636719 0
1755806625529 0.000408172607421875 0
1755806635568 0.00040984153747558594 0
1755806645608 0.00035762786865234375 0
1755806655642 0.0003552436828613281 0
1755806665676 0.00037407875061035156 0
1755806675713 0.00045800209045410156 0
1755806685748 0.0004067420959472656 0
1755806695791 0.0004029273986816406 0
1755806705830 0.00041985511779785156 0
1755806715869 0.0006303787231445312 0
1755806725907 0.0003819465637207031 0
1755806735942 0.0004062652587890625 0
1755806745987 0.00043487548828125 0
1755806756022 0.0003795623779296875 0
1755806766064 0.00043082237243652344 0
1755806776111 0.00045680999755859375 0
1755806786150 0.000644683837890625 0
1755806796185 0.00042557716369628906 0
1755806806220 0.0003752708435058594 0
1755806816255 0.0004050731658935547 0
1755806826295 0.000423431396484375 0
1755806836336 0.0003705024719238281 0
1755806846377 0.0003662109375 0
1755806856413 0.0003731250762939453 0
1755806866448 0.0004191398620605469 0
1755806876483 0.00040268898010253906 0
1755806886518 0.00038909912109375 0
1755806896554 0.00036263465881347656 0
1755806906591 0.00046706199645996094 0
1755806916631 0.00037479400634765625 0
1755806926668 0.00043964385986328125 0
1755806936702 0.0004210472106933594 0
1755806946743 0.0004296302795410156 0
1755806956780 0.0003619194030761719 0
1755806966817 0.0004038810729980469 0
1755806976851 0.0004184246063232422 0
1755806986887 0.0004138946533203125 0
1755806996925 0.0004534721374511719 0
1755807006961 0.000396728515625 0
1755807016994 0.00037169456481933594 0
1755807027029 0.0004200935363769531 0
1755807037067 0.00037550926208496094 0
1755807047110 0.0004284381866455078 0
1755807057151 0.0004241466522216797 0
1755807067192 0.0004057884216308594 0
1755807077232 0.00039577484130859375 0
1755807087268 0.00040650367736816406 0
1755807097308 0.0003685951232910156 0
1755807107377 0.0005598068237304688 0
1755807117413 0.0004112720489501953 0
1755807127456 0.0004088878631591797 0
1755807137496 0.000415802001953125 0
1755807147550 0.0005462169647216797 0
1755807157586 0.00040793418884277344 0
1755807167623 0.00035572052001953125 0
1755807177660 0.00041174888610839844 0
1755807187697 0.00042939186096191406 0
1755807197735 0.00041556358337402344 0
1755807207771 0.00040221214294433594 0
1755807217808 0.0003986358642578125 0
1755807227846 0.0004353523254394531 0
1755807237884 0.0003826618194580078 0
1755807247919 0.0003705024719238281 0
1755807257959 0.0004191398620605469 0
1755807267996 0.0004622936248779297 0
1755807278034 0.00043892860412597656 0
1755807288069 0.0004241466522216797 0
1755807298107 0.0004260540008544922 0
1755807308151 0.0007085800170898438 0
1755807318189 0.0004253387451171875 0
1755807328229 0.0005192756652832031 0
1755807338264 0.0003724098205566406 0
1755807348297 0.00036907196044921875 0
1755807358338 0.0003974437713623047 0
1755807368375 0.0003917217254638672 0
1755807378413 0.00036978721618652344 0
1755807388454 0.0004115104675292969 0
1755807398494 0.00036454200744628906 0
1755807408528 0.0003821849822998047 0
1755807418565 0.0004284381866455078 0
1755807428610 0.0003705024719238281 0
1755807438644 0.0003600120544433594 0
1755807448677 0.0005214214324951172 0
1755807458713 0.0004165172576904297 0
1755807468751 0.0004036426544189453 0
1755807478791 0.00036406517028808594 0
1755807488826 0.00038814544677734375 0
1755807498860 0.0003840923309326172 0
1755807508897 0.0003681182861328125 0
1755807518971 0.00041866302490234375 0
1755807529005 0.0007488727569580078 0
1755807539040 0.0003681182861328125 0
1755807549077 0.00041413307189941406 0
1755807559112 0.00040841102600097656 0
1755807569152 0.0011913776397705078 0
1755807579227 0.00043892860412597656 0
1755807589264 0.00041604042053222656 0
1755807599299 0.0003635883331298828 0
1755807609343 0.0004088878631591797 0
1755807619380 0.0004088878631591797 0
1755807629416 0.0005235671997070312 0
1755807639453 0.00041747093200683594 0
1755807649489 0.0004265308380126953 0
1755807659526 0.0004050731658935547 0
1755807669565 0.0008070468902587891 0
1755807679599 0.0004115104675292969 0
1755807689635 0.00040984153747558594 0
1755807699669 0.00040435791015625 0
1755807709716 0.0005862712860107422 0
1755807719753 0.0004279613494873047 0
1755807729789 0.00036525726318359375 0
1755807739825 0.0004208087921142578 0
1755807749863 0.0004093647003173828 0
1755807759899 0.0003726482391357422 0
1755807769937 0.00040340423583984375 0
1755807779978 0.0004222393035888672 0
1755807790013 0.00036025047302246094 0
1755807800051 0.00044226646423339844 0
1755807810092 0.0007147789001464844 0
1755807820171 0.00042557716369628906 0
1755807830210 0.0003597736358642578 0
1755807840246 0.00039505958557128906 0
1755807850284 0.0004496574401855469 0
1755807860324 0.0005693435668945312 0
1755807870363 0.0004115104675292969 0
1755807880406 0.0005767345428466797 0
1755807890443 0.0003707408905029297 0
1755807900479 0.00044727325439453125 0
1755807910519 0.00046372413635253906 0
1755807920558 0.0003895759582519531 0
1755807930597 0.0004634857177734375 0
1755807940629 0.0004258155822753906 0
1755807950667 0.0004067420959472656 0
1755807960704 0.0006256103515625 0
1755807970739 0.0003771781921386719 0
1755807980775 0.0004935264587402344 0
1755807990809 0.00040268898010253906 0
1755808000847 0.00040435791015625 0
1755808010883 0.0005459785461425781 0
1755808020917 0.0005824565887451172 0
1755808030954 0.0003571510314941406 0
1755808041029 0.00035119056701660156 0
1755808051067 0.0004911422729492188 0
1755808061103 0.0003631114959716797 0
1755808071137 0.0004055500030517578 0
1755808081174 0.0004189014434814453 0
1755808091212 0.0004010200500488281 0
1755808101247 0.0006103515625 0
1755808111283 0.0003647804260253906 0
1755808121320 0.0004324913024902344 0
1755808131364 0.0005855560302734375 0
1755808141409 0.00041866302490234375 0
1755808151449 0.0003650188446044922 0
1755808161486 0.00041985511779785156 0
1755808171518 0.00037026405334472656 0
1755808217777 0.0004668235778808594 0
1755808227810 0.0005218982696533203 0
1755808237846 0.00044846534729003906 0
1755808247882 0.0003559589385986328 0
1755808257921 0.00043129920959472656 0
1755808268815 0.0004215240478515625 0
1755808279415 0.000469207763671875 0
1755808289458 0.0004165172576904297 0
1755808299492 0.00044798851013183594 0
1755812395027 0.0005919933319091797 0
1755812405069 0.00041866302490234375 0
1755812415744 0.0004215240478515625 0
1755818022747 0.0005550384521484375 0
1755818032781 0.0003676414489746094 0
1755818044303 0.0004513263702392578 0
1755818107547 0.0005719661712646484 0
1755818117584 0.00040078163146972656 0
1755818128038 0.0004296302795410156 0
1755818147173 0.0004899501800537109 0
1755818157212 0.0006189346313476562 0
1755818167738 0.0004725456237792969 0
1755818177778 0.00041103363037109375 0
1755818187814 0.0004341602325439453 0
1755818197854 0.0004076957702636719 0
1755818207888 0.00041365623474121094 0
1755818217924 0.00041365623474121094 0
1755818227963 0.0004153251647949219 0
1755818237999 0.0004394054412841797 0
1755818248034 0.00043582916259765625 0
1755818258069 0.0004146099090576172 0
1755818268110 0.0005624294281005859 0
1755818278148 0.00042748451232910156 0
1755818288181 0.0005567073822021484 0
1755818298217 0.00041294097900390625 0
1755818308251 0.0004742145538330078 0
1755818318286 0.0004069805145263672 0
1755818328321 0.00042176246643066406 0
1755818338358 0.00040984153747558594 0
1755818348393 0.0004291534423828125 0
1755818358427 0.0004069805145263672 0
1755818368468 0.0004119873046875 0
1755818378508 0.0004153251647949219 0
1755818388548 0.0005640983581542969 0
1755818398592 0.0005693435668945312 0
1755818408632 0.000469207763671875 0
1755818418667 0.0004227161407470703 0
1755818428702 0.00039768218994140625 0
1755818438743 0.0004913806915283203 0
1755818448779 0.00037550926208496094 0
1755818458818 0.00044608116149902344 0
1755818468857 0.0004189014434814453 0
1755818478890 0.0004067420959472656 0
1755818488924 0.00042891502380371094 0
1755818498963 0.0004177093505859375 0
1755818508999 0.0005130767822265625 0
1755818519032 0.00040411949157714844 0
1755818529067 0.00040912628173828125 0
1755818539106 0.00045299530029296875 0
1755818549147 0.0004444122314453125 0
1755818559187 0.00045108795166015625 0
1755818569224 0.0004966259002685547 0
1755818579270 0.0004527568817138672 0
1755818589305 0.0004138946533203125 0
1755818599341 0.0005300045013427734 0
1755818609382 0.0004858970642089844 0
1755818619420 0.0009744167327880859 0
1755818629456 0.0004143714904785156 0
1755818639498 0.0005936622619628906 0
1755818649535 0.0004048347473144531 0
1755818659571 0.0005509853363037109 0
1755818669613 0.0006220340728759766 0
1755818679653 0.0007536411285400391 0
1755818689693 0.0004558563232421875 0
1755818699730 0.0004298686981201172 0
1755818709766 0.0004112720489501953 0
1755818719804 0.00048351287841796875 0
1755818729847 0.00042247772216796875 0
1755818739881 0.0004215240478515625 0
1755818749921 0.0004420280456542969 0
1755818759960 0.0005328655242919922 0
1755818770004 0.0004589557647705078 0
1755818780049 0.00038313865661621094 0
1755818790086 0.00041294097900390625 0
1755818800121 0.0004451274871826172 0
1755818810165 0.0005729198455810547 0
1755818820209 0.0004911422729492188 0
1755818830252 0.0003972053527832031 0
1755818840303 0.0009448528289794922 0
1755818850336 0.00040984153747558594 0
1755818860374 0.0004284381866455078 0
1755818870415 0.000392913818359375 0
1755818880450 0.00041961669921875 0
1755818890485 0.00045108795166015625 0
1755818900519 0.0005002021789550781 0
1755818910555 0.0004062652587890625 0
1755818920592 0.0005235671997070312 0
1755818930628 0.00040650367736816406 0
1755818940662 0.0004949569702148438 0
1755818950696 0.0003650188446044922 0
1755818960733 0.0005648136138916016 0
1755818970771 0.00042247772216796875 0
1755818980811 0.0005478858947753906 0
1755818990848 0.00048041343688964844 0
1755819000882 0.0004315376281738281 0
1755819010921 0.00045490264892578125 0
1755819020959 0.0005109310150146484 0
1755819031002 0.0005753040313720703 0
1755819041044 0.0005879402160644531 0
1755819051085 0.0004520416259765625 0
1755819061122 0.00044083595275878906 0
1755819071161 0.0004475116729736328 0
1755819081207 0.0005216598510742188 0
1755819091246 0.0003669261932373047 0
1755819101284 0.0004105567932128906 0
1755819111321 0.00045228004455566406 0
1755819121355 0.0004153251647949219 0
1755819131387 0.0004036426544189453 0
1755819141429 0.0003571510314941406 0
1755819151464 0.00045418739318847656 0
1755819161498 0.0004215240478515625 0
1755819171531 0.00039505958557128906 0
1755819181565 0.00036787986755371094 0
1755819191601 0.00035858154296875 0
1755819201642 0.00044035911560058594 0
1755819211683 0.0005900859832763672 0
1755819221724 0.00043010711669921875 0
1755819231771 0.0005366802215576172 0
1755819241810 0.00040221214294433594 0
1755819251845 0.0004181861877441406 0
1755819261882 0.00041556358337402344 0
1755819271919 0.0003757476806640625 0
1755819281958 0.0005502700805664062 0
1755819291996 0.0005261898040771484 0
1755819302036 0.0005426406860351562 0
1755819312078 0.0006086826324462891 0
1755819322116 0.0006508827209472656 0
1755819332152 0.0004248619079589844 0
1755819342189 0.0004134178161621094 0
1755819352228 0.0004885196685791016 0
1755819362270 0.0004811286926269531 0
1755819372307 0.00041031837463378906 0
1755819382341 0.00040984153747558594 0
1755819392378 0.00041484832763671875 0
1755819402415 0.00040078163146972656 0
1755819412455 0.0004222393035888672 0
1755819422492 0.0006170272827148438 0
1755819432527 0.000415802001953125 0
1755819442561 0.0004532337188720703 0
1755819452597 0.0004286766052246094 0
1755819462636 0.00042319297790527344 0
1755819472668 0.0004353523254394531 0
1755819482708 0.0004963874816894531 0
1755819492742 0.0004382133483886719 0
1755819502780 0.0003578662872314453 0
1755819512820 0.0004787445068359375 0
1755819522857 0.0003788471221923828 0
1755819532893 0.0005857944488525391 0
1755819542928 0.00051116943359375 0
1755819552965 0.0004189014434814453 0
1755819563005 0.00036263465881347656 0
1755819573044 0.0004944801330566406 0
1755819583082 0.00042057037353515625 0
1755819593116 0.00037670135498046875 0
1755819603153 0.0003714561462402344 0
1755819613188 0.0004169940948486328 0
1755819623221 0.00047206878662109375 0
1755819633259 0.00044465065002441406 0
1755819643300 0.0005311965942382812 0
1755819653336 0.0003669261932373047 0
1755819663373 0.0004019737243652344 0
1755819673410 0.00078582763671875 0
1755819683448 0.0003504753112792969 0
1755819693490 0.0004019737243652344 0
1755819703531 0.0004074573516845703 0
1755819713565 0.00042319297790527344 0
1755819723604 0.0004131793975830078 0
1755819733641 0.0003635883331298828 0
1755819743679 0.0004069805145263672 0
1755819753715 0.00040841102600097656 0
1755819763752 0.00041103363037109375 0
1755819773787 0.0004208087921142578 0
1755819783821 0.0004241466522216797 0
1755819793857 0.0004241466522216797 0
1755819803891 0.0004317760467529297 0
1755819813931 0.0004432201385498047 0
1755819823972 0.0006868839263916016 0
1755819834008 0.00036644935607910156 0
1755819844043 0.00041675567626953125 0
1755819854083 0.0005359649658203125 0
1755819864121 0.00034689903259277344 0
1755819874161 0.0004069805145263672 0
1755819884197 0.0005457401275634766 0
1755819894238 0.0004439353942871094 0
1755819904274 0.00039577484130859375 0
1755819914311 0.0004410743713378906 0
1755819924349 0.00048661231994628906 0
1755819934384 0.0004239082336425781 0
1755819944418 0.0004062652587890625 0
1755819954452 0.0004515647888183594 0
1755819964487 0.00040340423583984375 0
1755819974563 0.0004584789276123047 0
1755819984598 0.00041937828063964844 0
1755819994635 0.0004062652587890625 0
1755820004672 0.00041174888610839844 0
1755820014707 0.000362396240234375 0
1755820024745 0.0004172325134277344 0
1755820034784 0.0003886222839355469 0
1755820044830 0.00046324729919433594 0
1755820054872 0.0003724098205566406 0
1755820064912 0.00054931640625 0
1755820074950 0.00042629241943359375 0
1755820084989 0.0004894733428955078 0
1755820095026 0.0004019737243652344 0
1755820105063 0.0004246234893798828 0
1755820115109 0.0005085468292236328 0
1755820125148 0.0005619525909423828 0
1755820135186 0.000514984130859375 0
1755820145223 0.0003650188446044922 0
1755820155260 0.0003745555877685547 0
1755820165298 0.0004165172576904297 0
1755820175341 0.00046753883361816406 0
1755820185376 0.00040912628173828125 0
1755820195418 0.0004329681396484375 0
1755820205466 0.0004363059997558594 0
1755820215501 0.000522613525390625 0
1755820225539 0.00036835670471191406 0
1755820235572 0.0004062652587890625 0
1755820245607 0.00040411949157714844 0
1755820255645 0.00041985511779785156 0
1755820265681 0.00039958953857421875 0
1755820275717 0.00043892860412597656 0
1755820285750 0.0004284381866455078 0
1755820295794 0.0005033016204833984 0
1755820305834 0.0004253387451171875 0
1755820315872 0.0004124641418457031 0
1755820325912 0.00042366981506347656 0
1755820335946 0.0004849433898925781 0
1755820345991 0.0004382133483886719 0
1755820356029 0.0004017353057861328 0
1755820366065 0.00043320655822753906 0
1755820376101 0.0004227161407470703 0
1755820386137 0.0004031658172607422 0
1755820396172 0.00047779083251953125 0
1755820406208 0.00042366981506347656 0
1755820416249 0.0004391670227050781 0
1755820426294 0.0005218982696533203 0
1755820436331 0.0004315376281738281 0
1755820446373 0.0004742145538330078 0
1755820456411 0.0004496574401855469 0
1755820466448 0.0003814697265625 0
1755820476486 0.00043392181396484375 0
1755820486519 0.00040340423583984375 0
1755820496566 0.0005214214324951172 0
1755820506604 0.00043654441833496094 0
1755820516651 0.00042176246643066406 0
1755820526686 0.0004737377166748047 0
1755820536738 0.0004417896270751953 0
1755820546778 0.0004401206970214844 0
1755820556815 0.00040459632873535156 0
1755820566856 0.0005884170532226562 0
1755820576896 0.0003695487976074219 0
1755820586932 0.00044417381286621094 0
1755820596970 0.0003952980041503906 0
1755820607005 0.00043773651123046875 0
1755820617042 0.0004286766052246094 0
1755820627079 0.0004336833953857422 0
1755820637116 0.0004153251647949219 0
1755820647151 0.00035762786865234375 0
1755820657211 0.0009593963623046875 0
1755820667253 0.0006351470947265625 0
1755820677295 0.0005896091461181641 0
1755820687335 0.0005619525909423828 0
1755820697376 0.00046253204345703125 0
1755820707414 0.0004165172576904297 0
1755820717455 0.0004754066467285156 0
1755820727492 0.0003733634948730469 0
1755820737527 0.0004737377166748047 0
1755820747567 0.0004961490631103516 0
1755820757603 0.0004146099090576172 0
1755820767641 0.0005855560302734375 0
1755820777674 0.0004036426544189453 0
1755820787711 0.0004115104675292969 0
1755820797756 0.00044989585876464844 0
1755820807794 0.0005209445953369141 0
1755820817832 0.0006575584411621094 0
1755820827876 0.0010557174682617188 0
1755820837920 0.0008051395416259766 0
1755820847960 0.00040912628173828125 0
1755820858000 0.0004353523254394531 0
1755820868042 0.0005033016204833984 0
1755820878082 0.0004115104675292969 0
1755820888125 0.0004379749298095703 0
1755820898164 0.0004265308380126953 0
1755820908201 0.0004189014434814453 0
1755820918241 0.0005714893341064453 0
1755820928284 0.0006983280181884766 0
1755820938329 0.0005769729614257812 0
1755820948370 0.0004963874816894531 0
1755820958409 0.0003712177276611328 0
1755820968450 0.00042724609375 0
1755820978486 0.0004904270172119141 0
1755820988523 0.0004017353057861328 0
1755820998563 0.0005769729614257812 0
1755821008601 0.0004115104675292969 0
1755821018637 0.00036215782165527344 0
1755821028674 0.00070953369140625 0
1755821038710 0.00040912628173828125 0
1755821048750 0.00040841102600097656 0
1755821058782 0.00046062469482421875 0
1755821068826 0.0011813640594482422 0
1755821078859 0.0004229545593261719 0
1755821088894 0.00042057037353515625 0
1755821098932 0.0004947185516357422 0
1755821108966 0.0004177093505859375 0
1755821119001 0.00040721893310546875 0
1755821129038 0.0004191398620605469 0
1755821139072 0.00042366981506347656 0
1755821149107 0.0004153251647949219 0
1755821159142 0.00040268898010253906 0
1755821169178 0.00043511390686035156 0
1755821179216 0.0004105567932128906 0
1755821189255 0.0004124641418457031 0
1755821199292 0.000408172607421875 0
1755821209331 0.0007040500640869141 0
1755821219377 0.0004782676696777344 0
1755821229425 0.0005981922149658203 0
1755821239470 0.0005025863647460938 0
1755821249512 0.00037384033203125 0
1755821259556 0.0007977485656738281 0
1755821269601 0.000644683837890625 0
1755821279633 0.0003952980041503906 0
1755821289671 0.0003674030303955078 0
1755821299708 0.0004622936248779297 0
1755821309752 0.00044798851013183594 0
1755821319787 0.00047087669372558594 0
1755821329823 0.00036597251892089844 0
1755821339856 0.0003638267517089844 0
1755821349893 0.0004291534423828125 0
1755821359935 0.0008847713470458984 0
1755821369971 0.0003809928894042969 0
1755821380005 0.00043463706970214844 0
1755821390042 0.00043320655822753906 0
1755821400090 0.0004999637603759766 0
1755821410127 0.00042247772216796875 0
1755821420167 0.0004401206970214844 0
1755821430203 0.0003573894500732422 0
1755821440239 0.0003707408905029297 0
1755821450275 0.00035834312438964844 0
1755821460313 0.0004742145538330078 0
1755821470350 0.00035691261291503906 0
1755821480387 0.0004444122314453125 0
1755821490441 0.0005714893341064453 0
1755821500477 0.0004458427429199219 0
1755821510511 0.0004792213439941406 0
1755821520551 0.0006198883056640625 0
1755821530589 0.0005273818969726562 0
1755821540630 0.000400543212890625 0
1755821550668 0.00048279762268066406 0
1755821560707 0.00038933753967285156 0
1755821570740 0.0004031658172607422 0
1755821580780 0.00040721893310546875 0
1755821590816 0.00040841102600097656 0
1755821600858 0.00042247772216796875 0
1755821610892 0.0005121231079101562 0
1755821620926 0.00035834312438964844 0
1755821630961 0.00036644935607910156 0
1755821640996 0.00041222572326660156 0
1755821651032 0.00042176246643066406 0
1755821661072 0.0003719329833984375 0
1755821671105 0.0004456043243408203 0
1755821681151 0.00044727325439453125 0
1755821691189 0.00033092498779296875 0
1755821701227 0.00041794776916503906 0
1755821711266 0.00045371055603027344 0
1755821721304 0.00036215782165527344 0
1755821731339 0.0003788471221923828 0
1755821741377 0.0004036426544189453 0
1755821751411 0.0003876686096191406 0
1755821761448 0.0005853176116943359 0
1755821771484 0.00041747093200683594 0
1755821781518 0.0004413127899169922 0
1755821791554 0.00042319297790527344 0
1755821801587 0.00040030479431152344 0
1755821811624 0.0004291534423828125 0
1755821821662 0.00045680999755859375 0
1755821831701 0.00038886070251464844 0
1755821841738 0.0004088878631591797 0
1755821851775 0.0004086494445800781 0
1755821861812 0.0005240440368652344 0
1755821871849 0.0004622936248779297 0
1755821881884 0.0004918575286865234 0
1755821891926 0.0006046295166015625 0
1755821901962 0.00044655799865722656 0
1755821911997 0.00039958953857421875 0
1755821922041 0.0004172325134277344 0
1755821932078 0.0003921985626220703 0
1755821942112 0.00040602684020996094 0
1755821952153 0.00040912628173828125 0
1755821962189 0.0004425048828125 0
1755821972225 0.0003566741943359375 0
1755821982269 0.0004382133483886719 0
1755821992305 0.0004968643188476562 0
1755822002340 0.00040721893310546875 0
1755822012380 0.0004146099090576172 0
1755822022415 0.0005095005035400391 0
1755822032451 0.0004622936248779297 0
1755822042489 0.0004100799560546875 0
1755822052528 0.0005092620849609375 0
1755822062572 0.0006577968597412109 0
1755822072614 0.0005750656127929688 0
1755822082654 0.0005688667297363281 0
1755822092694 0.0005273818969726562 0
1755822102732 0.0005433559417724609 0
1755822112767 0.00041961669921875 0
1755822122802 0.0004048347473144531 0
1755822132840 0.0005786418914794922 0
1755822142882 0.0006206035614013672 0
1755822152925 0.0004000663757324219 0
1755822162964 0.0004124641418457031 0
1755822173003 0.0004658699035644531 0
1755822183038 0.0004911422729492188 0
1755822193076 0.0006117820739746094 0
1755822203111 0.0004649162292480469 0
1755822213151 0.0006051063537597656 0
1755822223189 0.0004062652587890625 0
1755822233225 0.0004153251647949219 0
1755822243259 0.00040984153747558594 0
1755822253294 0.0004189014434814453 0
1755822263330 0.00040841102600097656 0
1755822273367 0.00041031837463378906 0
1755822283400 0.00041222572326660156 0
1755822293439 0.0004143714904785156 0
1755822303474 0.00042128562927246094 0
1755822313508 0.0004048347473144531 0
1755822323547 0.0004227161407470703 0
1755822333583 0.0004093647003173828 0
1755822343615 0.00045371055603027344 0
1755822353650 0.0004093647003173828 0
1755822363687 0.00044536590576171875 0
1755822373724 0.00042700767517089844 0
1755822383764 0.00040602684020996094 0
1755822393798 0.00041556358337402344 0
1755822403834 0.0004699230194091797 0
1755822413872 0.00042247772216796875 0
1755822423908 0.00041365623474121094 0
1755822433944 0.00040984153747558594 0
1755822443980 0.0004374980926513672 0
1755822454045 0.0005519390106201172 0
1755822464090 0.0007264614105224609 0
1755822474127 0.00046062469482421875 0
1755822484163 0.0004303455352783203 0
1755822494195 0.0004334449768066406 0
1755822504230 0.00042057037353515625 0
1755822514265 0.00041484832763671875 0
1755822524301 0.00040650367736816406 0
1755822534337 0.00041484832763671875 0
1755822544374 0.0004048347473144531 0
1755822554409 0.0005352497100830078 0
1755822564445 0.00041103363037109375 0
1755822574481 0.0004482269287109375 0
1755822584519 0.0004470348358154297 0
1755822594555 0.0004432201385498047 0
1755822604593 0.0004506111145019531 0
1755822614628 0.00041365623474121094 0
1755822624669 0.00040268898010253906 0
1755822634710 0.0004229545593261719 0
1755822644745 0.0004119873046875 0
1755822654781 0.00046753883361816406 0
1755822664816 0.0004010200500488281 0
1755822674848 0.0004086494445800781 0
1755822684887 0.0004100799560546875 0
1755822694923 0.0004153251647949219 0
1755822704956 0.00044035911560058594 0
1755822714995 0.0004355907440185547 0
1755822725034 0.0004172325134277344 0
1755822735074 0.000438690185546875 0
1755822745112 0.0004017353057861328 0
1755822755148 0.0004360675811767578 0
1755822765185 0.0004401206970214844 0
1755822775220 0.0004239082336425781 0
1755822785255 0.0004534721374511719 0
1755822795287 0.000415802001953125 0
1755822805363 0.0004031658172607422 0
1755822815399 0.00042724609375 0
1755822895967 0.0005164146423339844 0
1755822906008 0.0004107952117919922 0
1755822916043 0.0004448890686035156 0
1755822926814 0.0007491111755371094 0
1755822936853 0.0005323886871337891 0
1755822946891 0.0004210472106933594 0
1755822957430 0.0006616115570068359 0
1755822967484 0.0006253719329833984 0
1755822977952 0.0004222393035888672 0
1755823006413 0.0005939006805419922 0
1755823016454 0.00046253204345703125 0
1755823027087 0.0008139610290527344 0
1755823044403 0.0005748271942138672 0
1755823054448 0.0005893707275390625 0
1755823064494 0.00046062469482421875 0
1755823092429 0.0005693435668945312 0
1755823102474 0.0006253719329833984 0
1755823113212 0.0004527568817138672 0
1755823424434 0.00057220458984375 0
1755823434491 0.0007622241973876953 0
1755823445124 0.0006682872772216797 0
1755823464444 0.0005483627319335938 0
1755823474501 0.0005495548248291016 0
1755823485332 0.0004298686981201172 0
1755823525422 0.0012574195861816406 0
1755823535470 0.0007152557373046875 0
1755823546860 0.0004444122314453125 0
1755823561429 0.0007109642028808594 0
1755823571477 0.00048065185546875 0
1755823581514 0.0005674362182617188 0
1755823650471 0.0005266666412353516 0
1755823660535 0.0005843639373779297 0
1755823671145 0.0004138946533203125 0
1755823682425 0.0008983612060546875 0
1755823692481 0.0005621910095214844 0
1755823702518 0.0005216598510742188 0
1755823737457 0.0012972354888916016 0
1755823747591 0.0004875659942626953 0
1755823758161 0.0005993843078613281 0
1755824892512 0.0005953311920166016 0
1755824902551 0.000453948974609375 0
1755824912053 0.00041675567626953125 0
1755824922468 0.0006215572357177734 0
1755824932529 0.00039887428283691406 0
1755824942571 0.0007762908935546875 0
1755824954469 0.0007305145263671875 0
1755824964520 0.003663778305053711 0
1755824974567 0.0006146430969238281 0
1755824985469 0.0005910396575927734 0
1755824995523 0.0005042552947998047 0
1755825005592 0.0005705356597900391 0
1755826333485 0.0009875297546386719 0
1755826343546 0.0004830360412597656 0
1755826353585 0.0004992485046386719 0
1755826364533 0.0008804798126220703 0
1755826374579 0.0005824565887451172 0
1755826384629 0.0005784034729003906 0
1755826395505 0.0005099773406982422 0
1755826405549 0.0026085376739501953 0
1755826415591 0.0005209445953369141 0
1755826426458 0.0007054805755615234 0
1755826436523 0.0005669593811035156 0
1755826446565 0.0007879734039306641 0
1755826463469 0.0007441043853759766 0
1755826473521 0.0006840229034423828 0
1755826483566 0.0006303787231445312 0
1755827708452 0.0031249523162841797 0
1755827718497 0.0005412101745605469 0
1755827728535 0.0005364418029785156 0
1755827775483 0.0006527900695800781 0
1755827785531 0.0007736682891845703 0
1755827795570 0.0006525516510009766 0
1755827805615 0.0006251335144042969 0
1755827815655 0.0006258487701416016 0
1755827825698 0.0005557537078857422 0
1755827835759 0.0007119178771972656 0
1755827845805 0.0012898445129394531 0
1755827855857 0.0012786388397216797 0
1755827865922 0.0005958080291748047 0
1755827875969 0.0008130073547363281 0
1755827886011 0.0005304813385009766 0
1755827896065 0.0003933906555175781 0
1755827906110 0.0003635883331298828 0
1755827916151 0.0004661083221435547 0
1755827926198 0.0004658699035644531 0
1755827936237 0.0006122589111328125 0
1755827946287 0.0004646778106689453 0
1755827956327 0.0004928112030029297 0
1755827966367 0.00043582916259765625 0
1755827978680 0.0003654956817626953 0
1755827988719 0.0006291866302490234 0
1755827998756 0.0005497932434082031 0
1755828008798 0.0005617141723632812 0
1755828018842 0.0005440711975097656 0
1755828028878 0.0007112026214599609 0
1755828038921 0.0006489753723144531 0
1755828048964 0.0005340576171875 0
1755828058999 0.0006268024444580078 0
1755828069042 0.0004208087921142578 0
1755828079084 0.0006396770477294922 0
1755828089126 0.0004284381866455078 0
1755828099165 0.0005702972412109375 0
1755828109211 0.0005705356597900391 0
1755828119249 0.0004916191101074219 0
1755828129294 0.0005137920379638672 0
1755828139327 0.0005116462707519531 0
1755828149376 0.0005717277526855469 0
1755828159420 0.0004584789276123047 0
1755828169465 0.0003609657287597656 0
1755828179505 0.0005216598510742188 0
1755828189538 0.0005629062652587891 0
1755828199584 0.00045490264892578125 0
1755828209626 0.0005390644073486328 0
1755828219669 0.00046753883361816406 0
1755828229708 0.0005638599395751953 0
1755828239752 0.0020008087158203125 0
1755828249798 0.0005772113800048828 0
1755828259838 0.0006043910980224609 0
1755828269879 0.0008015632629394531 0
1755828279921 0.0007579326629638672 0
1755828289962 0.00047707557678222656 0
1755828300008 0.0005090236663818359 0
1755828310043 0.0004413127899169922 0
1755828320085 0.0004355907440185547 0
1755828330122 0.0006990432739257812 0
1755828340168 0.0005538463592529297 0
1755828350241 0.0009562969207763672 0
1755828360289 0.0005519390106201172 0
1755828370328 0.00046825408935546875 0
1755828380401 0.0006585121154785156 0
1755828390452 0.0007190704345703125 0
1755828400498 0.0006151199340820312 0
1755828410539 0.0006430149078369141 0
1755828420574 0.0006477832794189453 0
1755828430617 0.0006031990051269531 0
1755828440659 0.000720977783203125 0
1755828450738 0.00044417381286621094 0
1755828460777 0.0006804466247558594 0
1755828470852 0.0005915164947509766 0
1755828480891 0.0005316734313964844 0
1755828490932 0.0003788471221923828 0
1755828500975 0.0005753040313720703 0
1755828511013 0.0006930828094482422 0
1755828521055 0.0004553794860839844 0
1755828531097 0.0007219314575195312 0
1755828541157 0.0005733966827392578 0
1755828551197 0.0004277229309082031 0
1755828561233 0.00048041343688964844 0
1755828571278 0.0005612373352050781 0
1755828581314 0.00044274330139160156 0
1755828591352 0.00045418739318847656 0
1755828601435 0.0006175041198730469 0
1755828611477 0.0004055500030517578 0
1755828621548 0.00042939186096191406 0
1755828631584 0.0004184246063232422 0
1755828641621 0.0003986358642578125 0
1755828651657 0.0004112720489501953 0
1755828661707 0.0004601478576660156 0
1755828671747 0.00039076805114746094 0
1755828681784 0.0004093647003173828 0
1755828691836 0.0004992485046386719 0
1755828701876 0.0004048347473144531 0
1755828711917 0.0004112720489501953 0
1755828721956 0.00039768218994140625 0
1755828731999 0.00042891502380371094 0
1755828742038 0.00040340423583984375 0
1755828752078 0.00042724609375 0
1755828762117 0.0009002685546875 0
1755828772159 0.0005502700805664062 0
1755828782196 0.000514984130859375 0
1755828792231 0.0005609989166259766 0
1755828802276 0.00047969818115234375 0
1755828812311 0.0004513263702392578 0
1755828822362 0.0004527568817138672 0
1755828832402 0.0004146099090576172 0
1755828842436 0.0008122920989990234 0
1755828852477 0.0004506111145019531 0
1755828862515 0.0005652904510498047 0
1755828872556 0.0007719993591308594 0
1755828882596 0.0005490779876708984 0
1755828892637 0.0006475448608398438 0
1755828902683 0.0005452632904052734 0
1755828912721 0.0006744861602783203 0
1755828922766 0.0004754066467285156 0
1755828932809 0.0005753040313720703 0
1755828942852 0.0007109642028808594 0
1755828952891 0.0007081031799316406 0
1755828962941 0.0005979537963867188 0
1755828972977 0.0006961822509765625 0
1755828983017 0.0007817745208740234 0
1755828993064 0.0006618499755859375 0
1755829003103 0.0005502700805664062 0
1755829013136 0.0006444454193115234 0
1755829023176 0.0007879734039306641 0
1755829033222 0.0005207061767578125 0
1755829043260 0.0004570484161376953 0
1755829053299 0.0005300045013427734 0
1755829063335 0.0005772113800048828 0
1755829073369 0.0005939006805419922 0
1755829083411 0.0006763935089111328 0
1755829093454 0.0004208087921142578 0
1755829103498 0.0005533695220947266 0
1755829113544 0.0006268024444580078 0
1755829123589 0.0004661083221435547 0
1755829133641 0.00047850608825683594 0
1755829143683 0.0004401206970214844 0
1755829153726 0.0005700588226318359 0
1755829163771 0.00043487548828125 0
1755829173811 0.0005476474761962891 0
1755829183852 0.00043773651123046875 0
1755829193890 0.0004513263702392578 0
1755829203946 0.0005018711090087891 0
1755829213986 0.0004076957702636719 0
1755829224027 0.0004227161407470703 0
1755829234063 0.0004107952117919922 0
1755829244103 0.0004210472106933594 0
1755829254140 0.00041103363037109375 0
1755829264184 0.00044083595275878906 0
1755829274220 0.0004162788391113281 0
1755829284258 0.00039577484130859375 0
1755829294302 0.0005733966827392578 0
1755829304337 0.000705718994140625 0
1755829314382 0.0006015300750732422 0
1755829324421 0.0005633831024169922 0
1755829334457 0.0005514621734619141 0
1755829344500 0.0008845329284667969 0
1755829354543 0.0004661083221435547 0
1755829364623 0.0004112720489501953 0
1755829374661 0.0004169940948486328 0
1755829384701 0.00047516822814941406 0
1755829394736 0.00043129920959472656 0
1755829404773 0.00040411949157714844 0
1755829414813 0.00041413307189941406 0
1755829424875 0.0005366802215576172 0
1755829434915 0.0005657672882080078 0
1755829444952 0.0006628036499023438 0
1755829455040 0.00039839744567871094 0
1755829465078 0.0006334781646728516 0
1755829475154 0.0007011890411376953 0
1755829485238 0.0005445480346679688 0
1755829495278 0.0004222393035888672 0
1755829505311 0.0006155967712402344 0
1755829515353 0.0003921985626220703 0
1755829525394 0.0009434223175048828 0
1755829535437 0.0006186962127685547 0
1755829545480 0.0004818439483642578 0
1755829555531 0.0004253387451171875 0
1755829565569 0.0004267692565917969 0
1755829575609 0.0005619525909423828 0
1755829585652 0.0006504058837890625 0
1755829595692 0.0007262229919433594 0
1755829605742 0.0006258487701416016 0
1755829615785 0.0004210472106933594 0
1755829625822 0.0003573894500732422 0
1755829635890 0.0006482601165771484 0
1755829645936 0.0006077289581298828 0
1755829656007 0.0005626678466796875 0
1755829666090 0.0005335807800292969 0
1755829676130 0.00035691261291503906 0
1755829686164 0.0004973411560058594 0
1755829696245 0.0005960464477539062 0
1755829706290 0.0004107952117919922 0
1755829716334 0.0004677772521972656 0
1755829726373 0.0005402565002441406 0
1755829736413 0.0005562305450439453 0
1755829746455 0.00044536590576171875 0
1755829756526 0.0004677772521972656 0
1755829766565 0.0004870891571044922 0
1755829776607 0.0005850791931152344 0
1755829786647 0.0005946159362792969 0
1755829796687 0.0003910064697265625 0
1755829806724 0.0005121231079101562 0
1755829816765 0.00048160552978515625 0
1755829826811 0.0004913806915283203 0
1755829836849 0.0005602836608886719 0
1755829846895 0.00044655799865722656 0
1755829856933 0.0006973743438720703 0
1755829866981 0.0005528926849365234 0
1755829877017 0.0008361339569091797 0
1755829887063 0.00042510032653808594 0
1755829897099 0.00040650367736816406 0
1755829907144 0.0006654262542724609 0
1755829917179 0.0006473064422607422 0
1755829927222 0.0005774497985839844 0
1755829937260 0.0004279613494873047 0
1755829947295 0.0005061626434326172 0
1755829957341 0.00054931640625 0
1755829967382 0.0006110668182373047 0
1755829977420 0.0004279613494873047 0
1755829987459 0.0005686283111572266 0
1755829997497 0.0008034706115722656 0
1755830007541 0.0015769004821777344 0
1755830017577 0.0010974407196044922 0
1755830027623 0.0004115104675292969 0
1755830037678 0.0007243156433105469 0
1755830047734 0.00040721893310546875 0
1755830057775 0.0004515647888183594 0
1755830067829 0.0005266666412353516 0
1755830077870 0.0004248619079589844 0
1755830087909 0.00042819976806640625 0
1755830097951 0.00041484832763671875 0
1755830107991 0.0004334449768066406 0
1755830118026 0.00040411949157714844 0
1755830128069 0.000431060791015625 0
1755830138109 0.0004131793975830078 0
1755830148143 0.0008146762847900391 0
1755830158187 0.0007355213165283203 0
1755830168234 0.0004718303680419922 0
1755830178284 0.0006229877471923828 0
1755830188331 0.0005762577056884766 0
1755830198388 0.00042366981506347656 0
1755830208440 0.00052642822265625 0
1755830218492 0.0007207393646240234 0
1755830228549 0.0005223751068115234 0
1755830238595 0.0006568431854248047 0
1755830248645 0.0005576610565185547 0
1755830258691 0.0010764598846435547 0
1755830268735 0.0006444454193115234 0
1755830278780 0.0006318092346191406 0
1755830288825 0.0005457401275634766 0
1755830298876 0.0006971359252929688 0
1755830308919 0.00042057037353515625 0
1755830318966 0.0004482269287109375 0
1755830329022 0.0005702972412109375 0
1755830339069 0.0004544258117675781 0
1755830349115 0.0005338191986083984 0
1755830359160 0.00046372413635253906 0
1755830369200 0.00048160552978515625 0
1755830379261 0.001192331314086914 0
1755830389300 0.0004112720489501953 0
1755830399336 0.0004425048828125 0
1755830409372 0.0004725456237792969 0
1755830419419 0.0005307197570800781 0
1755830429456 0.00045418739318847656 0
1755830439508 0.0005209445953369141 0
1755830449550 0.0005636215209960938 0
1755830459590 0.0004334449768066406 0
1755830469626 0.00037217140197753906 0
1755830479656 0.00043845176696777344 0
1755830489695 0.0006289482116699219 0
1755830499736 0.00040650367736816406 0
1755830509773 0.0005211830139160156 0
1755830519809 0.0004527568817138672 0
1755830529848 0.0004260540008544922 0
1755830539893 0.0005915164947509766 0
1755830549927 0.0003573894500732422 0
1755830559963 0.0004038810729980469 0
1755830569995 0.0004603862762451172 0
1755830580036 0.0004985332489013672 0
1755830590088 0.0005598068237304688 0
1755830600147 0.0009198188781738281 0
1755830610197 0.0007321834564208984 0
1755830620242 0.0005791187286376953 0
1755830630292 0.0005702972412109375 0
1755830640330 0.00043272972106933594 0
1755830650375 0.00043654441833496094 0
1755830660412 0.0005757808685302734 0
1755830670453 0.0005865097045898438 0
1755830680497 0.00047898292541503906 0
1755830690535 0.0005304813385009766 0
1755830700582 0.0007939338684082031 0
1755830710642 0.0006897449493408203 0
1755830720694 0.00045108795166015625 0
1755830730738 0.0004220008850097656 0
1755830740775 0.00042510032653808594 0
1755830750822 0.0004210472106933594 0
1755830760865 0.00041031837463378906 0
1755830770904 0.0006380081176757812 0
1755830780948 0.0004477500915527344 0
1755830790996 0.0005795955657958984 0
1755830801043 0.0006315708160400391 0
1755830811091 0.0006074905395507812 0
1755830821138 0.0005028247833251953 0
1755830831182 0.0005662441253662109 0
1755830841224 0.0005483627319335938 0
1755830851280 0.0010676383972167969 0
1755830861326 0.0006451606750488281 0
1755830871372 0.0006046295166015625 0
1755830881422 0.0007545948028564453 0
1755830891463 0.00042819976806640625 0
1755830901510 0.0005726814270019531 0
1755830911555 0.0005624294281005859 0
1755830921608 0.0006232261657714844 0
1755830931647 0.0004780292510986328 0
1755830941688 0.0005135536193847656 0
1755830951734 0.0008523464202880859 0
1755830961779 0.0005934238433837891 0
1755830971829 0.00038123130798339844 0
1755830981877 0.0017452239990234375 0
1755830991916 0.0005738735198974609 0
1755831001958 0.0005691051483154297 0
1755831012011 0.0011661052703857422 0
1755831022054 0.0005733966827392578 0
1755831032096 0.0004971027374267578 0
1755831042135 0.00047135353088378906 0
1755831052178 0.0006604194641113281 0
1755831062235 0.0006039142608642578 0
1755831072285 0.0006539821624755859 0
1755831082334 0.0004887580871582031 0
1755831092379 0.0006442070007324219 0
1755831102428 0.0006568431854248047 0
1755831112474 0.0005910396575927734 0
1755831122519 0.0005159378051757812 0
1755831132562 0.0005409717559814453 0
1755831142604 0.0006177425384521484 0
1755831152655 0.0009405612945556641 0
1755831162703 0.0005395412445068359 0
1755831172754 0.0009064674377441406 0
1755831182794 0.0006301403045654297 0
1755831192838 0.00044417381286621094 0
1755831202884 0.0005152225494384766 0
1755831212929 0.0004215240478515625 0
1755831222975 0.0005044937133789062 0
1755831233016 0.0004074573516845703 0
1755831243060 0.0005042552947998047 0
1755831253103 0.0006775856018066406 0
1755831263146 0.00042319297790527344 0
1755831273195 0.0004966259002685547 0
1755831283245 0.0005867481231689453 0
1755831293282 0.0004451274871826172 0
1755831303331 0.0005788803100585938 0
1755831313385 0.0005915164947509766 0
1755831323423 0.0004048347473144531 0
1755831333473 0.0007746219635009766 0
1755831343507 0.0004718303680419922 0
1755831353554 0.0006670951843261719 0
1755831363598 0.0005199909210205078 0
1755831373645 0.0005371570587158203 0
1755831383694 0.0005733966827392578 0
1755831393742 0.00041413307189941406 0
1755831403778 0.00048470497131347656 0
1755831413822 0.0006344318389892578 0
1755831423867 0.0005946159362792969 0
1755831433911 0.0009171962738037109 0
1755831443970 0.0004601478576660156 0
1755831454016 0.0006136894226074219 0
1755831464067 0.0006151199340820312 0
1755831474115 0.0004999637603759766 0
1755831484155 0.0005965232849121094 0
1755831494207 0.00054168701171875 0
1755831504256 0.0004239082336425781 0
1755831514298 0.0005886554718017578 0
1755831524345 0.0005085468292236328 0
1755831534387 0.0004215240478515625 0
1755831544444 0.0005261898040771484 0
1755831554495 0.0006642341613769531 0
1755831564539 0.0004799365997314453 0
1755831574580 0.00042557716369628906 0
1755831584627 0.0004477500915527344 0
1755831594666 0.0004525184631347656 0
1755831604706 0.0005397796630859375 0
1755831614756 0.0005521774291992188 0
1755831624796 0.00045228004455566406 0
1755831634840 0.000446319580078125 0
1755831644888 0.0006561279296875 0
1755831654942 0.0003914833068847656 0
1755831664989 0.0006456375122070312 0
1755831675029 0.0003707408905029297 0
1755831685071 0.0007698535919189453 0
1755831695108 0.0005438327789306641 0
1755831705149 0.0005764961242675781 0
1755831715196 0.0006258487701416016 0
1755831725249 0.0007874965667724609 0
1755831735291 0.0006077289581298828 0
1755831745328 0.0005044937133789062 0
1755831755372 0.000637054443359375 0
1755831765409 0.0005247592926025391 0
1755831775457 0.0006644725799560547 0
1755831785499 0.000652313232421875 0
1755831795545 0.0006377696990966797 0
1755831805585 0.00046253204345703125 0
1755831815622 0.0003962516784667969 0
1755831825663 0.0004000663757324219 0
1755831835724 0.0008151531219482422 0
1755831845769 0.0005381107330322266 0
1755831855809 0.0003752708435058594 0
1755831865849 0.0003871917724609375 0
1755831875887 0.0004730224609375 0
1755831885927 0.0004661083221435547 0
1755831895970 0.0005524158477783203 0
1755831906010 0.00043010711669921875 0
1755831916055 0.0005936622619628906 0
1755831926108 0.0005288124084472656 0
1755831936154 0.0004756450653076172 0
1755831946197 0.0005185604095458984 0
1755831956235 0.0005922317504882812 0
1755831966279 0.0005249977111816406 0
1755831976318 0.00039887428283691406 0
1755831986356 0.0004279613494873047 0
1755831996390 0.000431060791015625 0
1755832006432 0.00048422813415527344 0
1755832016474 0.0004589557647705078 0
1755832026527 0.0005807876586914062 0
1755832036568 0.00042057037353515625 0
1755832046619 0.0004642009735107422 0
1755832056657 0.0005168914794921875 0
1755832066697 0.00036263465881347656 0
1755832076732 0.0004029273986816406 0
1755832086772 0.0004839897155761719 0
1755832096810 0.0006585121154785156 0
1755832106855 0.0003948211669921875 0
1755832116899 0.0004897117614746094 0
1755832126937 0.00042819976806640625 0
1755832136983 0.0005679130554199219 0
1755832147021 0.00045037269592285156 0
1755832157063 0.0005095005035400391 0
1755832167106 0.0006895065307617188 0
1755832177143 0.0004951953887939453 0
1755832187180 0.0006480216979980469 0
1755832197231 0.0004582405090332031 0
1755832207275 0.000377655029296875 0
1755832217323 0.0006909370422363281 0
1755832227364 0.0004189014434814453 0
1755832237400 0.00040435791015625 0
1755832247443 0.00044655799865722656 0
1755832257480 0.0004296302795410156 0
1755832267523 0.0006165504455566406 0
1755832277559 0.00045013427734375 0
1755832287602 0.0005555152893066406 0
1755832297642 0.0005040168762207031 0
1755832307686 0.0005450248718261719 0
1755832317731 0.00043320655822753906 0
1755832327774 0.0006964206695556641 0
1755832337817 0.0004856586456298828 0
1755832347857 0.0005054473876953125 0
1755832357893 0.000408172607421875 0
1755832367933 0.0005667209625244141 0
1755832377970 0.00041413307189941406 0
1755832388011 0.0006210803985595703 0
1755832398056 0.0005590915679931641 0
1755832408105 0.0004391670227050781 0
1755832418152 0.0004703998565673828 0
1755832428205 0.0007839202880859375 0
1755832438250 0.0003991127014160156 0
1755832448294 0.0004906654357910156 0
1755832458337 0.0004565715789794922 0
1755832468381 0.0005056858062744141 0
1755832478416 0.0004646778106689453 0
1755832488476 0.0004894733428955078 0
1755832498521 0.00040793418884277344 0
1755832508557 0.0005486011505126953 0
1755832518593 0.00041604042053222656 0
1755832528631 0.0004189014434814453 0
1755832538669 0.00041222572326660156 0
1755832548709 0.00047659873962402344 0
1755832558748 0.00039958953857421875 0
1755832568788 0.0004432201385498047 0
1755832578830 0.0003821849822998047 0
1755832588868 0.00042724609375 0
1755832598905 0.0004057884216308594 0
1755832608948 0.000396728515625 0
1755832618981 0.00041556358337402344 0
1755832629018 0.00041961669921875 0
1755832639061 0.0011429786682128906 0
1755832649101 0.0005466938018798828 0
1755832659138 0.0004565715789794922 0
1755832669188 0.0005283355712890625 0
1755832679229 0.0004181861877441406 0
1755832689270 0.0004284381866455078 0
1755832699324 0.0007410049438476562 0
1755832709369 0.0004208087921142578 0
1755832719408 0.0005652904510498047 0
1755832729441 0.0004971027374267578 0
1755832739478 0.0004127025604248047 0
1755832749514 0.0004146099090576172 0
1755832759551 0.00040268898010253906 0
1755832769587 0.00040531158447265625 0
1755832779620 0.0005135536193847656 0
1755832789660 0.00041866302490234375 0
1755832799696 0.0003848075866699219 0
1755832809734 0.0004432201385498047 0
1755832819770 0.00041556358337402344 0
1755832829810 0.0004277229309082031 0
1755832839849 0.0004279613494873047 0
1755832849889 0.00041294097900390625 0
1755832859925 0.00041365623474121094 0
1755832869961 0.0003941059112548828 0
1755832880008 0.0004088878631591797 0
1755832890047 0.0004172325134277344 0
1755832900088 0.0004494190216064453 0
1755832910124 0.00043272972106933594 0
1755832920160 0.0004336833953857422 0
1755832930198 0.0004532337188720703 0
1755832940237 0.00039839744567871094 0
1755832950274 0.0004177093505859375 0
1755832960310 0.00042128562927246094 0
1755832970347 0.00041937828063964844 0
1755832980381 0.0004227161407470703 0
1755832990419 0.0004546642303466797 0
1755833000454 0.0004138946533203125 0
1755833010493 0.0004208087921142578 0
1755833020530 0.0004165172576904297 0
1755833030571 0.00041556358337402344 0
1755833040617 0.0005486011505126953 0
1755833050654 0.00042724609375 0
1755833060692 0.0004191398620605469 0
1755833070725 0.0004305839538574219 0
1755833080762 0.0004227161407470703 0
1755833090798 0.0004191398620605469 0
1755833100831 0.0004105567932128906 0
1755833110870 0.0003943443298339844 0
1755833120906 0.0003685951232910156 0
1755833130943 0.00037741661071777344 0
1755833140981 0.0004220008850097656 0
1755833151019 0.00040340423583984375 0
1755833161058 0.0004203319549560547 0
1755833171099 0.0004286766052246094 0
1755833181136 0.0003695487976074219 0
1755833191172 0.0004143714904785156 0
1755833201212 0.0004067420959472656 0
1755833211256 0.0005087852478027344 0
1755833221294 0.0004343986511230469 0
1755833231349 0.0003921985626220703 0
1755833241387 0.0004239082336425781 0
1755833251423 0.00041413307189941406 0
1755833261464 0.00047969818115234375 0
1755833271498 0.0004420280456542969 0
1755833281537 0.0005087852478027344 0
1755833291577 0.000408172607421875 0
1755833301621 0.00075531005859375 0
1755833311661 0.00048351287841796875 0
1755833321699 0.00045013427734375 0
1755833331750 0.0005247592926025391 0
1755833341795 0.0005407333374023438 0
1755833351836 0.0004322528839111328 0
1755833361875 0.00040221214294433594 0
1755833371918 0.00041937828063964844 0
1755833381957 0.0007293224334716797 0
1755833391991 0.00040411949157714844 0
1755833402032 0.00046181678771972656 0
1755833412070 0.00042557716369628906 0
1755833422112 0.0007197856903076172 0
1755833432157 0.0004718303680419922 0
1755833442197 0.000530242919921875 0
1755833452237 0.0003960132598876953 0
1755833462277 0.0005064010620117188 0
1755833472318 0.0005326271057128906 0
1755833482357 0.0007030963897705078 0
1755833492398 0.000469207763671875 0
1755833502449 0.00044155120849609375 0
1755833512485 0.00045990943908691406 0
1755833522526 0.00048470497131347656 0
1755833532568 0.00045800209045410156 0
1755833542608 0.00061798095703125 0
1755833552652 0.0005359649658203125 0
1755833562688 0.0004813671112060547 0
1755833572727 0.0004241466522216797 0
1755833582767 0.0006999969482421875 0
1755833592809 0.0005681514739990234 0
1755833602851 0.0004107952117919922 0
1755833612889 0.0006308555603027344 0
1755833622933 0.0005922317504882812 0
1755833632975 0.00055694580078125 0
1755833643017 0.00047016143798828125 0
1755833653061 0.0009596347808837891 0
1755833663097 0.00039887428283691406 0
1755833673140 0.0004165172576904297 0
1755833683183 0.0005910396575927734 0
1755833693231 0.0006277561187744141 0
1755833703274 0.00058746337890625 0
1755833713315 0.0004253387451171875 0
1755833723358 0.0004723072052001953 0
1755833733407 0.0006058216094970703 0
1755833743452 0.0004417896270751953 0
1755833753491 0.0004489421844482422 0
1755833763534 0.0005769729614257812 0
1755833773578 0.0005011558532714844 0
1755833783614 0.0004928112030029297 0
1755833793650 0.00039505958557128906 0
1755833803688 0.0005793571472167969 0
1755833813725 0.00042057037353515625 0
1755833823770 0.0005981922149658203 0
1755833833821 0.00043582916259765625 0
1755833843856 0.0004105567932128906 0
1755833853901 0.00041365623474121094 0
1755833863941 0.0006144046783447266 0
1755833873982 0.0007326602935791016 0
1755833884034 0.0005342960357666016 0
1755833894082 0.0005004405975341797 0
1755833904125 0.0004258155822753906 0
1755833914170 0.0006284713745117188 0
1755833924211 0.0004432201385498047 0
1755833934252 0.0004405975341796875 0
1755833944298 0.0008134841918945312 0
1755833954346 0.0005125999450683594 0
1755833964388 0.0005044937133789062 0
1755833974430 0.0005624294281005859 0
1755833984465 0.0005693435668945312 0
1755833994507 0.0005366802215576172 0
1755834004577 0.0005717277526855469 0
1755834014623 0.0005128383636474609 0
1755834024667 0.0004494190216064453 0
1755834034714 0.0005714893341064453 0
1755834044757 0.00046634674072265625 0
1755834054798 0.00040268898010253906 0
1755834064837 0.0004515647888183594 0
1755834074880 0.0005371570587158203 0
1755834084927 0.00055694580078125 0
1755834094973 0.0008230209350585938 0
1755834105026 0.0006465911865234375 0
1755834115075 0.0004763603210449219 0
1755834125120 0.0006465911865234375 0
1755834135167 0.0005357265472412109 0
1755834145214 0.0004591941833496094 0
1755834155251 0.00047206878662109375 0
1755834165290 0.0005166530609130859 0
1755834175327 0.00042438507080078125 0
1755834185365 0.0006129741668701172 0
1755834195406 0.0007028579711914062 0
1755834205450 0.0005202293395996094 0
1755834215493 0.0004067420959472656 0
1755834225536 0.0007872581481933594 0
1755834235573 0.0004000663757324219 0
1755834245619 0.0005729198455810547 0
1755834255663 0.00060272216796875 0
1755834265709 0.0006031990051269531 0
1755834275755 0.00037217140197753906 0
1755834285807 0.00046372413635253906 0
1755834295847 0.0005812644958496094 0
1755834305890 0.0005805492401123047 0
1755834315947 0.0005819797515869141 0
1755834325992 0.000579833984375 0
1755834336034 0.0004916191101074219 0
1755834346075 0.0005161762237548828 0
1755834356127 0.000637054443359375 0
1755834366179 0.0016620159149169922 0
1755834376220 0.0004215240478515625 0
1755834386268 0.00047206878662109375 0
1755834396305 0.000606536865234375 0
1755834406351 0.0004200935363769531 0
1755834416398 0.0005552768707275391 0
1755834426439 0.0005791187286376953 0
1755834436485 0.0004391670227050781 0
1755834446527 0.0006318092346191406 0
1755834456573 0.00045108795166015625 0
1755834466611 0.00036787986755371094 0
1755834476652 0.0005905628204345703 0
1755834486688 0.0004456043243408203 0
1755834496739 0.0004603862762451172 0
1755834506784 0.0004801750183105469 0
1755834516830 0.0004444122314453125 0
1755834526871 0.0005834102630615234 0
1755834536911 0.0005621910095214844 0
1755834546956 0.0005118846893310547 0
1755834556992 0.0004363059997558594 0
1755834567039 0.0005609989166259766 0
1755834577080 0.00046443939208984375 0
1755834587122 0.0004019737243652344 0
1755834597168 0.0005812644958496094 0
1755834607222 0.0003809928894042969 0
1755834617261 0.0007207393646240234 0
1755834627302 0.00043201446533203125 0
1755834637351 0.0004761219024658203 0
1755834647393 0.0005142688751220703 0
1755834657434 0.00045800209045410156 0
1755834667472 0.0005972385406494141 0
1755834677517 0.0006334781646728516 0
1755834687565 0.0004839897155761719 0
1755834697603 0.0003979206085205078 0
1755834707648 0.0006003379821777344 0
1755834717694 0.0005705356597900391 0
1755834727745 0.0030345916748046875 0
1755834737794 0.0005922317504882812 0
1755834747844 0.0005190372467041016 0
1755834757903 0.0005719661712646484 0
1755834767950 0.0005164146423339844 0
1755834778018 0.0006256103515625 0
1755834788087 0.001117706298828125 0
1755834798153 0.0005717277526855469 0
1755834808225 0.0011446475982666016 0
1755834818286 0.0004954338073730469 0
1755834828337 0.0005981922149658203 0
1755834838394 0.0008103847503662109 0
1755834848441 0.0004596710205078125 0
1755834858495 0.0006196498870849609 0
1755834868539 0.00045561790466308594 0
1755834878578 0.0004360675811767578 0
1755834888615 0.0003833770751953125 0
1755834898655 0.0004241466522216797 0
1755834908697 0.00041675567626953125 0
1755834918736 0.000396728515625 0
1755834928770 0.0004222393035888672 0
1755834938806 0.00043320655822753906 0
1755834948842 0.0004258155822753906 0
1755834958877 0.00041484832763671875 0
1755834968914 0.0005052089691162109 0
1755834978952 0.0005061626434326172 0
1755834988994 0.0005052089691162109 0
1755834999031 0.00044035911560058594 0
1755835009067 0.0005605220794677734 0
1755835019105 0.0004200935363769531 0
1755835029150 0.00042724609375 0
1755835039187 0.00044798851013183594 0
1755835049227 0.0011301040649414062 0
1755835059266 0.0006816387176513672 0
1755835069310 0.0004169940948486328 0
1755835079352 0.0004291534423828125 0
1755835089391 0.0004105567932128906 0
1755835099425 0.00039696693420410156 0
1755835109459 0.0004100799560546875 0
1755835119499 0.0004153251647949219 0
1755835129535 0.0004086494445800781 0
1755835139569 0.0004062652587890625 0
1755835149607 0.0004208087921142578 0
1755835159644 0.0004837512969970703 0
1755835169678 0.0006196498870849609 0
1755835179713 0.0004265308380126953 0
1755835189754 0.0004210472106933594 0
1755835199792 0.00041747093200683594 0
1755835209830 0.0004737377166748047 0
1755835219866 0.0004067420959472656 0
1755835229907 0.0004296302795410156 0
1755835239944 0.0003864765167236328 0
1755835249982 0.0004436969757080078 0
1755835260020 0.0005109310150146484 0
1755835270061 0.00047206878662109375 0
1755835280096 0.0005767345428466797 0
1755835290133 0.00041937828063964844 0
1755835300170 0.00043392181396484375 0
1755835310206 0.00047707557678222656 0
1755835320240 0.0004968643188476562 0
1755835330278 0.00041294097900390625 0
1755835340311 0.0004239082336425781 0
1755835350345 0.00043082237243652344 0
1755835360385 0.00040435791015625 0
1755835370424 0.00039958953857421875 0
1755835380461 0.0004334449768066406 0
1755835390510 0.0005192756652832031 0
1755835400547 0.00038886070251464844 0
1755835410584 0.00042557716369628906 0
1755835420622 0.0003886222839355469 0
1755835430662 0.0004954338073730469 0
1755835440703 0.0004363059997558594 0
1755835450740 0.00042724609375 0
1755835460776 0.0004017353057861328 0
1755835470811 0.00042366981506347656 0
1755835480846 0.0003991127014160156 0
1755835490882 0.0004112720489501953 0
1755835500919 0.0004634857177734375 0
1755835510957 0.00041031837463378906 0
1755835520992 0.0004258155822753906 0
1755835531029 0.0004191398620605469 0
1755835541063 0.0004093647003173828 0
1755835551099 0.00043392181396484375 0
1755835561133 0.0004436969757080078 0
1755835571172 0.0005545616149902344 0
1755835581215 0.0004024505615234375 0
1755835591253 0.0004432201385498047 0
1755835601288 0.0004029273986816406 0
1755835611326 0.0005676746368408203 0
1755835621380 0.00045299530029296875 0
1755835631420 0.00043392181396484375 0
1755835641469 0.0005769729614257812 0
1755835651509 0.0005860328674316406 0
1755835661552 0.0004818439483642578 0
1755835671590 0.00040149688720703125 0
1755835681630 0.00038504600524902344 0
1755835691667 0.0004715919494628906 0
1755835701703 0.0004215240478515625 0
1755835711739 0.0004124641418457031 0
1755835721774 0.00041937828063964844 0
1755835731815 0.0004208087921142578 0
1755835741852 0.0004317760467529297 0
1755835751888 0.0004012584686279297 0
1755835761922 0.00040841102600097656 0
1755835771961 0.0004048347473144531 0
1755835782000 0.0004124641418457031 0
1755835792034 0.0004050731658935547 0
1755835802076 0.0005173683166503906 0
1755835812113 0.00041294097900390625 0
1755835822155 0.0005459785461425781 0
1755835832195 0.00040531158447265625 0
1755835842230 0.00042510032653808594 0
1755835852274 0.0004260540008544922 0
1755835862311 0.0004062652587890625 0
1755835872345 0.00035190582275390625 0
1755835882384 0.00041556358337402344 0
1755835892424 0.0006010532379150391 0
1755835902460 0.00040912628173828125 0
1755835912500 0.0004794597625732422 0
1755835922539 0.0005137920379638672 0
1755835932583 0.0004153251647949219 0
1755835942620 0.00040912628173828125 0
1755835952662 0.0004189014434814453 0
1755835962696 0.00047087669372558594 0
1755835972731 0.00040078163146972656 0
1755835982769 0.0004477500915527344 0
1755835992805 0.00041747093200683594 0
1755836002844 0.0004177093505859375 0
1755836012880 0.0003991127014160156 0
1755836022915 0.00044274330139160156 0
1755836032954 0.0004248619079589844 0
1755836042990 0.00041413307189941406 0
1755836053028 0.00047469139099121094 0
1755836063070 0.0004987716674804688 0
1755836073109 0.0005819797515869141 0
1755836083150 0.0005342960357666016 0
1755836093187 0.0004277229309082031 0
1755836103222 0.0005686283111572266 0
1755836113262 0.0004367828369140625 0
1755836123304 0.0004515647888183594 0
1755836133338 0.00040459632873535156 0
1755836143374 0.0004215240478515625 0
1755836153413 0.0004208087921142578 0
1755836163450 0.00041365623474121094 0
1755836173484 0.0004181861877441406 0
1755836183523 0.0004260540008544922 0
1755836193575 0.0004379749298095703 0
1755836203612 0.00041222572326660156 0
1755836213648 0.0004239082336425781 0
1755836223686 0.0005447864532470703 0
1755836233723 0.00042700767517089844 0
1755836243759 0.00039887428283691406 0
1755836253798 0.00041365623474121094 0
1755836263837 0.00037169456481933594 0
1755836273875 0.0004932880401611328 0
1755836283923 0.0004191398620605469 0
1755836293973 0.001001596450805664 0
1755836304026 0.00044536590576171875 0
1755836314070 0.00043892860412597656 0
1755836324106 0.0004189014434814453 0
1755836334141 0.00041174888610839844 0
1755836344178 0.0005412101745605469 0
1755836354219 0.0005261898040771484 0
1755836364255 0.0004050731658935547 0
1755836374306 0.0005853176116943359 0
1755836384342 0.00043392181396484375 0
1755836394450 0.0005640983581542969 0
1755836404505 0.0007662773132324219 0
1755836414548 0.00045561790466308594 0
1755836417539 0.0005800724029541016 0
1755836424586 0.0003986358642578125 0
1755836434623 0.00042176246643066406 0
1755836444660 0.00041937828063964844 0
1755836454699 0.0004532337188720703 0
1755836464738 0.0004093647003173828 0
1755836474776 0.00041604042053222656 0
1755836484812 0.0004050731658935547 0
1755836494846 0.00041031837463378906 0
1755836504880 0.0004208087921142578 0
1755836514917 0.0005064010620117188 0
1755836524954 0.0004298686981201172 0
1755836535016 0.0006527900695800781 0
1755836545057 0.00040459632873535156 0
1755836555091 0.00046324729919433594 0
1755836565128 0.0003616809844970703 0
1755836575184 0.0026416778564453125 0
1755836585227 0.0004208087921142578 0
1755836595260 0.0004191398620605469 0
1755836605296 0.0003910064697265625 0
1755836615336 0.00041413307189941406 0
1755836625372 0.0004241466522216797 0
1755836635412 0.00044655799865722656 0
1755836645467 0.0006024837493896484 0
1755836655501 0.00041747093200683594 0
1755836665537 0.0004127025604248047 0
1755836675577 0.0004138946533203125 0
1755836685611 0.0004596710205078125 0
1755836695647 0.0004410743713378906 0
1755836705688 0.0005242824554443359 0
1755836715724 0.0004134178161621094 0
1755836725761 0.0004222393035888672 0
1755836735796 0.0004851818084716797 0
1755836745838 0.000415802001953125 0
1755836755876 0.0007536411285400391 0
1755836765911 0.00041604042053222656 0
1755836775951 0.0004334449768066406 0
1755836785992 0.0006220340728759766 0
1755836796028 0.00038361549377441406 0
1755836806103 0.000400543212890625 0
1755836816144 0.0005009174346923828 0
1755836826180 0.0004215240478515625 0
1755836836261 0.00035834312438964844 0
1755836846300 0.0004076957702636719 0
1755836856341 0.000568389892578125 0
1755836866380 0.00043010711669921875 0
1755836876415 0.00043892860412597656 0
1755836886452 0.0004105567932128906 0
1755836896498 0.0004115104675292969 0
1755836906540 0.0004305839538574219 0
1755836916578 0.00040149688720703125 0
1755836926619 0.0005984306335449219 0
1755836936662 0.0004000663757324219 0
1755836946702 0.0006153583526611328 0
1755836956736 0.0004076957702636719 0
1755836966770 0.0004277229309082031 0
1755836976806 0.00042319297790527344 0
1755836986845 0.0004162788391113281 0
1755836996880 0.0004143714904785156 0
1755837006917 0.0004379749298095703 0
1755837016953 0.0004169940948486328 0
1755837026993 0.00044608116149902344 0
1755837037028 0.000423431396484375 0
1755837047063 0.00042319297790527344 0
1755837057095 0.0004127025604248047 0
1755837067133 0.0004658699035644531 0
1755837077171 0.0004107952117919922 0
1755837087206 0.00039386749267578125 0
1755837097239 0.00044989585876464844 0
1755837107273 0.0004096031188964844 0
1755837117307 0.0004291534423828125 0
1755837127342 0.00042128562927246094 0
1755837137378 0.00043320655822753906 0
1755837147415 0.0004961490631103516 0
1755837157451 0.0004048347473144531 0
1755837167489 0.00041985511779785156 0
1755837177527 0.0004029273986816406 0
1755837187562 0.00048470497131347656 0
1755837197598 0.0004334449768066406 0
1755837207643 0.0004127025604248047 0
1755837217678 0.0004265308380126953 0
1755837227716 0.0004131793975830078 0
1755837237752 0.00043845176696777344 0
1755837247788 0.00041365623474121094 0
1755837257827 0.0004329681396484375 0
1755837267861 0.00039577484130859375 0
1755837277896 0.00043487548828125 0
1755837287933 0.0004184246063232422 0
1755837297967 0.0004057884216308594 0
1755837308002 0.00047087669372558594 0
1755837318043 0.0004837512969970703 0
1755837328078 0.00041937828063964844 0
1755837338116 0.00047898292541503906 0
1755837348151 0.0004189014434814453 0
1755837358204 0.00046706199645996094 0
1755837368240 0.00040411949157714844 0
1755837378274 0.00042319297790527344 0
1755837388314 0.0004215240478515625 0
1755837398350 0.00035643577575683594 0
1755837408388 0.00047588348388671875 0
1755837418422 0.00041604042053222656 0
1755837428464 0.00043129920959472656 0
1755837438500 0.0005946159362792969 0
1755837448536 0.00046372413635253906 0
1755837458575 0.00041103363037109375 0
1755837468614 0.00038361549377441406 0
1755837478652 0.0007927417755126953 0
1755837488698 0.0004374980926513672 0
1755837498733 0.00043272972106933594 0
1755837508770 0.00040793418884277344 0
1755837518814 0.0004029273986816406 0
1755837528853 0.0005593299865722656 0
1755837538888 0.0004284381866455078 0
1755837548930 0.0005536079406738281 0
1755837558972 0.00043201446533203125 0
1755837569007 0.00037384033203125 0
1755837579043 0.0004811286926269531 0
1755837589079 0.00039386749267578125 0
1755837599129 0.0018088817596435547 0
1755837609166 0.00042748451232910156 0
1755837619208 0.0004830360412597656 0
1755837629243 0.0006690025329589844 0
1755837639279 0.0004138946533203125 0
1755837649324 0.00040721893310546875 0
1755837659362 0.00041675567626953125 0
1755837669404 0.000392913818359375 0
1755837679451 0.0005452632904052734 0
1755837689498 0.0004184246063232422 0
1755837699539 0.00044155120849609375 0
1755837709576 0.00041747093200683594 0
1755837719615 0.0004124641418457031 0
1755837729652 0.00041937828063964844 0
1755837739689 0.0004315376281738281 0
1755837749732 0.0006616115570068359 0
1755837759770 0.0005908012390136719 0
1755837769817 0.0006563663482666016 0
1755837779858 0.0004317760467529297 0
1755837789893 0.0005767345428466797 0
1755837799929 0.0004181861877441406 0
1755837809970 0.00042700767517089844 0
1755837820008 0.0005419254302978516 0
1755837830042 0.0003871917724609375 0
1755837840079 0.0003685951232910156 0
1755837850117 0.00042319297790527344 0
1755837860152 0.0003802776336669922 0
1755837870196 0.0004031658172607422 0
1755837880229 0.0004062652587890625 0
1755837890264 0.0004086494445800781 0
1755837900301 0.000469207763671875 0
1755837910336 0.0004680156707763672 0
1755837914839 0.00037169456481933594 0
1755837920376 0.00042557716369628906 0
1755837930414 0.0004611015319824219 0
1755837940450 0.00041174888610839844 0
1755837950487 0.0004942417144775391 0
1755837960521 0.0004177093505859375 0
1755837970562 0.00044083595275878906 0
1755837980604 0.0004496574401855469 0
1755837990644 0.0004374980926513672 0
1755838000685 0.0004673004150390625 0
1755838010720 0.00045228004455566406 0
1755838020759 0.00042939186096191406 0
1755838030794 0.00038552284240722656 0
1755838040829 0.0004291534423828125 0
1755838050867 0.00037479400634765625 0
1755838060902 0.00048160552978515625 0
1755838070940 0.0004451274871826172 0
1755838080978 0.0006198883056640625 0
1755838091018 0.0006325244903564453 0
1755838101054 0.0004329681396484375 0
1755838111092 0.0004181861877441406 0
1755838121130 0.0005679130554199219 0
1755838131169 0.00042724609375 0
1755838141203 0.00041985511779785156 0
1755838151239 0.0006272792816162109 0
1755838161278 0.0003743171691894531 0
1755838171317 0.0004322528839111328 0
1755838181359 0.0005786418914794922 0
1755838191407 0.0006058216094970703 0
1755838201448 0.0006053447723388672 0
1755838207039 0.00041222572326660156 0
1755838211488 0.0004239082336425781 0
1755838221526 0.00041604042053222656 0
1755838231568 0.000431060791015625 0
1755838241603 0.0004112720489501953 0
1755838251636 0.0004012584686279297 0
1755838261671 0.00036072731018066406 0
1755838271712 0.0004124641418457031 0
1755838281747 0.0004813671112060547 0
1755838291781 0.0004131793975830078 0
1755838301816 0.0004112720489501953 0
1755838311853 0.0004107952117919922 0
1755838321893 0.00046324729919433594 0
1755838331932 0.00041556358337402344 0
1755838341972 0.0004177093505859375 0
1755838352013 0.0004355907440185547 0
1755838362055 0.0008139610290527344 0
1755838372093 0.0004658699035644531 0
1755838382129 0.0004315376281738281 0
1755838392175 0.0003757476806640625 0
1755838402212 0.0005245208740234375 0
1755838412254 0.0004987716674804688 0
1755838422290 0.0004138946533203125 0
1755838432331 0.0004534721374511719 0
1755838442375 0.0004050731658935547 0
1755838452413 0.0004298686981201172 0
1755838462447 0.0004296302795410156 0
1755838472484 0.0004322528839111328 0
1755838482528 0.00044417381286621094 0
1755838492570 0.00039577484130859375 0
1755838502607 0.0005860328674316406 0
1755838512645 0.0005159378051757812 0
1755838522682 0.00043582916259765625 0
1755838532724 0.0004096031188964844 0
1755838542762 0.0003771781921386719 0
1755838552800 0.0004291534423828125 0
1755838562836 0.00041866302490234375 0
1755838572874 0.0005450248718261719 0
1755838582915 0.00037360191345214844 0
1755838592954 0.0004265308380126953 0
1755838602991 0.00042438507080078125 0
1755838613026 0.0005967617034912109 0
1755838623061 0.0003676414489746094 0
1755838633096 0.0004696846008300781 0
1755838643129 0.00042891502380371094 0
1755838653170 0.00045418739318847656 0
1755838663209 0.0005178451538085938 0
1755838673257 0.00043892860412597656 0
1755838683295 0.0004520416259765625 0
1755838693336 0.00042438507080078125 0
1755838703379 0.00037598609924316406 0
1755838713412 0.00042748451232910156 0
1755838723447 0.0004169940948486328 0
1755838733484 0.0004172325134277344 0
1755838743521 0.00046944618225097656 0
1755838753560 0.0004520416259765625 0
1755838763596 0.00040411949157714844 0
1755838773639 0.0004904270172119141 0
1755838783675 0.0004737377166748047 0
1755838793712 0.0004284381866455078 0
1755838803749 0.00043511390686035156 0
1755838813784 0.00036597251892089844 0
1755838823824 0.00045752525329589844 0
1755838833859 0.00042819976806640625 0
1755838843893 0.0004115104675292969 0
1755838853927 0.0004131793975830078 0
1755838863963 0.0003590583801269531 0
1755838873997 0.00043320655822753906 0
1755838884035 0.00041294097900390625 0
1755838894075 0.0004200935363769531 0
1755838904106 0.0004143714904785156 0
1755838914140 0.0004076957702636719 0
1755838924177 0.0004215240478515625 0
1755838934212 0.00046372413635253906 0
1755838944247 0.00041031837463378906 0
1755838954285 0.0004019737243652344 0
1755838964326 0.0004038810729980469 0
1755838974361 0.0003561973571777344 0
1755838984394 0.0004143714904785156 0
1755838994433 0.0003628730773925781 0
1755839004465 0.00041413307189941406 0
1755839014504 0.00048279762268066406 0
1755839024546 0.00042557716369628906 0
1755839034584 0.0005323886871337891 0
1755839044622 0.00041103363037109375 0
1755839054657 0.000423431396484375 0
1755839064697 0.00041675567626953125 0
1755839074731 0.0004105567932128906 0
1755839084770 0.00039124488830566406 0
1755839094808 0.00041556358337402344 0
1755839104845 0.00041794776916503906 0
1755839114878 0.0004074573516845703 0
1755839124913 0.0004220008850097656 0
1755839134952 0.0004444122314453125 0
1755839144990 0.00041675567626953125 0
1755839155037 0.0005083084106445312 0
1755839165076 0.0004131793975830078 0
1755839175110 0.00040030479431152344 0
1755839185146 0.00042891502380371094 0
1755839195181 0.000362396240234375 0
1755839203533 0.0003936290740966797 0
1755839205221 0.0005147457122802734 0
1755839215263 0.0004138946533203125 0
1755839225304 0.0004115104675292969 0
1755839235343 0.0004146099090576172 0
1755839245382 0.00039386749267578125 0
1755839255420 0.00041985511779785156 0
1755839265460 0.0004229545593261719 0
1755839275500 0.0004634857177734375 0
1755839285538 0.0004417896270751953 0
1755839295576 0.0004482269287109375 0
1755839305614 0.00037169456481933594 0
1755839315648 0.0004482269287109375 0
1755839325682 0.0004115104675292969 0
1755839335718 0.00042819976806640625 0
1755839345750 0.0003993511199951172 0
1755839355791 0.00041794776916503906 0
1755839365830 0.00045609474182128906 0
1755839375866 0.00040602684020996094 0
1755839385910 0.0006170272827148438 0
1755839395947 0.0003650188446044922 0
1755839405982 0.0003504753112792969 0
1755839416026 0.000797271728515625 0
1755839426063 0.00042247772216796875 0
1755839436098 0.00041556358337402344 0
1755839446144 0.0006694793701171875 0
1755839456185 0.0004525184631347656 0
1755839466224 0.0005955696105957031 0
1755839476268 0.000423431396484375 0
1755839486305 0.0004315376281738281 0
1755839496353 0.0004165172576904297 0
1755839506397 0.00041604042053222656 0
1755839516435 0.00048351287841796875 0
1755839526473 0.00045752525329589844 0
1755839536520 0.0004024505615234375 0
1755839546557 0.0005776882171630859 0
1755839556594 0.0004279613494873047 0
1755839566637 0.0005648136138916016 0
1755839576683 0.0005924701690673828 0
1755839586724 0.0006127357482910156 0
1755839596760 0.0004100799560546875 0
1755839606802 0.0007231235504150391 0
1755839616837 0.0004069805145263672 0
1755839626874 0.0004286766052246094 0
1755839636909 0.0004258155822753906 0
1755839646951 0.0006544589996337891 0
1755839656986 0.00041365623474121094 0
1755839667031 0.00039577484130859375 0
1755839677072 0.0007350444793701172 0
1755839687108 0.0004169940948486328 0
1755839697145 0.0004105567932128906 0
1755839707185 0.0005700588226318359 0
1755839717226 0.0004680156707763672 0
1755839727269 0.00048661231994628906 0
1755839737319 0.0014095306396484375 0
1755839747365 0.0005767345428466797 0
1755839757413 0.0005896091461181641 0
1755839767455 0.0005109310150146484 0
1755839777496 0.0004131793975830078 0
1755839787548 0.00046515464782714844 0
1755839797595 0.0007114410400390625 0
1755839807747 0.0008790493011474609 0
1755839817797 0.0005588531494140625 0
1755839827849 0.0005748271942138672 0
1755839837915 0.0006961822509765625 0
1755839847978 0.0007708072662353516 0
1755839858025 0.0005667209625244141 0
1755839868073 0.0005519390106201172 0
1755839878118 0.0007054805755615234 0
1755839888160 0.0004849433898925781 0
1755839898201 0.0004150867462158203 0
1755839908236 0.0005009174346923828 0
1755839918280 0.0005600452423095703 0
1755839928329 0.0007555484771728516 0
1755839938375 0.0004754066467285156 0
1755839948424 0.0008220672607421875 0
1755839958461 0.00046753883361816406 0
1755839968503 0.0004658699035644531 0
1755839978542 0.0006999969482421875 0
1755839988585 0.0004513263702392578 0
1755839998625 0.00039505958557128906 0
1755840008664 0.0005328655242919922 0
1755840018714 0.0006198883056640625 0
1755840028757 0.0005519390106201172 0
1755840038851 0.0006639957427978516 0
1755840048899 0.0006282329559326172 0
1755840058954 0.0004763603210449219 0
1755840069005 0.0005490779876708984 0
1755840069514 0.0005745887756347656 0
1755840079052 0.0006740093231201172 0
1755840089095 0.0004792213439941406 0
1755840099137 0.0004360675811767578 0
1755840109176 0.0005872249603271484 0
1755840119215 0.0007200241088867188 0
1755840129252 0.00040531158447265625 0
1755840139290 0.0004725456237792969 0
1755840149326 0.0004878044128417969 0
1755840159367 0.0004062652587890625 0
1755840169401 0.0003845691680908203 0
1755840179438 0.0004367828369140625 0
1755840189477 0.0004012584686279297 0
1755840199516 0.0004074573516845703 0
1755840209556 0.0003883838653564453 0
1755840219598 0.00039458274841308594 0
1755840229641 0.0004603862762451172 0
1755840239687 0.0006604194641113281 0
1755840249728 0.0005617141723632812 0
1755840259776 0.0007398128509521484 0
1755840269821 0.0004203319549560547 0
1755840279873 0.0005044937133789062 0
1755840289923 0.0005085468292236328 0
1755840299963 0.0004436969757080078 0
1755840309998 0.0003788471221923828 0
1755840320033 0.0007126331329345703 0
1755840330073 0.0004062652587890625 0
1755840340109 0.00039315223693847656 0
1755840350150 0.0005335807800292969 0
1755840360189 0.00045943260192871094 0
1755840370228 0.0005512237548828125 0
1755840380270 0.00038242340087890625 0
1755840390313 0.0004112720489501953 0
1755840400351 0.0003972053527832031 0
1755840410392 0.0005629062652587891 0
1755840420430 0.0005617141723632812 0
1755840430469 0.0004284381866455078 0
1755840440513 0.0004074573516845703 0
1755840450555 0.0004475116729736328 0
1755840460592 0.0004687309265136719 0
1755840470629 0.0004930496215820312 0
1755840480672 0.00041413307189941406 0
1755840490709 0.0004150867462158203 0
1755840500750 0.0004391670227050781 0
1755840510787 0.0006330013275146484 0
1755840520829 0.0005180835723876953 0
1755840530865 0.0004410743713378906 0
1755840540905 0.00045490264892578125 0
1755840550941 0.0005800724029541016 0
1755840560983 0.0006833076477050781 0
1755840571022 0.0004496574401855469 0
1755840581057 0.00040793418884277344 0
1755840591098 0.00043511390686035156 0
1755840601137 0.000385284423828125 0
1755840611174 0.0006461143493652344 0
1755840621212 0.0006649494171142578 0
1755840631253 0.0005955696105957031 0
1755840641296 0.0005135536193847656 0
1755840651336 0.00042724609375 0
1755840661373 0.0005664825439453125 0
1755840671412 0.0003991127014160156 0
1755840681448 0.0004374980926513672 0
1755840691490 0.0005667209625244141 0
1755840701527 0.0004856586456298828 0
1755840711569 0.0004379749298095703 0
1755840721618 0.00046181678771972656 0
1755840731657 0.00043845176696777344 0
1755840741697 0.0005462169647216797 0
1755840751738 0.0005910396575927734 0
1755840761776 0.0006265640258789062 0
1755840771818 0.00046539306640625 0
1755840781861 0.0005474090576171875 0
1755840791897 0.00040912628173828125 0
1755840801932 0.0004169940948486328 0
1755840811969 0.0004894733428955078 0
1755840822010 0.0004608631134033203 0
1755840832045 0.0004355907440185547 0
1755840842086 0.0004467964172363281 0
1755840852123 0.0003972053527832031 0
1755840862166 0.0005156993865966797 0
1755840872205 0.00037741661071777344 0
1755840882241 0.00037741661071777344 0
1755840892280 0.0003943443298339844 0
1755840902320 0.0004937648773193359 0
1755840912360 0.00042748451232910156 0
1755840922403 0.0004458427429199219 0
1755840932443 0.0003955364227294922 0
1755840942486 0.0006284713745117188 0
1755840952525 0.0004410743713378906 0
1755840962566 0.00047135353088378906 0
1755840972609 0.00042939186096191406 0
1755840982649 0.00041294097900390625 0
1755840992693 0.00048613548278808594 0
1755841002726 0.0004947185516357422 0
1755841012765 0.0004372596740722656 0
1755841022805 0.0004990100860595703 0
1755841032845 0.0005962848663330078 0
1755841042887 0.00043845176696777344 0
1755841052926 0.00046634674072265625 0
1755841062961 0.0004277229309082031 0
1755841072997 0.00041961669921875 0
1755841083032 0.0004165172576904297 0
1755841093068 0.0005242824554443359 0
1755841103107 0.0005347728729248047 0
1755841113153 0.00051116943359375 0
1755841123189 0.0005459785461425781 0
1755841133232 0.0005214214324951172 0
1755841143271 0.0005404949188232422 0
1755841153306 0.00041484832763671875 0
1755841163345 0.0004227161407470703 0
1755841173380 0.00039958953857421875 0
1755841183416 0.0006067752838134766 0
1755841193453 0.0004177093505859375 0
1755841203497 0.0004146099090576172 0
1755841213531 0.00042891502380371094 0
1755841223570 0.00039958953857421875 0
1755841233607 0.00041484832763671875 0
1755841243643 0.0003936290740966797 0
1755841253680 0.00043272972106933594 0
1755841263716 0.00040984153747558594 0
1755841273749 0.00044655799865722656 0
1755841283786 0.00044226646423339844 0
1755841293820 0.0004208087921142578 0
1755841303853 0.0003783702850341797 0
1755841313895 0.0004253387451171875 0
1755841323930 0.0003859996795654297 0
1755841333965 0.00043654441833496094 0
1755841344001 0.0004458427429199219 0
1755841354041 0.00039649009704589844 0
1755841364081 0.0003986358642578125 0
1755841374116 0.000423431396484375 0
1755841384150 0.0004220008850097656 0
1755841394189 0.00041794776916503906 0
1755841404221 0.0003757476806640625 0
1755841414258 0.0004227161407470703 0
1755841424294 0.0004172325134277344 0
1755841434333 0.0004055500030517578 0
1755841444367 0.00042629241943359375 0
1755841454401 0.00041985511779785156 0
1755841464439 0.0003962516784667969 0
1755841474475 0.0004153251647949219 0
1755841484514 0.00042319297790527344 0
1755841494553 0.0004010200500488281 0
1755841504587 0.0004208087921142578 0
1755841514625 0.00041794776916503906 0
1755841524660 0.00041675567626953125 0
1755841534694 0.0003998279571533203 0
1755841544730 0.00040078163146972656 0
1755841554766 0.0003905296325683594 0
1755841564802 0.0004107952117919922 0
1755841574839 0.0004124641418457031 0
1755841584879 0.0004010200500488281 0
1755841594918 0.00040459632873535156 0
1755841604958 0.0004343986511230469 0
1755841614994 0.0004024505615234375 0
1755841625027 0.0003523826599121094 0
1755841635063 0.0004012584686279297 0
1755841645098 0.0004794597625732422 0
1755841655132 0.00041031837463378906 0
1755841665165 0.0004239082336425781 0
1755841675204 0.00043082237243652344 0
1755841685239 0.00040650367736816406 0
1755841695278 0.00044918060302734375 0
1755841705317 0.0004115104675292969 0
1755841715356 0.0004105567932128906 0
1755841725391 0.00041365623474121094 0
1755841735427 0.0005850791931152344 0
1755841745463 0.0004177093505859375 0
1755841755499 0.0004086494445800781 0
1755841765532 0.0005524158477783203 0
1755841775572 0.0005464553833007812 0
1755841785606 0.00040721893310546875 0
1755841795642 0.0004105567932128906 0
1755841805678 0.0004177093505859375 0
1755841815718 0.00043463706970214844 0
1755841825751 0.0004076957702636719 0
1755841835786 0.0004184246063232422 0
1755841845825 0.00040984153747558594 0
1755841855858 0.0004246234893798828 0
1755841865895 0.0004215240478515625 0
1755841875931 0.00041484832763671875 0
1755841885966 0.0004074573516845703 0
1755841895999 0.0004169940948486328 0
1755841906034 0.0004181861877441406 0
1755841916070 0.0003924369812011719 0
1755841926104 0.00040411949157714844 0
1755841936142 0.00041961669921875 0
1755841946178 0.0005633831024169922 0
1755841956213 0.0004622936248779297 0
1755841966250 0.0003991127014160156 0
1755841976289 0.00041675567626953125 0
1755841986326 0.0004715919494628906 0
1755841996361 0.00040149688720703125 0
1755842006399 0.0004088878631591797 0
1755842016433 0.00044417381286621094 0
1755842026474 0.0004062652587890625 0
1755842036514 0.00040602684020996094 0
1755842046548 0.0004246234893798828 0
1755842056590 0.00042128562927246094 0
1755842066627 0.0004241466522216797 0
1755842076662 0.00038552284240722656 0
1755842086700 0.0004036426544189453 0
1755842096735 0.00042629241943359375 0
1755842106774 0.0004329681396484375 0
1755842116813 0.00041222572326660156 0
1755842126851 0.0004634857177734375 0
1755842136884 0.0004169940948486328 0
1755842146929 0.0004150867462158203 0
1755842156966 0.0004200935363769531 0
1755842167003 0.0004086494445800781 0
1755842177043 0.0005052089691162109 0
1755842187077 0.00039458274841308594 0
1755842197112 0.00043511390686035156 0
1755842207147 0.0003800392150878906 0
1755842217187 0.0004169940948486328 0
1755842227230 0.0004248619079589844 0
1755842237265 0.00045752525329589844 0
1755842247307 0.0004329681396484375 0
1755842257343 0.00041794776916503906 0
1755842267380 0.0004088878631591797 0
1755842277416 0.00045871734619140625 0
1755842287496 0.00041675567626953125 0
1755842297532 0.00042247772216796875 0
1755842307569 0.0004124641418457031 0
1755842317607 0.0004093647003173828 0
1755842327640 0.0003991127014160156 0
1755842337677 0.0005013942718505859 0
1755842347713 0.0004067420959472656 0
1755842357787 0.00041675567626953125 0
1755842367825 0.0004050731658935547 0
1755842377864 0.0004038810729980469 0
1755842387899 0.0004096031188964844 0
1755842397936 0.0004329681396484375 0
1755842407975 0.0004258155822753906 0
1755842418017 0.0004291534423828125 0
1755842428051 0.0004315376281738281 0
1755842438092 0.00039958953857421875 0
1755842448131 0.0004360675811767578 0
1755842458164 0.00042629241943359375 0
1755842468201 0.000392913818359375 0
1755842478238 0.0004069805145263672 0
1755842488273 0.0004355907440185547 0
1755842498305 0.0004208087921142578 0
1755842508338 0.00041675567626953125 0
1755842518374 0.0004353523254394531 0
1755842528411 0.00040340423583984375 0
1755842538454 0.0004048347473144531 0
1755842548492 0.0004215240478515625 0
1755842558526 0.00041174888610839844 0
1755842568563 0.0004181861877441406 0
1755842578599 0.0004055500030517578 0
1755842588632 0.00041961669921875 0
1755842598663 0.0004010200500488281 0
1755842608700 0.0004229545593261719 0
1755842618736 0.0004131793975830078 0
1755842628772 0.0004105567932128906 0
1755842638807 0.0004253387451171875 0
1755842648843 0.0004024505615234375 0
1755842658880 0.00041985511779785156 0
1755842668916 0.0004076957702636719 0
1755842678950 0.0004093647003173828 0
1755842688988 0.0004165172576904297 0
1755842699025 0.00042247772216796875 0
1755842709061 0.00041604042053222656 0
1755842719093 0.0004241466522216797 0
1755842729136 0.0004162788391113281 0
1755842739170 0.00040268898010253906 0
1755842749204 0.00042438507080078125 0
1755842759240 0.00042724609375 0
1755842769279 0.00048470497131347656 0
1755842779323 0.0004169940948486328 0
1755842789361 0.0003986358642578125 0
1755842799395 0.0004086494445800781 0
1755842809430 0.00042629241943359375 0
1755842819468 0.0004146099090576172 0
1755842829504 0.00040268898010253906 0
1755842839542 0.00041103363037109375 0
1755842849581 0.00040531158447265625 0
1755842859622 0.00043463706970214844 0
1755842869659 0.00046181678771972656 0
1755842879698 0.0004265308380126953 0
1755842889733 0.0004265308380126953 0
1755842899770 0.00043511390686035156 0
1755842909807 0.0005433559417724609 0
1755842919840 0.0003981590270996094 0
1755842929880 0.00040793418884277344 0
1755842939916 0.0004208087921142578 0
1755842949950 0.00041794776916503906 0
1755842959984 0.00039315223693847656 0
1755842970053 0.0004246234893798828 0
1755842980089 0.0004343986511230469 0
1755842990128 0.0004143714904785156 0
1755843000161 0.0004355907440185547 0
1755843010204 0.00041556358337402344 0
1755843020240 0.00041556358337402344 0
1755843030276 0.000385284423828125 0
1755843040319 0.0004146099090576172 0
1755843050356 0.0004096031188964844 0
1755843060392 0.00041985511779785156 0
1755843070430 0.00041556358337402344 0
1755843080466 0.0004277229309082031 0
1755843090503 0.0004107952117919922 0
1755843100541 0.00040912628173828125 0
1755843110585 0.00040721893310546875 0
1755843120626 0.00042247772216796875 0
1755843130666 0.0004150867462158203 0
1755843140706 0.0004177093505859375 0
1755843150741 0.00042724609375 0
1755843160776 0.0004105567932128906 0
1755843170814 0.00045299530029296875 0
1755843180850 0.0004200935363769531 0
1755843190881 0.0004343986511230469 0
1755843200918 0.00040221214294433594 0
1755843210956 0.00043272972106933594 0
1755843220993 0.00041365623474121094 0
1755843231029 0.0004172325134277344 0
1755843241066 0.00042510032653808594 0
1755843251100 0.0003979206085205078 0
1755843261135 0.00042700767517089844 0
1755843271171 0.0004246234893798828 0
1755843281205 0.00041103363037109375 0
1755843291239 0.00044798851013183594 0
1755843301276 0.00041103363037109375 0
1755843311313 0.0004208087921142578 0
1755843321345 0.0004253387451171875 0
1755843331384 0.0004782676696777344 0
1755843341420 0.00041556358337402344 0
1755843351455 0.0004410743713378906 0
1755843361493 0.0004210472106933594 0
1755843371533 0.0004532337188720703 0
1755843381573 0.000408172607421875 0
1755843391610 0.00040531158447265625 0
1755843401646 0.00042438507080078125 0
1755843411682 0.0005290508270263672 0
1755843421718 0.0004248619079589844 0
1755843431755 0.00040030479431152344 0
1755843441792 0.0004096031188964844 0
1755843451831 0.00040912628173828125 0
1755843461869 0.0005373954772949219 0
1755843471905 0.0004038810729980469 0
1755843481948 0.0004000663757324219 0
1755843491984 0.00043320655822753906 0
1755843502020 0.0004200935363769531 0
1755843512060 0.0004146099090576172 0
1755843522094 0.0004336833953857422 0
1755843532128 0.00041031837463378906 0
1755843542165 0.00041675567626953125 0
1755843552201 0.0004298686981201172 0
1755843562246 0.0004439353942871094 0
1755843572281 0.0007643699645996094 0
1755843582315 0.00041675567626953125 0
1755843592351 0.0004298686981201172 0
1755843602387 0.0004336833953857422 0
1755843612426 0.00047135353088378906 0
1755843622464 0.0004298686981201172 0
1755843632500 0.0004131793975830078 0
1755843642534 0.00040411949157714844 0
1755843652590 0.0004069805145263672 0
1755843662628 0.0003993511199951172 0
1755843672661 0.0004229545593261719 0
1755843682698 0.0004112720489501953 0
1755843692735 0.0004134178161621094 0
1755843702770 0.0004119873046875 0
1755843712807 0.0004649162292480469 0
1755843722846 0.0004000663757324219 0
1755843732886 0.0004105567932128906 0
1755843742924 0.0004544258117675781 0
1755843752961 0.0004329681396484375 0
1755843762996 0.00041222572326660156 0
1755843773030 0.0004169940948486328 0
1755843783069 0.00041556358337402344 0
1755843793105 0.0004444122314453125 0
1755843803142 0.0004239082336425781 0
1755843813177 0.0004127025604248047 0
1755843823216 0.00043272972106933594 0
1755843833253 0.0004315376281738281 0
1755843843288 0.0004322528839111328 0
1755843853370 0.0004646778106689453 0
1755843863404 0.0004291534423828125 0
1755843873441 0.0004000663757324219 0
1755843883476 0.000423431396484375 0
1755843893515 0.00040793418884277344 0
1755843903555 0.0004162788391113281 0
1755843913589 0.0004134178161621094 0
1755843923624 0.00041365623474121094 0
1755843933661 0.00042057037353515625 0
1755843943695 0.0005152225494384766 0
1755843953732 0.0004200935363769531 0
1755843963767 0.0004134178161621094 0
1755843973804 0.0004138946533203125 0
1755843983840 0.0004096031188964844 0
1755843993876 0.0004334449768066406 0
1755844003913 0.0004305839538574219 0
1755844013947 0.0004260540008544922 0
1755844023984 0.00042366981506347656 0
1755844034019 0.0004248619079589844 0
1755844044056 0.0004131793975830078 0
1755844054091 0.0004277229309082031 0
1755844064127 0.0004341602325439453 0
1755844074162 0.0004107952117919922 0
1755844084199 0.0004248619079589844 0
1755844094234 0.0004203319549560547 0
1755844104270 0.00041222572326660156 0
1755844114306 0.00040793418884277344 0
1755844124338 0.00042557716369628906 0
1755844134375 0.0003955364227294922 0
1755844144412 0.0004191398620605469 0
1755844154449 0.0004305839538574219 0
1755844164489 0.00045990943908691406 0
1755844174523 0.0004048347473144531 0
1755844184560 0.00040650367736816406 0
1755844194598 0.0004169940948486328 0
1755844204636 0.0013432502746582031 0
1755844214677 0.0004000663757324219 0
1755844224715 0.0004162788391113281 0
1755844234752 0.00046896934509277344 0
1755844244784 0.0004019737243652344 0
1755844254824 0.000396728515625 0
1755844264872 0.0003962516784667969 0
1755844274909 0.00041294097900390625 0
1755844284945 0.00043845176696777344 0
1755844294987 0.0004336833953857422 0
1755844305023 0.00041604042053222656 0
1755844315064 0.0004062652587890625 0
1755844325098 0.0004317760467529297 0
1755844335134 0.0004093647003173828 0
1755844345173 0.0004000663757324219 0
1755844355210 0.00041937828063964844 0
1755844365247 0.0004012584686279297 0
1755844375283 0.0004913806915283203 0
1755844385319 0.0004153251647949219 0
1755844395356 0.0004107952117919922 0
1755844405390 0.0004215240478515625 0
1755844415430 0.0004105567932128906 0
1755844425464 0.00041747093200683594 0
1755844435503 0.00042438507080078125 0
1755844445538 0.0004010200500488281 0
1755844455577 0.0004093647003173828 0
1755844465613 0.00041961669921875 0
1755844475648 0.0004324913024902344 0
1755844485687 0.00041866302490234375 0
1755844495723 0.0004277229309082031 0
1755844505758 0.0004074573516845703 0
1755844515794 0.0004515647888183594 0
1755844525831 0.0004048347473144531 0
1755844535866 0.00042057037353515625 0
1755844545907 0.0004203319549560547 0
1755844555943 0.00040650367736816406 0
1755844565978 0.0004150867462158203 0
1755844576019 0.0004248619079589844 0
1755844586052 0.00044727325439453125 0
1755844596085 0.0004146099090576172 0
1755844606122 0.000431060791015625 0
1755844616158 0.000499725341796875 0
1755844626192 0.0003561973571777344 0
1755844636233 0.00041174888610839844 0
1755844646268 0.0004050731658935547 0
1755844656305 0.00041174888610839844 0
1755844666337 0.00040793418884277344 0
1755844676373 0.00043272972106933594 0
1755844686408 0.0004105567932128906 0
1755844696447 0.00040602684020996094 0
1755844706485 0.0004723072052001953 0
1755844716521 0.00038170814514160156 0
1755844726556 0.0004322528839111328 0
1755844736594 0.0004355907440185547 0
1755844746634 0.0004131793975830078 0
1755844756672 0.00043320655822753906 0
1755844766704 0.00041985511779785156 0
1755844776742 0.0004172325134277344 0
1755844786782 0.0004246234893798828 0
1755844796815 0.0004420280456542969 0
1755844806853 0.00046133995056152344 0
1755844816891 0.0004425048828125 0
1755844826926 0.0003952980041503906 0
1755844836961 0.0004067420959472656 0
1755844847000 0.0004067420959472656 0
1755844857036 0.0004031658172607422 0
1755844867078 0.0004150867462158203 0
1755844877117 0.0004444122314453125 0
1755844887157 0.0005350112915039062 0
1755844897194 0.00041604042053222656 0
1755844907231 0.0004107952117919922 0
1755844917267 0.00048542022705078125 0
1755844927309 0.0004112720489501953 0
1755844937342 0.0004100799560546875 0
1755844947381 0.0004394054412841797 0
1755844957419 0.0005357265472412109 0
1755844967461 0.0004076957702636719 0
1755844977497 0.00039958953857421875 0
1755844987535 0.000408172607421875 0
1755844997579 0.0004181861877441406 0
1755845007615 0.0004820823669433594 0
1755845017653 0.00048804283142089844 0
1755845027689 0.0004150867462158203 0
1755845037726 0.0004181861877441406 0
1755845047806 0.0004279613494873047 0
1755845057839 0.0004124641418457031 0
1755845067881 0.00046062469482421875 0
1755845077916 0.0004248619079589844 0
1755845087959 0.00040030479431152344 0
1755845097998 0.0004069805145263672 0
1755845108032 0.00041985511779785156 0
1755845118070 0.0004324913024902344 0
1755845128110 0.00042438507080078125 0
1755845138148 0.0004291534423828125 0
1755845148183 0.0004782676696777344 0
1755845158224 0.0004267692565917969 0
1755845168301 0.0004208087921142578 0
1755845178336 0.0004000663757324219 0
1755845188376 0.0004253387451171875 0
1755845198412 0.00040984153747558594 0
1755845208450 0.0004024505615234375 0
1755845218487 0.0004315376281738281 0
1755845228526 0.0004525184631347656 0
1755845238563 0.000446319580078125 0
1755845248600 0.00041103363037109375 0
1755845258636 0.0005137920379638672 0
1755845268670 0.0004329681396484375 0
1755845278709 0.0004248619079589844 0
1755845288744 0.0003829002380371094 0
1755845298780 0.0004107952117919922 0
1755845308816 0.00043392181396484375 0
1755845318852 0.000415802001953125 0
1755845328890 0.00040912628173828125 0
1755845338935 0.00042629241943359375 0
1755845348974 0.0004994869232177734 0
1755845359011 0.0004055500030517578 0
1755845369054 0.00041222572326660156 0
1755845379096 0.00041222572326660156 0
1755845389132 0.00041866302490234375 0
1755845399168 0.00045680999755859375 0
1755845409207 0.00041365623474121094 0
1755845419241 0.0003998279571533203 0
1755845429282 0.0004024505615234375 0
1755845439315 0.0004355907440185547 0
1755845449350 0.0004138946533203125 0
1755845459385 0.00047588348388671875 0
1755845469425 0.0004296302795410156 0
1755845479460 0.00040531158447265625 0
1755845489495 0.00043201446533203125 0
1755845499530 0.0004088878631591797 0
1755845509566 0.0004248619079589844 0
1755845519642 0.0004189014434814453 0
1755845529680 0.00044035911560058594 0
1755845539719 0.00042510032653808594 0
1755845549759 0.0004324913024902344 0
1755845559792 0.00041484832763671875 0
1755845569832 0.00039696693420410156 0
1755845579870 0.00042128562927246094 0
1755845589905 0.0004439353942871094 0
1755845599941 0.0004355907440185547 0
1755845609976 0.00041985511779785156 0
1755845620010 0.00043201446533203125 0
1755845630045 0.0004105567932128906 0
1755845640082 0.0004723072052001953 0
1755845650119 0.0004100799560546875 0
1755845660156 0.0004150867462158203 0
1755845670202 0.00040984153747558594 0
1755845680237 0.0004124641418457031 0
1755845690279 0.00040459632873535156 0
1755845700315 0.0004119873046875 0
1755845710350 0.00045180320739746094 0
1755845720387 0.00040149688720703125 0
1755845730421 0.00048804283142089844 0
1755845740457 0.00041294097900390625 0
1755845750493 0.0004019737243652344 0
1755845760525 0.0004010200500488281 0
1755845770562 0.00041675567626953125 0
1755845780597 0.0004119873046875 0
1755845790629 0.0004029273986816406 0
1755845800664 0.00044083595275878906 0
1755845810702 0.0004241466522216797 0
1755845820740 0.0004360675811767578 0
1755845830773 0.0005106925964355469 0
1755845840806 0.00044655799865722656 0
1755845850841 0.00043201446533203125 0
1755845860877 0.0005023479461669922 0
1755845870915 0.0004878044128417969 0
1755845880952 0.00041484832763671875 0
1755845890988 0.00040984153747558594 0
1755845901027 0.00042366981506347656 0
1755845911068 0.0004177093505859375 0
1755845921106 0.00040721893310546875 0
1755845931143 0.00040602684020996094 0
1755845941177 0.0004150867462158203 0
1755845951215 0.00042510032653808594 0
1755845961248 0.00042891502380371094 0
1755845971288 0.0004210472106933594 0
1755845981323 0.0004889965057373047 0
1755845991358 0.00041484832763671875 0
1755846001395 0.00041484832763671875 0
1755846011438 0.0003991127014160156 0
1755846021475 0.00048065185546875 0
1755846031509 0.00045108795166015625 0
1755846041545 0.0004017353057861328 0
1755846051577 0.0004012584686279297 0
1755846061613 0.0004038810729980469 0
1755846071649 0.0004467964172363281 0
1755846081688 0.00044655799865722656 0
1755846091725 0.0004146099090576172 0
1755846101760 0.0005362033843994141 0
1755846111801 0.0004296302795410156 0
1755846121833 0.0004177093505859375 0
1755846131869 0.00040602684020996094 0
1755846141902 0.0004172325134277344 0
1755846151938 0.0004134178161621094 0
1755846161975 0.000415802001953125 0
1755846172012 0.0004336833953857422 0
1755846182052 0.00043010711669921875 0
1755846192083 0.0003573894500732422 0
1755846202127 0.00041675567626953125 0
1755846212163 0.0004048347473144531 0
1755846222197 0.0004029273986816406 0
1755846232237 0.0004019737243652344 0
1755846242272 0.0004279613494873047 0
1755846252311 0.00058746337890625 0
1755846262351 0.0003924369812011719 0
1755846272386 0.00046539306640625 0
1755846282421 0.00047469139099121094 0
1755846292456 0.00042176246643066406 0
1755846302495 0.0004286766052246094 0
1755846312528 0.0004150867462158203 0
1755846322563 0.0005059242248535156 0
1755846332601 0.0003991127014160156 0
1755846342639 0.0004184246063232422 0
1755846352672 0.0004177093505859375 0
1755846362709 0.0004050731658935547 0
1755846372746 0.0004203319549560547 0
1755846382782 0.0004146099090576172 0
1755846392821 0.0004146099090576172 0
1755846402856 0.0004420280456542969 0
1755846412892 0.0004181861877441406 0
1755846422929 0.0004107952117919922 0
1755846432966 0.0005757808685302734 0
1755846443001 0.0004341602325439453 0
1755846453036 0.0004134178161621094 0
1755846463071 0.00044727325439453125 0
1755846473106 0.00043892860412597656 0
1755846483148 0.0004165172576904297 0
1755846493188 0.00040841102600097656 0
1755846503225 0.00039458274841308594 0
1755846513260 0.00043487548828125 0
1755846523299 0.0004420280456542969 0
1755846533338 0.0006544589996337891 0
1755846543374 0.0003960132598876953 0
1755846553408 0.0004296302795410156 0
1755846563454 0.0004169940948486328 0
1755846573492 0.0004119873046875 0
1755846583529 0.0004146099090576172 0
1755846593566 0.000415802001953125 0
1755846603607 0.0004107952117919922 0
1755846613645 0.0005471706390380859 0
1755846623684 0.0004329681396484375 0
1755846633726 0.0004284381866455078 0
1755846643763 0.0004329681396484375 0
1755846653795 0.0004439353942871094 0
1755846663831 0.0004010200500488281 0
1755846673871 0.00041675567626953125 0
1755846683907 0.00039958953857421875 0
1755846693946 0.00041794776916503906 0
1755846703982 0.00041484832763671875 0
1755846714023 0.00041747093200683594 0
1755846724058 0.0004165172576904297 0
1755846734093 0.0003972053527832031 0
1755846744133 0.0004372596740722656 0
1755846754170 0.0004146099090576172 0
1755846764246 0.0004177093505859375 0
1755846774280 0.0004336833953857422 0
1755846784316 0.00044798851013183594 0
1755846794355 0.0004248619079589844 0
1755846804391 0.0005104541778564453 0
1755846814428 0.00041866302490234375 0
1755846824466 0.0004966259002685547 0
1755846834502 0.0003857612609863281 0
1755846844539 0.0003948211669921875 0
1755846854576 0.00051116943359375 0
1755846864612 0.0005197525024414062 0
1755846874648 0.0004076957702636719 0
1755846884681 0.0004074573516845703 0
1755846894715 0.0004253387451171875 0
1755846904749 0.00038933753967285156 0
1755846914797 0.0004143714904785156 0
1755846924840 0.000423431396484375 0
1755846934877 0.00048279762268066406 0
1755846944922 0.00040984153747558594 0
1755846954960 0.0004165172576904297 0
1755846964996 0.00042891502380371094 0
1755846975035 0.0004203319549560547 0
1755846985068 0.000408172607421875 0
1755846995104 0.00040268898010253906 0
1755847005141 0.0004146099090576172 0
1755847015177 0.0004191398620605469 0
1755847025213 0.0004107952117919922 0
1755847035249 0.0004153251647949219 0
1755847045287 0.00040149688720703125 0
1755847055323 0.00046253204345703125 0
1755847065359 0.0004658699035644531 0
1755847075393 0.0004067420959472656 0
1755847085437 0.00042819976806640625 0
1755847095473 0.00041794776916503906 0
1755847105507 0.0004329681396484375 0
1755847115548 0.00043082237243652344 0
1755847125582 0.00041985511779785156 0
1755847135618 0.00046372413635253906 0
1755847145655 0.00041413307189941406 0
1755847155692 0.0004208087921142578 0
1755847165728 0.0004169940948486328 0
1755847175773 0.0003924369812011719 0
1755847185814 0.00040721893310546875 0
1755847195847 0.0004112720489501953 0
1755847205882 0.0004284381866455078 0
1755847215920 0.0003936290740966797 0
1755847225955 0.00040030479431152344 0
1755847235991 0.0004169940948486328 0
1755847246026 0.00047779083251953125 0
1755847256062 0.0004277229309082031 0
1755847266097 0.00040984153747558594 0
1755847276132 0.0003790855407714844 0
1755847286173 0.00039458274841308594 0
1755847296210 0.00042629241943359375 0
1755847306245 0.0004367828369140625 0
1755847316282 0.0004551410675048828 0
1755847326323 0.00043702125549316406 0
1755847336361 0.0004596710205078125 0
1755847346397 0.0004413127899169922 0
1755847356439 0.0004153251647949219 0
1755847366478 0.00043201446533203125 0
1755847376517 0.0004248619079589844 0
1755847386552 0.0004093647003173828 0
1755847396592 0.00041556358337402344 0
1755847406630 0.00042700767517089844 0
1755847416667 0.000415802001953125 0
1755847426701 0.00041103363037109375 0
1755847436740 0.00042629241943359375 0
1755847446778 0.0004208087921142578 0
1755847456815 0.0005173683166503906 0
1755847466850 0.0004229545593261719 0
1755847476884 0.00040459632873535156 0
1755847486918 0.00040650367736816406 0
1755847496954 0.00041937828063964844 0
1755847506988 0.0004036426544189453 0
1755847517024 0.0004153251647949219 0
1755847527064 0.0004680156707763672 0
1755847537104 0.00042176246643066406 0
1755847547145 0.00042057037353515625 0
1755847557181 0.00042748451232910156 0
1755847567220 0.0004131793975830078 0
1755847577258 0.0004343986511230469 0
1755847587298 0.0004112720489501953 0
1755847597338 0.0004100799560546875 0
1755847607376 0.00041294097900390625 0
1755847617410 0.00045013427734375 0
1755847627446 0.00042629241943359375 0
1755847637483 0.0004284381866455078 0
1755847647519 0.0004203319549560547 0
1755847657555 0.0004904270172119141 0
1755847667591 0.0004360675811767578 0
1755847677628 0.0004055500030517578 0
1755847687662 0.0003986358642578125 0
1755847697700 0.00040078163146972656 0
1755847707741 0.0004184246063232422 0
1755847717776 0.0004127025604248047 0
1755847727811 0.0004258155822753906 0
1755847737848 0.0004210472106933594 0
1755847747886 0.00039505958557128906 0
1755847757926 0.0004029273986816406 0
1755847767961 0.0004062652587890625 0
1755847777998 0.00040340423583984375 0
1755847788034 0.0004248619079589844 0
1755847798071 0.0004203319549560547 0
1755847808106 0.0004107952117919922 0
1755847818141 0.00040221214294433594 0
1755847828178 0.0004162788391113281 0
1755847838213 0.0004260540008544922 0
1755847848251 0.00041222572326660156 0
1755847858286 0.00040984153747558594 0
1755847868322 0.00043320655822753906 0
1755847878358 0.0004150867462158203 0
1755847888399 0.0004265308380126953 0
1755847898432 0.0004012584686279297 0
1755847908465 0.00041794776916503906 0
1755847918502 0.0004203319549560547 0
1755847928539 0.0004837512969970703 0
1755847938576 0.0004703998565673828 0
1755847948613 0.00041413307189941406 0
1755847958645 0.0004105567932128906 0
1755847968683 0.0004069805145263672 0
1755847978720 0.0004379749298095703 0
1755847988753 0.0004172325134277344 0
1755847998793 0.00039315223693847656 0
1755848008829 0.0004229545593261719 0
1755848018870 0.0004115104675292969 0
1755848028902 0.0004146099090576172 0
1755848038937 0.0004069805145263672 0
1755848048972 0.0004127025604248047 0
1755848059007 0.0005440711975097656 0
1755848069048 0.00042438507080078125 0
1755848079094 0.0005116462707519531 0
1755848089134 0.0004839897155761719 0
1755848099170 0.00040602684020996094 0
1755848109209 0.0004267692565917969 0
1755848119246 0.00044155120849609375 0
1755848129284 0.0004067420959472656 0
1755848139327 0.00042748451232910156 0
1755848149365 0.00041556358337402344 0
1755848159409 0.000423431396484375 0
1755848169442 0.0004334449768066406 0
1755848179477 0.00047779083251953125 0
1755848189511 0.00040650367736816406 0
1755848199545 0.0003991127014160156 0
1755848209582 0.0004153251647949219 0
1755848219657 0.0004031658172607422 0
1755848229692 0.0004279613494873047 0
1755848239728 0.0004203319549560547 0
1755848249764 0.0004153251647949219 0
1755848259802 0.0005044937133789062 0
1755848269839 0.0004169940948486328 0
1755848279874 0.0004267692565917969 0
1755848289909 0.0004360675811767578 0
1755848299945 0.0004127025604248047 0
1755848309980 0.0004088878631591797 0
1755848320019 0.0004820823669433594 0
1755848330054 0.0004322528839111328 0
1755848340092 0.00040531158447265625 0
1755848350128 0.0004372596740722656 0
1755848360165 0.00040984153747558594 0
1755848370199 0.0004189014434814453 0
1755848380243 0.00038814544677734375 0
1755848390279 0.00041031837463378906 0
1755848400318 0.0004134178161621094 0
1755848410351 0.0004801750183105469 0
1755848420389 0.0004074573516845703 0
1755848430433 0.0003979206085205078 0
1755848440469 0.0004162788391113281 0
1755848450506 0.0004215240478515625 0
1755848460544 0.0004718303680419922 0
1755848470579 0.0004334449768066406 0
1755848480614 0.00042247772216796875 0
1755848490658 0.0004391670227050781 0
1755848500697 0.0004165172576904297 0
1755848510735 0.0004475116729736328 0
1755848520772 0.0004317760467529297 0
1755848530806 0.0004153251647949219 0
1755848540845 0.0004227161407470703 0
1755848550880 0.00045943260192871094 0
1755848560914 0.0004410743713378906 0
1755848570948 0.0004057884216308594 0
1755848580985 0.00045561790466308594 0
1755848591018 0.00041556358337402344 0
1755848601052 0.0004353523254394531 0
1755848611086 0.00040793418884277344 0
1755848621123 0.0004146099090576172 0
1755848631158 0.0004825592041015625 0
1755848641192 0.0003979206085205078 0
1755848651228 0.0004425048828125 0
1755848661265 0.00042510032653808594 0
1755848671303 0.0004012584686279297 0
1755848681343 0.000362396240234375 0
1755848691379 0.0005030632019042969 0
1755848701418 0.0004127025604248047 0
1755848711453 0.00044608116149902344 0
1755848721492 0.0004184246063232422 0
1755848731526 0.0004241466522216797 0
1755848741562 0.00040531158447265625 0
1755848751597 0.00045371055603027344 0
1755848761634 0.00042939186096191406 0
1755848771668 0.0004057884216308594 0
1755848781703 0.00040912628173828125 0
1755848791738 0.00041747093200683594 0
1755848801776 0.0004162788391113281 0
1755848811813 0.00042939186096191406 0
1755848821849 0.0004048347473144531 0
1755848831884 0.0004405975341796875 0
1755848841921 0.0004315376281738281 0
1755848851959 0.0004119873046875 0
1755848861997 0.00042319297790527344 0
1755848872035 0.00041484832763671875 0
1755848882069 0.00040793418884277344 0
1755848892108 0.0005216598510742188 0
1755848902145 0.0004115104675292969 0
1755848912182 0.00042057037353515625 0
1755848922218 0.0004184246063232422 0
1755848932256 0.00040912628173828125 0
1755848942290 0.00040221214294433594 0
1755848952326 0.00048279762268066406 0
1755848962365 0.0004241466522216797 0
1755848972398 0.0004115104675292969 0
1755848982434 0.0004127025604248047 0
1755848992468 0.0004177093505859375 0
1755849002505 0.0004239082336425781 0
1755849012539 0.0004305839538574219 0
1755849022578 0.0004811286926269531 0
1755849032614 0.0004425048828125 0
1755849042648 0.0004074573516845703 0
1755849052686 0.0004220008850097656 0
1755849062723 0.0004298686981201172 0
1755849072759 0.00041794776916503906 0
1755849082797 0.0004162788391113281 0
1755849092834 0.00041937828063964844 0
1755849102870 0.0004830360412597656 0
1755849112905 0.00043654441833496094 0
1755849122940 0.00039887428283691406 0
1755849132979 0.00042510032653808594 0
1755849143015 0.0004715919494628906 0
1755849153051 0.00043082237243652344 0
1755849163090 0.000408172607421875 0
1755849173125 0.0004088878631591797 0
1755849183165 0.0004076957702636719 0
1755849193200 0.00041365623474121094 0
1755849203236 0.00043010711669921875 0
1755849213273 0.0004222393035888672 0
1755849223310 0.0003979206085205078 0
1755849233348 0.0004630088806152344 0
1755849243383 0.0004088878631591797 0
1755849253417 0.0004038810729980469 0
1755849263449 0.0004322528839111328 0
1755849273486 0.0004324913024902344 0
1755849283521 0.00041961669921875 0
1755849293556 0.00047516822814941406 0
1755849303590 0.0004191398620605469 0
1755849313625 0.0004029273986816406 0
1755849323668 0.00041103363037109375 0
1755849333706 0.00041961669921875 0
1755849343739 0.0004355907440185547 0
1755849353786 0.0004248619079589844 0
1755849363821 0.0004363059997558594 0
1755849373861 0.00040721893310546875 0
1755849383896 0.0004162788391113281 0
1755849393931 0.0004284381866455078 0
1755849403966 0.0004067420959472656 0
1755849414003 0.0004067420959472656 0
1755849424042 0.00041413307189941406 0
1755849434075 0.00044989585876464844 0
1755849444110 0.0004191398620605469 0
1755849454145 0.0004477500915527344 0
1755849464178 0.0004189014434814453 0
1755849474214 0.0004177093505859375 0
1755849484247 0.0004017353057861328 0
1755849494322 0.00041031837463378906 0
1755849504356 0.00041484832763671875 0
1755849514397 0.00039839744567871094 0
1755849524432 0.00042724609375 0
1755849534470 0.0004189014434814453 0
1755849544510 0.0004181861877441406 0
1755849554545 0.0004096031188964844 0
1755849564580 0.0004119873046875 0
1755849574620 0.0004315376281738281 0
1755849584656 0.0004115104675292969 0
1755849594691 0.0004627704620361328 0
1755849604726 0.00039958953857421875 0
1755849614765 0.0004100799560546875 0
1755849624809 0.0004832744598388672 0
1755849634844 0.00039887428283691406 0
1755849644920 0.0006918907165527344 0
1755849654960 0.000408172607421875 0
1755849664995 0.0004208087921142578 0
1755849675030 0.0005016326904296875 0
1755849685070 0.0003917217254638672 0
1755849695105 0.00042629241943359375 0
1755849705140 0.0004248619079589844 0
1755849715173 0.0004088878631591797 0
1755849725207 0.0004000663757324219 0
1755849735250 0.0003998279571533203 0
1755849745288 0.0004143714904785156 0
1755849755326 0.00041365623474121094 0
1755849765361 0.00041604042053222656 0
1755849775395 0.0004055500030517578 0
1755849785432 0.00041675567626953125 0
1755849795469 0.0003809928894042969 0
1755849805502 0.0004253387451171875 0
1755849815539 0.0004107952117919922 0
1755849825578 0.000484466552734375 0
1755849835612 0.0004172325134277344 0
1755849845650 0.0004322528839111328 0
1755849855682 0.0003952980041503906 0
1755849865718 0.0004246234893798828 0
1755849875752 0.00045228004455566406 0
1755849885792 0.0004112720489501953 0
1755849895831 0.0004551410675048828 0
1755849905868 0.0004355907440185547 0
1755849915902 0.0004367828369140625 0
1755849925937 0.0004343986511230469 0
1755849935971 0.0004107952117919922 0
1755849946006 0.00041604042053222656 0
1755849956045 0.0004093647003173828 0
1755849966080 0.0004107952117919922 0
1755849976124 0.0004303455352783203 0
1755849986162 0.0004203319549560547 0
1755849996200 0.00043511390686035156 0
1755850006236 0.00041484832763671875 0
1755850016273 0.0004203319549560547 0
1755850026308 0.0003991127014160156 0
1755850036342 0.0004506111145019531 0
1755850046377 0.00041985511779785156 0
1755850056415 0.00041413307189941406 0
1755850066455 0.0004119873046875 0
1755850076491 0.00041222572326660156 0
1755850086571 0.0004162788391113281 0
1755850096612 0.00042939186096191406 0
1755850106643 0.00040030479431152344 0
1755850116677 0.00040531158447265625 0
1755850126717 0.00043487548828125 0
1755850136755 0.0004870891571044922 0
1755850146789 0.00042510032653808594 0
1755850156826 0.00041222572326660156 0
1755850166861 0.00043272972106933594 0
1755850176899 0.00047135353088378906 0
1755850186939 0.0004017353057861328 0
1755850196974 0.0004143714904785156 0
1755850207009 0.00043392181396484375 0
1755850217050 0.0005064010620117188 0
1755850227086 0.00042057037353515625 0
1755850237125 0.00039649009704589844 0
1755850247160 0.0004322528839111328 0
1755850257198 0.00042629241943359375 0
1755850267237 0.0004038810729980469 0
1755850277270 0.00041675567626953125 0
1755850287308 0.0004067420959472656 0
1755850297346 0.0004305839538574219 0
1755850307382 0.0004191398620605469 0
1755850317419 0.0004260540008544922 0
1755850327455 0.000431060791015625 0
1755850337491 0.0004849433898925781 0
1755850347533 0.0004191398620605469 0
1755850357571 0.00048065185546875 0
1755850367605 0.0004029273986816406 0
1755850377642 0.0004258155822753906 0
1755850387685 0.00043320655822753906 0
1755850397721 0.0005593299865722656 0
1755850407764 0.0004074573516845703 0
1755850417798 0.00041413307189941406 0
1755850427833 0.0004169940948486328 0
1755850437869 0.0004220008850097656 0
1755850447904 0.0003993511199951172 0
1755850457939 0.0004172325134277344 0
1755850467976 0.0004050731658935547 0
1755850478021 0.0007297992706298828 0
1755850488056 0.00043392181396484375 0
1755850498092 0.0004744529724121094 0
1755850508131 0.00041604042053222656 0
1755850518166 0.0004296302795410156 0
1755850528210 0.0004191398620605469 0
1755850538246 0.00041031837463378906 0
1755850548278 0.00043082237243652344 0
1755850558314 0.0004940032958984375 0
1755850568350 0.0004119873046875 0
1755850578383 0.0004134178161621094 0
1755850588420 0.00041103363037109375 0
1755850598458 0.0004124641418457031 0
1755850608492 0.0004134178161621094 0
1755850618528 0.0004115104675292969 0
1755850628567 0.0008814334869384766 0
1755850638614 0.0005464553833007812 0
1755850648650 0.0004031658172607422 0
1755850658687 0.00040030479431152344 0
1755850668728 0.0004038810729980469 0
1755850678765 0.00041294097900390625 0
1755850688802 0.00041985511779785156 0
1755850698843 0.00044798851013183594 0
1755850708880 0.0004208087921142578 0
1755850718917 0.0004286766052246094 0
1755850728955 0.0004315376281738281 0
1755850738991 0.0004172325134277344 0
1755850749028 0.00041556358337402344 0
1755850759066 0.00040721893310546875 0
1755850769103 0.0004329681396484375 0
1755850779138 0.0004246234893798828 0
1755850789176 0.0004067420959472656 0
1755850799214 0.0004138946533203125 0
1755850809250 0.0004105567932128906 0
1755850819295 0.0005261898040771484 0
1755850829336 0.0004246234893798828 0
1755850839375 0.0004353523254394531 0
1755850849417 0.0004162788391113281 0
1755850859454 0.0004241466522216797 0
1755850869489 0.0004096031188964844 0
1755850879522 0.0004832744598388672 0
1755850889566 0.0004093647003173828 0
1755850899606 0.00042724609375 0
1755850909640 0.0004143714904785156 0
1755850919702 0.00049591064453125 0
1755850929737 0.0004131793975830078 0
1755850939777 0.0004246234893798828 0
1755850949812 0.0004191398620605469 0
1755850959848 0.00041484832763671875 0
1755850969881 0.00041103363037109375 0
1755850979918 0.0004222393035888672 0
1755850989953 0.00042176246643066406 0
1755850999993 0.00041294097900390625 0
1755851010028 0.00041866302490234375 0
1755851020064 0.0004107952117919922 0
1755851030096 0.0004277229309082031 0
1755851040133 0.0004222393035888672 0
1755851050172 0.000492095947265625 0
1755851060206 0.00040793418884277344 0
1755851070239 0.00042629241943359375 0
1755851080276 0.00042724609375 0
1755851090315 0.00043487548828125 0
1755851100350 0.0004067420959472656 0
1755851110384 0.0004208087921142578 0
1755851120419 0.0004177093505859375 0
1755851130458 0.0004220008850097656 0
1755851140493 0.0003654956817626953 0
1755851150538 0.00044035911560058594 0
1755851160577 0.0004029273986816406 0
1755851170614 0.0004112720489501953 0
1755851180654 0.00044035911560058594 0
1755851190690 0.0003769397735595703 0
1755851200729 0.00040793418884277344 0
1755851210766 0.0004010200500488281 0
1755851220803 0.00040459632873535156 0
1755851230842 0.0004048347473144531 0
1755851240879 0.0005667209625244141 0
1755851250916 0.00040721893310546875 0
1755851260954 0.0004267692565917969 0
1755851270990 0.0004105567932128906 0
1755851281026 0.0003895759582519531 0
1755851291063 0.00043964385986328125 0
1755851301100 0.0004100799560546875 0
1755851311135 0.0004570484161376953 0
1755851321176 0.0004112720489501953 0
1755851331211 0.00040721893310546875 0
1755851341245 0.0004863739013671875 0
1755851351282 0.000415802001953125 0
1755851361319 0.0004315376281738281 0
1755851371354 0.0004253387451171875 0
1755851381392 0.0004057884216308594 0
1755851391434 0.0003972053527832031 0
1755851401469 0.0003914833068847656 0
1755851411514 0.0004069805145263672 0
1755851421550 0.00040650367736816406 0
1755851431590 0.0004229545593261719 0
1755851441626 0.0004143714904785156 0
1755851451661 0.0004227161407470703 0
1755851461701 0.00041294097900390625 0
1755851471740 0.0004127025604248047 0
1755851481778 0.0004050731658935547 0
1755851491815 0.0004127025604248047 0
1755851501850 0.0004360675811767578 0
1755851511886 0.0004277229309082031 0
1755851521922 0.00042366981506347656 0
1755851531958 0.0004220008850097656 0
1755851541996 0.0004086494445800781 0
1755851552034 0.0005068778991699219 0
1755851562070 0.00042939186096191406 0
1755851572103 0.0004134178161621094 0
1755851582135 0.00040841102600097656 0
1755851592172 0.0004291534423828125 0
1755851602212 0.00048160552978515625 0
1755851612248 0.0004146099090576172 0
1755851622289 0.00040793418884277344 0
1755851632326 0.0004189014434814453 0
1755851642368 0.00047278404235839844 0
1755851652407 0.00041365623474121094 0
1755851662444 0.0004169940948486328 0
1755851672480 0.00042557716369628906 0
1755851682517 0.0004115104675292969 0
1755851692558 0.0004086494445800781 0
1755851702600 0.0004885196685791016 0
1755851712636 0.0004146099090576172 0
1755851722677 0.000423431396484375 0
1755851732719 0.0004181861877441406 0
1755851742757 0.000408172607421875 0
1755851752792 0.00040650367736816406 0
1755851762834 0.00042057037353515625 0
1755851772866 0.0004050731658935547 0
1755851782906 0.00043702125549316406 0
1755851792941 0.00047278404235839844 0
1755851802976 0.000408172607421875 0
1755851813014 0.00041365623474121094 0
1755851823052 0.0004229545593261719 0
1755851833090 0.00039649009704589844 0
1755851843122 0.00043201446533203125 0
1755851853158 0.00045800209045410156 0
1755851863194 0.00040221214294433594 0
1755851873230 0.0004451274871826172 0
1755851883268 0.0004050731658935547 0
1755851893306 0.00040531158447265625 0
1755851903339 0.0003955364227294922 0
1755851913377 0.0004165172576904297 0
1755851923413 0.00044798851013183594 0
1755851933448 0.0003979206085205078 0
1755851943482 0.0004131793975830078 0
1755851953523 0.0004482269287109375 0
1755851963559 0.0003905296325683594 0
1755851973596 0.00042319297790527344 0
1755851983632 0.0004124641418457031 0
1755851993674 0.0004208087921142578 0
1755852003714 0.0004305839538574219 0
1755852013748 0.0004324913024902344 0
1755852023787 0.00042247772216796875 0
1755852033823 0.0004024505615234375 0
1755852043861 0.0004153251647949219 0
1755852053899 0.0004436969757080078 0
1755852063933 0.0004055500030517578 0
1755852073972 0.0004074573516845703 0
1755852084015 0.0005373954772949219 0
1755852094052 0.0004169940948486328 0
1755852104091 0.000400543212890625 0
1755852114126 0.0004115104675292969 0
1755852124160 0.00041103363037109375 0
1755852134196 0.0004146099090576172 0
1755852144244 0.00038051605224609375 0
1755852154283 0.0004134178161621094 0
1755852164318 0.0004165172576904297 0
1755852174355 0.000423431396484375 0
1755852184390 0.0004100799560546875 0
1755852194433 0.0004165172576904297 0
1755852204470 0.00043845176696777344 0
1755852214510 0.00041604042053222656 0
1755852224547 0.00042247772216796875 0
1755852234589 0.0005452632904052734 0
1755852244640 0.0006055831909179688 0
1755852254696 0.0004353523254394531 0
1755852264744 0.00048613548278808594 0
1755852274781 0.0004589557647705078 0
1755852284817 0.00039768218994140625 0
1755852294853 0.0004210472106933594 0
1755852304893 0.00043582916259765625 0
1755852314928 0.00038623809814453125 0
1755852324965 0.0004138946533203125 0
1755852334999 0.0004546642303466797 0
1755852345042 0.00045990943908691406 0
1755852355085 0.0004839897155761719 0
1755852365127 0.00041294097900390625 0
1755852375200 0.0004107952117919922 0
1755852385238 0.00041937828063964844 0
1755852395275 0.0003936290740966797 0
1755852405308 0.0004074573516845703 0
1755852415341 0.00038552284240722656 0
1755852425376 0.0004017353057861328 0
1755852435413 0.0004127025604248047 0
1755852445453 0.0004222393035888672 0
1755852455486 0.0004107952117919922 0
1755852465532 0.00042557716369628906 0
1755852475570 0.00041484832763671875 0
1755852485607 0.0005595684051513672 0
1755852495645 0.0005638599395751953 0
1755852505681 0.0007264614105224609 0
1755852515719 0.0003941059112548828 0
1755852525757 0.0005021095275878906 0
1755852535797 0.00044226646423339844 0
1755852545842 0.0006401538848876953 0
1755852555878 0.00041961669921875 0
1755852565919 0.0004024505615234375 0
1755852575959 0.0005116462707519531 0
1755852585991 0.0003981590270996094 0
1755852596025 0.0007786750793457031 0
1755852606057 0.0004744529724121094 0
1755852616089 0.0005860328674316406 0
1755852626123 0.0008876323699951172 0
1755852636163 0.0007140636444091797 0
1755852646200 0.0005564689636230469 0
1755852656237 0.0004184246063232422 0
1755852666274 0.00042319297790527344 0
1755852676308 0.0004203319549560547 0
1755852686352 0.0004031658172607422 0
1755852696387 0.0004172325134277344 0
1755852706421 0.0004096031188964844 0
1755852716461 0.00040650367736816406 0
1755852726501 0.0004253387451171875 0
1755852736537 0.0004246234893798828 0
1755852746572 0.00042939186096191406 0
1755852756608 0.00047659873962402344 0
1755852766644 0.0004088878631591797 0
1755852776681 0.00045371055603027344 0
1755852786722 0.0004215240478515625 0
1755852796762 0.0004086494445800781 0
1755852806803 0.00043082237243652344 0
1755852816840 0.00042557716369628906 0
1755852826876 0.0003955364227294922 0
1755852836908 0.0004298686981201172 0
1755852846942 0.00040984153747558594 0
1755852856980 0.00045037269592285156 0
1755852867014 0.0004248619079589844 0
1755852877051 0.00040268898010253906 0
1755852887086 0.0004134178161621094 0
1755852897123 0.0004601478576660156 0
1755852907157 0.0005595684051513672 0
1755852917194 0.00046563148498535156 0
1755852927231 0.000438690185546875 0
1755852937267 0.00041031837463378906 0
1755852947303 0.0004210472106933594 0
1755852957336 0.0004153251647949219 0
1755852967371 0.0003941059112548828 0
1755852977406 0.0004010200500488281 0
1755852987446 0.0004305839538574219 0
1755852997482 0.0004200935363769531 0
1755853007519 0.0004189014434814453 0
1755853017554 0.000392913818359375 0
1755853027587 0.0004086494445800781 0
1755853037623 0.0004150867462158203 0
1755853047663 0.0004055500030517578 0
1755853057700 0.0003616809844970703 0
1755853067736 0.0004220008850097656 0
1755853077775 0.00044083595275878906 0
1755853087814 0.00040984153747558594 0
1755853097849 0.0004253387451171875 0
1755853107888 0.0004074573516845703 0
1755853117926 0.0004887580871582031 0
1755853127961 0.00041866302490234375 0
1755853137996 0.0004143714904785156 0
1755853148032 0.0004200935363769531 0
1755853158067 0.00041556358337402344 0
1755853168101 0.0004100799560546875 0
1755853178137 0.0004639625549316406 0
1755853188174 0.00041174888610839844 0
1755853198212 0.00041222572326660156 0
1755853208251 0.000423431396484375 0
1755853218287 0.0004138946533203125 0
1755853228327 0.0004181861877441406 0
1755853238363 0.0004062652587890625 0
1755853248404 0.0004050731658935547 0
1755853258438 0.0004010200500488281 0
1755853268476 0.0004265308380126953 0
1755853278512 0.000431060791015625 0
1755853288548 0.00040602684020996094 0
1755853298585 0.0004076957702636719 0
1755853308634 0.0004189014434814453 0
1755853318665 0.0004069805145263672 0
1755853328700 0.0003936290740966797 0
1755853338737 0.0004227161407470703 0
1755853348772 0.000453948974609375 0
1755853358810 0.00041747093200683594 0
1755853368848 0.00042176246643066406 0
1755853378883 0.00040984153747558594 0
1755853388919 0.0003981590270996094 0
1755853398966 0.0004184246063232422 0
1755853409003 0.0003993511199951172 0
1755853419045 0.00040721893310546875 0
1755853429084 0.0004107952117919922 0
1755853439125 0.0004296302795410156 0
1755853449163 0.0004267692565917969 0
1755853459196 0.0004100799560546875 0
1755853469235 0.0004286766052246094 0
1755853479273 0.00040841102600097656 0
1755853489313 0.0004086494445800781 0
1755853499350 0.0004742145538330078 0
1755853509387 0.0004050731658935547 0
1755853519424 0.0004496574401855469 0
1755853529458 0.0004115104675292969 0
1755853539492 0.0004241466522216797 0
1755853549534 0.0004382133483886719 0
1755853559565 0.00040602684020996094 0
1755853569598 0.000423431396484375 0
1755853579637 0.00042128562927246094 0
1755853589671 0.0004096031188964844 0
1755853599708 0.0004048347473144531 0
1755853609743 0.0003941059112548828 0
1755853619781 0.0004258155822753906 0
1755853629817 0.00042128562927246094 0
1755853639855 0.0004134178161621094 0
1755853649892 0.00042557716369628906 0
1755853659928 0.00044918060302734375 0
1755853669965 0.000423431396484375 0
1755853680007 0.0004239082336425781 0
1755853690043 0.0004153251647949219 0
1755853700077 0.00040912628173828125 0
1755853710111 0.0004165172576904297 0
1755853720144 0.00042700767517089844 0
1755853730177 0.00039839744567871094 0
1755853740213 0.0005090236663818359 0
1755853750252 0.0004258155822753906 0
1755853760287 0.000415802001953125 0
1755853770326 0.00041103363037109375 0
1755853780362 0.00041675567626953125 0
1755853790395 0.00041556358337402344 0
1755853800433 0.00042319297790527344 0
1755853810471 0.0004181861877441406 0
1755853820512 0.0004162788391113281 0
1755853830553 0.0004146099090576172 0
1755853840588 0.0004017353057861328 0
1755853850625 0.00039386749267578125 0
1755853860659 0.0004241466522216797 0
1755853870698 0.0004208087921142578 0
1755853880737 0.0004246234893798828 0
1755853890777 0.00041604042053222656 0
1755853900813 0.0004203319549560547 0
1755853910849 0.00042510032653808594 0
1755853920884 0.00042510032653808594 0
1755853930918 0.00041031837463378906 0
1755853940952 0.0004591941833496094 0
1755853950987 0.000431060791015625 0
1755853961023 0.00047516822814941406 0
1755853971066 0.0004258155822753906 0
1755853981099 0.0004124641418457031 0
1755853991134 0.0004265308380126953 0
1755854001173 0.00041174888610839844 0
1755854011210 0.0004737377166748047 0
1755854021251 0.0004105567932128906 0
1755854031289 0.0004062652587890625 0
1755854041325 0.0004048347473144531 0
1755854051366 0.0004260540008544922 0
1755854061406 0.0004162788391113281 0
1755854071442 0.0004127025604248047 0
1755854081476 0.0004115104675292969 0
1755854091509 0.00044918060302734375 0
1755854101544 0.0004601478576660156 0
1755854111578 0.0004305839538574219 0
1755854121612 0.00041604042053222656 0
1755854131647 0.00041484832763671875 0
1755854141688 0.00063323974609375 0
1755854151727 0.00041103363037109375 0
1755854161759 0.0004131793975830078 0
1755854171796 0.0004210472106933594 0
1755854181834 0.0004222393035888672 0
1755854191872 0.0004291534423828125 0
1755854201908 0.0003905296325683594 0
1755854211945 0.0004143714904785156 0
1755854221984 0.00042939186096191406 0
1755854232022 0.0004162788391113281 0
1755854242058 0.00043272972106933594 0
1755854252091 0.00043082237243652344 0
1755854262127 0.0004253387451171875 0
1755854272164 0.0004112720489501953 0
1755854282201 0.0004177093505859375 0
1755854292236 0.0004010200500488281 0
1755854302270 0.0004124641418457031 0
1755854312306 0.00042247772216796875 0
1755854322345 0.00042557716369628906 0
1755854332386 0.000415802001953125 0
1755854342429 0.0004284381866455078 0
1755854352469 0.0004394054412841797 0
1755854362505 0.0004184246063232422 0
1755854372542 0.00041222572326660156 0
1755854382583 0.00042247772216796875 0
1755854392618 0.00042629241943359375 0
1755854402658 0.000408172607421875 0
1755854412698 0.00044226646423339844 0
1755854422734 0.00042366981506347656 0
1755854432771 0.0004143714904785156 0
1755854442807 0.0004360675811767578 0
1755854452843 0.0004024505615234375 0
1755854462879 0.0004546642303466797 0
1755854472915 0.0005645751953125 0
1755854482950 0.0003991127014160156 0
1755854492987 0.0004076957702636719 0
1755854503023 0.0004210472106933594 0
1755854513061 0.00046253204345703125 0
1755854523098 0.0004096031188964844 0
1755854533135 0.0004649162292480469 0
1755854543175 0.0004134178161621094 0
1755854553211 0.00047779083251953125 0
1755854563246 0.00041365623474121094 0
1755854573283 0.00041031837463378906 0
1755854583319 0.0004134178161621094 0
1755854593351 0.00043392181396484375 0
1755854603387 0.0003941059112548828 0
1755854613422 0.0004150867462158203 0
1755854623458 0.00042700767517089844 0
1755854633489 0.00041961669921875 0
1755854643527 0.0004680156707763672 0
1755854653563 0.00045490264892578125 0
1755854663601 0.0004191398620605469 0
1755854673638 0.0004184246063232422 0
1755854683673 0.00043272972106933594 0
1755854693710 0.0004131793975830078 0
1755854703746 0.00043129920959472656 0
1755854713786 0.0004432201385498047 0
1755854723819 0.00043201446533203125 0
1755854733858 0.0004074573516845703 0
1755854743893 0.00042700767517089844 0
1755854753930 0.00046896934509277344 0
1755854763964 0.00042724609375 0
1755854773999 0.0004067420959472656 0
1755854784035 0.00043702125549316406 0
1755854794069 0.0004143714904785156 0
1755854804106 0.0004367828369140625 0
1755854814138 0.0004398822784423828 0
1755854824176 0.0005042552947998047 0
1755854834213 0.0004150867462158203 0
1755854844251 0.00041484832763671875 0
1755854854286 0.0004177093505859375 0
1755854864325 0.0005314350128173828 0
1755854874362 0.0004489421844482422 0
1755854884399 0.00042819976806640625 0
1755854894435 0.0004258155822753906 0
1755854904476 0.00041174888610839844 0
1755854914513 0.0004172325134277344 0
1755854924550 0.0004138946533203125 0
1755854934590 0.0004470348358154297 0
1755854944627 0.0004279613494873047 0
1755854954664 0.00043129920959472656 0
1755854964697 0.00048351287841796875 0
1755854974732 0.00042819976806640625 0
1755854984771 0.0003962516784667969 0
1755854994811 0.00041222572326660156 0
1755855004852 0.0004143714904785156 0
1755855014888 0.0004951953887939453 0
1755855024921 0.0004181861877441406 0
1755855034957 0.00040912628173828125 0
1755855044994 0.0004725456237792969 0
1755855055027 0.00042057037353515625 0
1755855065070 0.0004062652587890625 0
1755855075103 0.0004127025604248047 0
1755855085141 0.00041675567626953125 0
1755855095177 0.00043320655822753906 0
1755855105212 0.0004525184631347656 0
1755855115247 0.0004119873046875 0
1755855125283 0.0003590583801269531 0
1755855135323 0.0004138946533203125 0
1755855145358 0.00042176246643066406 0
1755855155394 0.0004229545593261719 0
1755855165430 0.0004184246063232422 0
1755855175464 0.00043511390686035156 0
1755855185504 0.0004169940948486328 0
1755855195576 0.00041174888610839844 0
1755855205610 0.00041103363037109375 0
1755855215644 0.00040841102600097656 0
1755855225680 0.0004010200500488281 0
1755855235714 0.00042366981506347656 0
1755855245755 0.00039958953857421875 0
1755855255795 0.00042319297790527344 0
1755855265830 0.00041604042053222656 0
1755855275865 0.000514984130859375 0
1755855285904 0.00040721893310546875 0
1755855295940 0.0004181861877441406 0
1755855305975 0.00042629241943359375 0
1755855316012 0.00041556358337402344 0
1755855326050 0.0004127025604248047 0
1755855336087 0.00043010711669921875 0
1755855346128 0.00043964385986328125 0
1755855356163 0.00041031837463378906 0
1755855366200 0.00042700767517089844 0
1755855376236 0.0004456043243408203 0
1755855386273 0.0004105567932128906 0
1755855396311 0.00041222572326660156 0
1755855406346 0.00040268898010253906 0
1755855416383 0.0004031658172607422 0
1755855426420 0.0004863739013671875 0
1755855436458 0.00040984153747558594 0
1755855446493 0.00043201446533203125 0
1755855456532 0.0004131793975830078 0
1755855466568 0.0004017353057861328 0
1755855476602 0.00043129920959472656 0
1755855486636 0.0004439353942871094 0
1755855496673 0.00043010711669921875 0
1755855506706 0.0004360675811767578 0
1755855516745 0.0004239082336425781 0
1755855526780 0.0004222393035888672 0
1755855536819 0.0003643035888671875 0
1755855546856 0.0004260540008544922 0
1755855556899 0.0005276203155517578 0
1755855566934 0.0004439353942871094 0
1755855576970 0.000423431396484375 0
1755855587005 0.00044655799865722656 0
1755855597045 0.0004165172576904297 0
1755855607077 0.0004177093505859375 0
1755855617114 0.0005090236663818359 0
1755855627145 0.000392913818359375 0
1755855637180 0.00046825408935546875 0
1755855647217 0.0003991127014160156 0
1755855657254 0.0004565715789794922 0
1755855667291 0.00042319297790527344 0
1755855677327 0.00041222572326660156 0
1755855687364 0.0004630088806152344 0
1755855697399 0.0004062652587890625 0
1755855707433 0.00039696693420410156 0
1755855717471 0.0004017353057861328 0
1755855727504 0.0004265308380126953 0
1755855737541 0.0004184246063232422 0
1755855747577 0.0004127025604248047 0
1755855757613 0.00042176246643066406 0
1755855767650 0.0004181861877441406 0
1755855777687 0.0004086494445800781 0
1755855787728 0.00043129920959472656 0
1755855797765 0.0005810260772705078 0
1755855807803 0.00041484832763671875 0
1755855817838 0.0004069805145263672 0
1755855827872 0.00041222572326660156 0
1755855837910 0.0004119873046875 0
1755855847943 0.00040411949157714844 0
1755855857983 0.00041747093200683594 0
1755855868019 0.0004229545593261719 0
1755855878054 0.0004425048828125 0
1755855888094 0.0004010200500488281 0
1755855898135 0.0004391670227050781 0
1755855908170 0.00040149688720703125 0
1755855918204 0.0004551410675048828 0
1755855928239 0.0003991127014160156 0
1755855938275 0.000385284423828125 0
1755855948310 0.0004870891571044922 0
1755855958345 0.000423431396484375 0
1755855968383 0.00042557716369628906 0
1755855978419 0.0004284381866455078 0
1755855988454 0.00040984153747558594 0
1755855998495 0.0004291534423828125 0
1755856008529 0.00038552284240722656 0
1755856018565 0.00047707557678222656 0
1755856028598 0.00039768218994140625 0
1755856038632 0.0004096031188964844 0
1755856048667 0.0004112720489501953 0
1755856058702 0.0004088878631591797 0
1755856068736 0.0004222393035888672 0
1755856078770 0.0004229545593261719 0
1755856088809 0.0004303455352783203 0
1755856098844 0.0004017353057861328 0
1755856108880 0.00040459632873535156 0
1755856118917 0.0004048347473144531 0
1755856128953 0.0004820823669433594 0
1755856138990 0.00041222572326660156 0
1755856149025 0.00043392181396484375 0
1755856159067 0.00045943260192871094 0
1755856169104 0.00045013427734375 0
1755856179143 0.00042057037353515625 0
1755856189182 0.0004215240478515625 0
1755856199220 0.0004169940948486328 0
1755856209255 0.00041961669921875 0
1755856219290 0.0003936290740966797 0
1755856229330 0.00048351287841796875 0
1755856239363 0.0004432201385498047 0
1755856249397 0.00041031837463378906 0
1755856259430 0.00042366981506347656 0
1755856269462 0.0004143714904785156 0
1755856279494 0.0004138946533203125 0
1755856289531 0.00040793418884277344 0
1755856299567 0.00042319297790527344 0
1755856309604 0.0004172325134277344 0
1755856319641 0.0004258155822753906 0
1755856329682 0.00042247772216796875 0
1755856339719 0.00042891502380371094 0
1755856349754 0.0005333423614501953 0
1755856359790 0.0004038810729980469 0
1755856369828 0.0004191398620605469 0
1755856379867 0.0004305839538574219 0
1755856389903 0.0004222393035888672 0
1755856399941 0.0004088878631591797 0
1755856409976 0.00039958953857421875 0
1755856420015 0.0004439353942871094 0
1755856430049 0.00040030479431152344 0
1755856440084 0.0004420280456542969 0
1755856450118 0.0004153251647949219 0
1755856460153 0.0004105567932128906 0
1755856470196 0.00040912628173828125 0
1755856480232 0.0004208087921142578 0
1755856490265 0.0004184246063232422 0
1755856500305 0.0004227161407470703 0
1755856510345 0.0004291534423828125 0
1755856520381 0.00041484832763671875 0
1755856530417 0.00039577484130859375 0
1755856540452 0.0004150867462158203 0
1755856550488 0.0004470348358154297 0
1755856560524 0.0004241466522216797 0
1755856570565 0.0004088878631591797 0
1755856580603 0.0004177093505859375 0
1755856590645 0.00043463706970214844 0
1755856600682 0.0004100799560546875 0
1755856610715 0.00043129920959472656 0
1755856620752 0.00041675567626953125 0
1755856630789 0.0004096031188964844 0
1755856640825 0.0004107952117919922 0
1755856650863 0.0004112720489501953 0
1755856660903 0.0004138946533203125 0
1755856670940 0.0004000663757324219 0
1755856680978 0.0003962516784667969 0
1755856691017 0.000400543212890625 0
1755856701059 0.00038743019104003906 0
1755856711095 0.0004074573516845703 0
1755856721131 0.0004138946533203125 0
1755856731167 0.0004134178161621094 0
1755856741199 0.0004303455352783203 0
1755856751235 0.00043773651123046875 0
1755856761269 0.00046896934509277344 0
1755856771304 0.0004322528839111328 0
1755856781340 0.00040793418884277344 0
1755856791375 0.0004153251647949219 0
1755856801409 0.00041484832763671875 0
1755856811444 0.00045371055603027344 0
1755856821478 0.00043082237243652344 0
1755856831514 0.0004220008850097656 0
1755856841550 0.00041961669921875 0
1755856851587 0.00043010711669921875 0
1755856861622 0.0004146099090576172 0
1755856871660 0.0004284381866455078 0
1755856881692 0.00044918060302734375 0
1755856891726 0.00041222572326660156 0
1755856901761 0.00041866302490234375 0
1755856911805 0.0004093647003173828 0
1755856921837 0.0004107952117919922 0
1755856931875 0.0004279613494873047 0
1755856941912 0.0004076957702636719 0
1755856951948 0.0004093647003173828 0
1755856961982 0.00041556358337402344 0
1755856972019 0.00041675567626953125 0
1755856982053 0.00047898292541503906 0
1755856992091 0.0004177093505859375 0
1755857002126 0.000408172607421875 0
1755857012162 0.0004036426544189453 0
1755857022201 0.0006136894226074219 0
1755857032240 0.0004210472106933594 0
1755857042278 0.0003955364227294922 0
1755857052314 0.0004143714904785156 0
1755857062346 0.000415802001953125 0
1755857072384 0.00042438507080078125 0
1755857082420 0.0004162788391113281 0
1755857092456 0.00043201446533203125 0
1755857102493 0.00042700767517089844 0
1755857112528 0.00041174888610839844 0
1755857122565 0.0004246234893798828 0
1755857132600 0.0004019737243652344 0
1755857142641 0.0004107952117919922 0
1755857152676 0.0004150867462158203 0
1755857162710 0.0003955364227294922 0
1755857172746 0.00040149688720703125 0
1755857182817 0.00041961669921875 0
1755857192854 0.00047206878662109375 0
1755857202894 0.000396728515625 0
1755857212929 0.0004184246063232422 0
1755857222967 0.00042319297790527344 0
1755857233005 0.00042939186096191406 0
1755857243040 0.00040793418884277344 0
1755857253075 0.0004150867462158203 0
1755857263113 0.0004620552062988281 0
1755857273153 0.0004200935363769531 0
1755857283196 0.0006864070892333984 0
1755857293234 0.0006058216094970703 0
1755857303269 0.00042247772216796875 0
1755857313311 0.0003993511199951172 0
1755857323349 0.00040268898010253906 0
1755857333382 0.00042557716369628906 0
1755857343418 0.00041103363037109375 0
1755857353459 0.0004076957702636719 0
1755857363493 0.0004146099090576172 0
1755857373530 0.00042700767517089844 0
1755857383563 0.00041031837463378906 0
1755857393598 0.0004773139953613281 0
1755857403630 0.00040411949157714844 0
1755857413670 0.00040721893310546875 0
1755857423704 0.00042176246643066406 0
1755857433737 0.00040221214294433594 0
1755857443773 0.00042629241943359375 0
1755857453810 0.00041556358337402344 0
1755857463849 0.00041365623474121094 0
1755857473884 0.0004086494445800781 0
1755857483920 0.0004260540008544922 0
1755857493955 0.0003895759582519531 0
1755857503990 0.0004069805145263672 0
1755857514031 0.00044918060302734375 0
1755857524068 0.00041413307189941406 0
1755857534104 0.00042629241943359375 0
1755857544138 0.00041222572326660156 0
1755857554181 0.00036025047302246094 0
1755857564227 0.0004169940948486328 0
1755857574265 0.0004200935363769531 0
1755857584303 0.00040793418884277344 0
1755857594340 0.0004227161407470703 0
1755857604380 0.0004062652587890625 0
1755857614415 0.0004329681396484375 0
1755857624457 0.0004019737243652344 0
1755857634499 0.00041031837463378906 0
1755857644541 0.0004115104675292969 0
1755857654578 0.0004210472106933594 0
1755857664614 0.0004096031188964844 0
1755857674648 0.0004012584686279297 0
1755857684690 0.00040912628173828125 0
1755857694725 0.0004222393035888672 0
1755857704761 0.00043010711669921875 0
1755857714796 0.0004088878631591797 0
1755857724833 0.0005512237548828125 0
1755857734869 0.0004239082336425781 0
1755857744904 0.000408172607421875 0
1755857754942 0.0004131793975830078 0
1755857764978 0.0003674030303955078 0
1755857775013 0.0005643367767333984 0
1755857785049 0.0004680156707763672 0
1755857795085 0.0004107952117919922 0
1755857805126 0.0004267692565917969 0
1755857815161 0.00040721893310546875 0
1755857825197 0.0004119873046875 0
1755857835229 0.000461578369140625 0
1755857845266 0.00040268898010253906 0
1755857855304 0.000431060791015625 0
1755857865342 0.00041866302490234375 0
1755857875378 0.0004055500030517578 0
1755857885415 0.0004470348358154297 0
1755857895450 0.00040435791015625 0
1755857905483 0.0004208087921142578 0
1755857915522 0.0004248619079589844 0
1755857925558 0.0004291534423828125 0
1755857935590 0.0004088878631591797 0
1755857945624 0.0004076957702636719 0
1755857955659 0.0004200935363769531 0
1755857965698 0.00042748451232910156 0
1755857975731 0.0004227161407470703 0
1755857985772 0.0004172325134277344 0
1755857995808 0.00043511390686035156 0
1755858005842 0.00040435791015625 0
1755858015875 0.0003829002380371094 0
1755858025914 0.00040912628173828125 0
1755858035954 0.00040602684020996094 0
1755858045991 0.00042557716369628906 0
1755858056027 0.0004134178161621094 0
1755858066063 0.0004076957702636719 0
1755858076098 0.0004107952117919922 0
1755858086135 0.0004372596740722656 0
1755858096174 0.0004177093505859375 0
1755858106210 0.0004258155822753906 0
1755858116244 0.00041985511779785156 0
1755858126278 0.00045180320739746094 0
1755858136318 0.00039696693420410156 0
1755858146360 0.0004229545593261719 0
1755858156395 0.0004475116729736328 0
1755858166431 0.0004222393035888672 0
1755858176467 0.00043964385986328125 0
1755858186505 0.00041103363037109375 0
1755858196542 0.0004169940948486328 0
1755858206578 0.00039958953857421875 0
1755858216614 0.0004279613494873047 0
1755858226647 0.0003540515899658203 0
1755858236685 0.0004191398620605469 0
1755858246722 0.0004010200500488281 0
1755858256759 0.0004248619079589844 0
1755858266791 0.0004112720489501953 0
1755858276832 0.00041675567626953125 0
1755858286866 0.00043129920959472656 0
1755858296905 0.0004036426544189453 0
1755858306946 0.0004093647003173828 0
1755858316983 0.0004096031188964844 0
1755858327018 0.00041222572326660156 0
1755858337055 0.0004062652587890625 0
1755858347088 0.0004143714904785156 0
1755858357124 0.00042366981506347656 0
1755858367159 0.00041031837463378906 0
1755858377196 0.0004241466522216797 0
1755858387239 0.0004999637603759766 0
1755858397275 0.0004382133483886719 0
1755858407313 0.0003962516784667969 0
1755858417354 0.0004029273986816406 0
1755858427390 0.00040721893310546875 0
1755858437426 0.0004143714904785156 0
1755858447462 0.00042700767517089844 0
1755858457498 0.00043487548828125 0
1755858467533 0.00046944618225097656 0
1755858477569 0.00045871734619140625 0
1755858487609 0.00042891502380371094 0
1755858497646 0.0004265308380126953 0
1755858507683 0.00042128562927246094 0
1755858517718 0.0004334449768066406 0
1755858527754 0.0004417896270751953 0
1755858537788 0.00042724609375 0
1755858547826 0.000423431396484375 0
1755858557862 0.0004642009735107422 0
1755858567901 0.0004048347473144531 0
1755858577937 0.00041747093200683594 0
1755858587974 0.0004200935363769531 0
1755858598012 0.00042510032653808594 0
1755858608049 0.000408172607421875 0
1755858618084 0.0004496574401855469 0
1755858628123 0.000415802001953125 0
1755858638157 0.0005660057067871094 0
1755858648197 0.00042748451232910156 0
1755858658238 0.0006952285766601562 0
1755858668276 0.0004687309265136719 0
1755858678316 0.00043582916259765625 0
1755858688361 0.0007483959197998047 0
1755858698393 0.00042629241943359375 0
1755858708429 0.0004088878631591797 0
1755858718468 0.0004532337188720703 0
1755858728508 0.0004165172576904297 0
1755858738548 0.00041794776916503906 0
1755858748587 0.0004913806915283203 0
1755858758620 0.0004143714904785156 0
1755858768655 0.0004210472106933594 0
1755858778688 0.0004115104675292969 0
1755858788726 0.00041961669921875 0
1755858798763 0.0004115104675292969 0
1755858808797 0.00043463706970214844 0
1755858818833 0.0004203319549560547 0
1755858828869 0.00042247772216796875 0
1755858838900 0.000446319580078125 0
1755858848937 0.00044798851013183594 0
1755858858974 0.0004558563232421875 0
1755858869014 0.0003600120544433594 0
1755858879051 0.0004119873046875 0
1755858889088 0.00041794776916503906 0
1755858899121 0.0004050731658935547 0
1755858909157 0.0005004405975341797 0
1755858919192 0.00043463706970214844 0
1755858929225 0.00041294097900390625 0
1755858939260 0.0003921985626220703 0
1755858949294 0.0005478858947753906 0
1755858959329 0.0004165172576904297 0
1755858969368 0.00042057037353515625 0
1755858979409 0.0004208087921142578 0
1755858989447 0.0004801750183105469 0
1755858999484 0.00047469139099121094 0
1755859009519 0.0004088878631591797 0
1755859019555 0.00045299530029296875 0
1755859029590 0.00040531158447265625 0
1755859039624 0.00040221214294433594 0
1755859049660 0.0004513263702392578 0
1755859059697 0.0004363059997558594 0
1755859069733 0.0004296302795410156 0
1755859079766 0.0004029273986816406 0
1755859089808 0.0004165172576904297 0
1755859099840 0.0004048347473144531 0
1755859109878 0.0004057884216308594 0
1755859119912 0.0004096031188964844 0
1755859129946 0.00041747093200683594 0
1755859139986 0.0004127025604248047 0
1755859150024 0.00044083595275878906 0
1755859160064 0.0004286766052246094 0
1755859170098 0.0004239082336425781 0
1755859180134 0.00042319297790527344 0
1755859190171 0.0004038810729980469 0
1755859200209 0.0004189014434814453 0
1755859210248 0.00042891502380371094 0
1755859220285 0.0004150867462158203 0
1755859230324 0.0004398822784423828 0
1755859240359 0.00040841102600097656 0
1755859250395 0.0004901885986328125 0
1755859260430 0.0004563331604003906 0
1755859270470 0.00042819976806640625 0
1755859280511 0.00042724609375 0
1755859290548 0.00040531158447265625 0
1755859300587 0.0004138946533203125 0
1755859310623 0.0004074573516845703 0
1755859320664 0.00039649009704589844 0
1755859330699 0.0003848075866699219 0
1755859340733 0.0004203319549560547 0
1755859350768 0.0004329681396484375 0
1755859360802 0.0004086494445800781 0
1755859370845 0.0004379749298095703 0
1755859380881 0.00040984153747558594 0
1755859390920 0.0004303455352783203 0
1755859400956 0.00044155120849609375 0
1755859410992 0.0004153251647949219 0
1755859421028 0.00042510032653808594 0
1755859431068 0.0004248619079589844 0
1755859441104 0.00043582916259765625 0
1755859451146 0.0005843639373779297 0
1755859461181 0.0004093647003173828 0
1755859471215 0.0004143714904785156 0
1755859481253 0.0003979206085205078 0
1755859491289 0.0004420280456542969 0
1755859501325 0.0004355907440185547 0
1755859511361 0.0004100799560546875 0
1755859521399 0.0003960132598876953 0
1755859531434 0.0004134178161621094 0
1755859541467 0.00042438507080078125 0
1755859551505 0.0004057884216308594 0
1755859561543 0.0004279613494873047 0
1755859571580 0.00040531158447265625 0
1755859581613 0.0005381107330322266 0
1755859591649 0.0004012584686279297 0
1755859601682 0.0003917217254638672 0
1755859611719 0.00042748451232910156 0
1755859621756 0.00042819976806640625 0
1755859631792 0.0004112720489501953 0
1755859641828 0.0003991127014160156 0
1755859651860 0.00040268898010253906 0
1755859661898 0.0004911422729492188 0
1755859671937 0.0004074573516845703 0
1755859681976 0.00041961669921875 0
1755859692008 0.0004036426544189453 0
1755859702045 0.0004208087921142578 0
1755859712081 0.00041937828063964844 0
1755859722116 0.0003845691680908203 0
1755859732151 0.00042557716369628906 0
1755859742188 0.0005173683166503906 0
1755859752227 0.0004119873046875 0
1755859762260 0.00041413307189941406 0
1755859772295 0.0004317760467529297 0
1755859782334 0.00042366981506347656 0
1755859792367 0.00043487548828125 0
1755859802404 0.0004172325134277344 0
1755859812443 0.00041604042053222656 0
1755859822478 0.0004343986511230469 0
1755859832515 0.00040030479431152344 0
1755859842555 0.0004124641418457031 0
1755859852590 0.0003974437713623047 0
1755859862627 0.0004215240478515625 0
1755859872658 0.0004119873046875 0
1755859882697 0.0004012584686279297 0
1755859892735 0.00041365623474121094 0
1755859902769 0.0004940032958984375 0
1755859912806 0.00043511390686035156 0
1755859922842 0.0004017353057861328 0
1755859932882 0.00042510032653808594 0
1755859942917 0.0004017353057861328 0
1755859952952 0.000415802001953125 0
1755859962987 0.0004017353057861328 0
1755859973029 0.0004012584686279297 0
1755859983068 0.000438690185546875 0
1755859993108 0.0004107952117919922 0
1755860003145 0.00041174888610839844 0
1755860013181 0.0003948211669921875 0
1755860023214 0.0004124641418457031 0
1755860033249 0.00041413307189941406 0
1755860043286 0.00041747093200683594 0
1755860053321 0.00041413307189941406 0
1755860063360 0.00039839744567871094 0
1755860073417 0.0004279613494873047 0
1755860083457 0.0005931854248046875 0
1755860093496 0.00041031837463378906 0
1755860103531 0.0003952980041503906 0
1755860113567 0.0004246234893798828 0
1755860123604 0.00041103363037109375 0
1755860133639 0.0004165172576904297 0
1755860143674 0.0004119873046875 0
1755860153707 0.000415802001953125 0
1755860163742 0.0004096031188964844 0
1755860173777 0.00043773651123046875 0
1755860183813 0.00041294097900390625 0
1755860193851 0.00046372413635253906 0
1755860203886 0.00044417381286621094 0
1755860213925 0.00043964385986328125 0
1755860223961 0.00041413307189941406 0
1755860234003 0.0004062652587890625 0
1755860244041 0.00041747093200683594 0
1755860254075 0.0004019737243652344 0
1755860264112 0.0004086494445800781 0
1755860274145 0.00041222572326660156 0
1755860284182 0.0004532337188720703 0
1755860294217 0.0004038810729980469 0
1755860304252 0.0004146099090576172 0
1755860314288 0.0004267692565917969 0
1755860324321 0.0004150867462158203 0
1755860334359 0.000431060791015625 0
1755860344394 0.0004265308380126953 0
1755860354429 0.0004246234893798828 0
1755860364464 0.0004124641418457031 0
1755860374497 0.00041866302490234375 0
1755860384534 0.00040411949157714844 0
1755860394571 0.00044083595275878906 0
1755860404607 0.0004107952117919922 0
1755860414646 0.0004241466522216797 0
1755860424679 0.0004227161407470703 0
1755860434715 0.0005178451538085938 0
1755860444753 0.0004000663757324219 0
1755860454786 0.00042176246643066406 0
1755860464822 0.00040340423583984375 0
1755860474856 0.000469207763671875 0
1755860484894 0.0004131793975830078 0
1755860494931 0.0005104541778564453 0
1755860504970 0.0004050731658935547 0
1755860515004 0.00043702125549316406 0
1755860525043 0.0004088878631591797 0
1755860535083 0.0004215240478515625 0
1755860545117 0.00046634674072265625 0
1755860555153 0.00042366981506347656 0
1755860565197 0.00041961669921875 0
1755860575233 0.00039386749267578125 0
1755860585267 0.00041556358337402344 0
1755860595306 0.00042700767517089844 0
1755860605342 0.0004165172576904297 0
1755860615381 0.00041365623474121094 0
1755860625416 0.00041794776916503906 0
1755860635457 0.0004353523254394531 0
1755860645498 0.00041675567626953125 0
1755860655535 0.0004012584686279297 0
1755860665570 0.00041675567626953125 0
1755860675604 0.0007724761962890625 0
1755860685648 0.00042176246643066406 0
1755860695682 0.0004994869232177734 0
1755860705726 0.0004296302795410156 0
1755860715771 0.0004143714904785156 0
1755860725810 0.00041937828063964844 0
1755860735847 0.0003895759582519531 0
1755860745887 0.00039315223693847656 0
1755860755924 0.00040078163146972656 0
1755860765960 0.0004773139953613281 0
1755860775995 0.0004184246063232422 0
1755860786032 0.0004260540008544922 0
1755860796073 0.0004124641418457031 0
1755860806107 0.0004200935363769531 0
1755860816143 0.0004475116729736328 0
1755860826177 0.00046825408935546875 0
1755860836214 0.0004181861877441406 0
1755860846249 0.000423431396484375 0
1755860856282 0.0004355907440185547 0
1755860866321 0.0004284381866455078 0
1755860876357 0.0004165172576904297 0
1755860886393 0.0004191398620605469 0
1755860896431 0.00041794776916503906 0
1755860906467 0.00040221214294433594 0
1755860916504 0.00040459632873535156 0
1755860926541 0.00041103363037109375 0
1755860936577 0.00041937828063964844 0
1755860946612 0.0004057884216308594 0
1755860956646 0.0004062652587890625 0
1755860966683 0.0004928112030029297 0
1755860976722 0.0004124641418457031 0
1755860986756 0.0004172325134277344 0
1755860996791 0.0004246234893798828 0
1755861006830 0.0004210472106933594 0
1755861016865 0.0003979206085205078 0
1755861026901 0.0004191398620605469 0
1755861036938 0.0004668235778808594 0
1755861046973 0.0004229545593261719 0
1755861057007 0.0003845691680908203 0
1755861067049 0.00041604042053222656 0
1755861077085 0.00041985511779785156 0
1755861087120 0.0004036426544189453 0
1755861097158 0.0004100799560546875 0
1755861107197 0.0004222393035888672 0
1755861117237 0.0004019737243652344 0
1755861127275 0.0004487037658691406 0
1755861137311 0.0004677772521972656 0
1755861147344 0.0004143714904785156 0
1755861157384 0.0004127025604248047 0
1755861167420 0.0004298686981201172 0
1755861177452 0.0004477500915527344 0
1755861187486 0.0004208087921142578 0
1755861197522 0.0004127025604248047 0
1755861207561 0.0004258155822753906 0
1755861217597 0.00040721893310546875 0
1755861227636 0.00038361549377441406 0
1755861237672 0.0004119873046875 0
1755861247712 0.0005261898040771484 0
1755861257750 0.0004069805145263672 0
1755861267787 0.00040650367736816406 0
1755861277823 0.0004165172576904297 0
1755861287861 0.00042319297790527344 0
1755861297900 0.00041747093200683594 0
1755861307941 0.0004024505615234375 0
1755861317973 0.0004069805145263672 0
1755861328007 0.0004127025604248047 0
1755861338042 0.0004897117614746094 0
1755861348078 0.0004334449768066406 0
1755861358112 0.0003948211669921875 0
1755861368146 0.0004801750183105469 0
1755861378180 0.00041365623474121094 0
1755861388215 0.0004146099090576172 0
1755861398249 0.0004057884216308594 0
1755861408285 0.0003962516784667969 0
1755861418320 0.0004036426544189453 0
1755861428358 0.0004191398620605469 0
1755861438397 0.00047397613525390625 0
1755861448431 0.0004146099090576172 0
1755861458467 0.0004532337188720703 0
1755861468508 0.0004131793975830078 0
1755861478544 0.00040984153747558594 0
1755861488580 0.0004265308380126953 0
1755861498616 0.0004112720489501953 0
1755861508652 0.0004220008850097656 0
1755861518691 0.0004088878631591797 0
1755861528726 0.00040435791015625 0
1755861538763 0.00038933753967285156 0
1755861548799 0.0004181861877441406 0
1755861558834 0.00041985511779785156 0
1755861568870 0.0004146099090576172 0
1755861578908 0.0004405975341796875 0
1755861588943 0.00043463706970214844 0
1755861598980 0.00042366981506347656 0
1755861609013 0.00036597251892089844 0
1755861619050 0.0004296302795410156 0
1755861629087 0.0004124641418457031 0
1755861639123 0.00039458274841308594 0
1755861649156 0.00041365623474121094 0
1755861659192 0.0004229545593261719 0
1755861669227 0.00044465065002441406 0
1755861679264 0.0004467964172363281 0
1755861689299 0.00041413307189941406 0
1755861699345 0.00067138671875 0
1755861709385 0.0004220008850097656 0
1755861719420 0.0003960132598876953 0
1755861729457 0.00040078163146972656 0
1755861739494 0.00041103363037109375 0
1755861749531 0.00042891502380371094 0
1755861759569 0.0004496574401855469 0
1755861769603 0.0004127025604248047 0
1755861779638 0.0004086494445800781 0
1755861789674 0.0004265308380126953 0
1755861799712 0.0004115104675292969 0
1755861809749 0.0004050731658935547 0
1755861819784 0.0004074573516845703 0
1755861829825 0.0004248619079589844 0
1755861839864 0.000431060791015625 0
1755861849899 0.0003948211669921875 0
1755861859934 0.0004024505615234375 0
1755861869974 0.00041985511779785156 0
1755861880011 0.0004119873046875 0
1755861890048 0.000415802001953125 0
1755861900087 0.0004131793975830078 0
1755861910123 0.0004093647003173828 0
1755861920158 0.00042510032653808594 0
1755861930196 0.0004291534423828125 0
1755861940231 0.00044226646423339844 0
1755861950268 0.00041103363037109375 0
1755861960307 0.0004935264587402344 0
1755861970345 0.0005548000335693359 0
1755861980379 0.0004448890686035156 0
1755861990416 0.00041174888610839844 0
1755862000453 0.0004184246063232422 0
1755862010489 0.0004208087921142578 0
1755862020523 0.0005848407745361328 0
1755862030562 0.00040268898010253906 0
1755862040600 0.0004360675811767578 0
1755862050641 0.00041103363037109375 0
1755862060677 0.00040650367736816406 0
1755862070713 0.0004200935363769531 0
1755862080748 0.0003948211669921875 0
1755862090783 0.00041985511779785156 0
1755862100818 0.0004241466522216797 0
1755862110857 0.00042176246643066406 0
1755862120894 0.000431060791015625 0
1755862130931 0.0004210472106933594 0
1755862140972 0.0004355907440185547 0
1755862151007 0.0004127025604248047 0
1755862161046 0.0004355907440185547 0
1755862171080 0.0004329681396484375 0
1755862181116 0.0003943443298339844 0
1755862191152 0.0004210472106933594 0
1755862201187 0.0004010200500488281 0
1755862211225 0.00041174888610839844 0
1755862221265 0.0004646778106689453 0
1755862231303 0.0004067420959472656 0
1755862241339 0.0004096031188964844 0
1755862251380 0.0003933906555175781 0
1755862261417 0.00042700767517089844 0
1755862271455 0.00042629241943359375 0
1755862281496 0.0004150867462158203 0
1755862291531 0.0004317760467529297 0
1755862301565 0.0004260540008544922 0
1755862311601 0.0004146099090576172 0
1755862321634 0.0004146099090576172 0
1755862331670 0.00045299530029296875 0
1755862341706 0.00042629241943359375 0
1755862351742 0.0004363059997558594 0
1755862361777 0.00041556358337402344 0
1755862371810 0.0004134178161621094 0
1755862381846 0.0004878044128417969 0
1755862391884 0.0004172325134277344 0
1755862401920 0.0004208087921142578 0
1755862411958 0.00040435791015625 0
1755862421991 0.00043582916259765625 0
1755862432027 0.00040650367736816406 0
1755862442067 0.0004105567932128906 0
1755862452108 0.0004019737243652344 0
1755862462144 0.00043773651123046875 0
1755862472180 0.00041103363037109375 0
1755862482219 0.0004284381866455078 0
1755862492251 0.00046443939208984375 0
1755862502286 0.000408172607421875 0
1755862512321 0.0004425048828125 0
1755862522356 0.00042939186096191406 0
1755862532389 0.0004229545593261719 0
1755862542433 0.0004096031188964844 0
1755862552471 0.00038433074951171875 0
1755862562513 0.0004029273986816406 0
1755862572548 0.0004131793975830078 0
1755862582579 0.000415802001953125 0
1755862592615 0.00043463706970214844 0
1755862602653 0.00043201446533203125 0
1755862612688 0.00042438507080078125 0
1755862622723 0.0005040168762207031 0
1755862632760 0.0004420280456542969 0
1755862642795 0.00041675567626953125 0
1755862652866 0.00043320655822753906 0
1755862662903 0.0004210472106933594 0
1755862672938 0.0005500316619873047 0
1755862682972 0.00043010711669921875 0
1755862693010 0.000423431396484375 0
1755862703048 0.0004279613494873047 0
1755862713084 0.00043964385986328125 0
1755862723118 0.00042891502380371094 0
1755862733154 0.0004165172576904297 0
1755862743194 0.00041294097900390625 0
1755862753229 0.0004112720489501953 0
1755862763265 0.0004279613494873047 0
1755862773306 0.0004048347473144531 0
1755862783344 0.0004227161407470703 0
1755862793378 0.00047779083251953125 0
1755862803417 0.00042510032653808594 0
1755862813454 0.0004143714904785156 0
1755862823490 0.00042700767517089844 0
1755862833525 0.0004277229309082031 0
1755862843560 0.0004153251647949219 0
1755862853596 0.00039887428283691406 0
1755862863633 0.0004124641418457031 0
1755862873667 0.000392913818359375 0
1755862883702 0.000400543212890625 0
1755862893739 0.0004220008850097656 0
1755862903774 0.00036454200744628906 0
1755862913813 0.0004241466522216797 0
1755862923880 0.0004191398620605469 0
1755862933916 0.00043463706970214844 0
1755862943951 0.0003902912139892578 0
1755862953989 0.0004222393035888672 0
1755862964024 0.0004229545593261719 0
1755862974062 0.0004191398620605469 0
1755862984101 0.00039005279541015625 0
1755862994137 0.0004162788391113281 0
1755863004173 0.0004181861877441406 0
1755863014209 0.0004165172576904297 0
1755863024243 0.0004012584686279297 0
1755863034279 0.00042438507080078125 0
1755863044315 0.0004253387451171875 0
1755863054350 0.00043129920959472656 0
1755863064386 0.0004134178161621094 0
1755863074423 0.0004029273986816406 0
1755863084502 0.0004324913024902344 0
1755863094537 0.0004096031188964844 0
1755863104574 0.0004291534423828125 0
1755863114608 0.00040650367736816406 0
1755863124646 0.00041747093200683594 0
1755863134683 0.00040459632873535156 0
1755863144719 0.000415802001953125 0
1755863154756 0.00040268898010253906 0
1755863164792 0.0004248619079589844 0
1755863174857 0.0004124641418457031 0
1755863184891 0.00038051605224609375 0
1755863194928 0.0004191398620605469 0
1755863204964 0.0004153251647949219 0
1755863214999 0.00040340423583984375 0
1755863225032 0.0004267692565917969 0
1755863235067 0.0004401206970214844 0
1755863245104 0.0004324913024902344 0
1755863255142 0.0004239082336425781 0
1755863265178 0.0004050731658935547 0
1755863275218 0.00040078163146972656 0
1755863285252 0.00040221214294433594 0
1755863295289 0.00041604042053222656 0
1755863305326 0.0004055500030517578 0
1755863315367 0.0004241466522216797 0
1755863325406 0.0004076957702636719 0
1755863335443 0.00045013427734375 0
1755863345480 0.0004096031188964844 0
1755863355516 0.0004138946533203125 0
1755863365554 0.00040411949157714844 0
1755863375590 0.00046443939208984375 0
1755863385627 0.00041365623474121094 0
1755863395666 0.0004298686981201172 0
1755863405705 0.0004284381866455078 0
1755863415741 0.00042057037353515625 0
1755863425780 0.00040841102600097656 0
1755863435815 0.0004076957702636719 0
1755863445853 0.0004067420959472656 0
1755863455894 0.0005452632904052734 0
1755863465932 0.0004200935363769531 0
1755863475972 0.00042366981506347656 0
1755863486008 0.00037860870361328125 0
1755863496049 0.0004150867462158203 0
1755863506083 0.0004127025604248047 0
1755863516127 0.0005922317504882812 0
1755863526166 0.0005521774291992188 0
1755863536208 0.00045609474182128906 0
1755863546244 0.0004131793975830078 0
1755863556278 0.0004134178161621094 0
1755863566318 0.00041103363037109375 0
1755863576365 0.0006346702575683594 0
1755863586409 0.0004169940948486328 0
1755863596445 0.0004220008850097656 0
1755863606483 0.000423431396484375 0
1755863616518 0.0004227161407470703 0
1755863626556 0.0004029273986816406 0
1755863636595 0.0004055500030517578 0
1755863646632 0.0004324913024902344 0
1755863656666 0.000396728515625 0
1755863666701 0.00042510032653808594 0
1755863676738 0.0004057884216308594 0
1755863686774 0.0003972053527832031 0
1755863696815 0.0005152225494384766 0
1755863706850 0.0004062652587890625 0
1755863716885 0.000415802001953125 0
1755863726919 0.0004153251647949219 0
1755863736954 0.00038814544677734375 0
1755863746992 0.0004048347473144531 0
1755863757029 0.0006184577941894531 0
1755863767069 0.00040602684020996094 0
1755863777105 0.0004715919494628906 0
1755863787141 0.00040268898010253906 0
1755863797176 0.00041604042053222656 0
1755863807214 0.0003910064697265625 0
1755863817267 0.0005025863647460938 0
1755863827307 0.0004162788391113281 0
1755863837346 0.00040340423583984375 0
1755863847383 0.00042557716369628906 0
1755863857421 0.0004241466522216797 0
1755863867467 0.0004169940948486328 0
1755863877503 0.000431060791015625 0
1755863887541 0.0004782676696777344 0
1755863897577 0.0004374980926513672 0
1755863907610 0.0004191398620605469 0
1755863917643 0.0004241466522216797 0
1755863927678 0.0004181861877441406 0
1755863937714 0.0004062652587890625 0
1755863947751 0.0005369186401367188 0
1755863957789 0.0004057884216308594 0
1755863967827 0.0004661083221435547 0
1755863977861 0.0004162788391113281 0
1755863987898 0.0004241466522216797 0
1755863997936 0.00041103363037109375 0
1755864007970 0.000431060791015625 0
1755864018008 0.00042128562927246094 0
1755864028047 0.0004570484161376953 0
1755864038083 0.00043082237243652344 0
1755864048122 0.0004172325134277344 0
1755864058157 0.00057220458984375 0
1755864068197 0.0004525184631347656 0
1755864078234 0.0004291534423828125 0
1755864088270 0.00041556358337402344 0
1755864098346 0.0004360675811767578 0
1755864108384 0.0004112720489501953 0
1755864118422 0.00041794776916503906 0
1755864128459 0.0004203319549560547 0
1755864138496 0.0004203319549560547 0
1755864148532 0.00040841102600097656 0
1755864158565 0.0004229545593261719 0
1755864168603 0.0004837512969970703 0
1755864178644 0.0004360675811767578 0
1755864188680 0.00044846534729003906 0
1755864198719 0.0004942417144775391 0
1755864208759 0.0004181861877441406 0
1755864218797 0.00042891502380371094 0
1755864228833 0.00041556358337402344 0
1755864238873 0.0004394054412841797 0
1755864248908 0.00042366981506347656 0
1755864258946 0.00041413307189941406 0
1755864268984 0.00043201446533203125 0
1755864279022 0.0004477500915527344 0
1755864289061 0.00043845176696777344 0
1755864299094 0.0004115104675292969 0
1755864309131 0.0004696846008300781 0
1755864319166 0.0004229545593261719 0
1755864329202 0.00040602684020996094 0
1755864339242 0.00042057037353515625 0
1755864349276 0.00042510032653808594 0
1755864359313 0.00042247772216796875 0
1755864369346 0.00040841102600097656 0
1755864379382 0.0003936290740966797 0
1755864389455 0.0004265308380126953 0
1755864399491 0.0004267692565917969 0
1755864409532 0.0004062652587890625 0
1755864419568 0.0004229545593261719 0
1755864429600 0.00040984153747558594 0
1755864439635 0.0005936622619628906 0
1755864449669 0.00041484832763671875 0
1755864459705 0.00039958953857421875 0
1755864469742 0.0004088878631591797 0
1755864479777 0.00039958953857421875 0
1755864489812 0.0004603862762451172 0
1755864499885 0.00040459632873535156 0
1755864509921 0.0004100799560546875 0
1755864519960 0.0004150867462158203 0
1755864529996 0.0004134178161621094 0
1755864540031 0.00048470497131347656 0
1755864550067 0.0004172325134277344 0
1755864560103 0.00040984153747558594 0
1755864570139 0.0004177093505859375 0
1755864580174 0.00041031837463378906 0
1755864590207 0.0004246234893798828 0
1755864600243 0.0004317760467529297 0
1755864610275 0.0004260540008544922 0
1755864620310 0.0004100799560546875 0
1755864630350 0.00041985511779785156 0
1755864640389 0.0004150867462158203 0
1755864650425 0.00046634674072265625 0
1755864660462 0.0004119873046875 0
1755864670497 0.0004181861877441406 0
1755864680532 0.0004322528839111328 0
1755864690567 0.0004200935363769531 0
1755864700601 0.0004169940948486328 0
1755864710635 0.0004119873046875 0
1755864720674 0.0003955364227294922 0
1755864730713 0.0004069805145263672 0
1755864740746 0.0004100799560546875 0
1755864750781 0.00036215782165527344 0
1755864760815 0.00041556358337402344 0
1755864770850 0.0004222393035888672 0
1755864780886 0.00041794776916503906 0
1755864790918 0.00042366981506347656 0
1755864800954 0.00039887428283691406 0
1755864810993 0.0004787445068359375 0
1755864821029 0.0004143714904785156 0
1755864831066 0.0004239082336425781 0
1755864841120 0.0005474090576171875 0
1755864851157 0.00048542022705078125 0
1755864861190 0.000400543212890625 0
1755864871226 0.0004100799560546875 0
1755864881260 0.000415802001953125 0
1755864891296 0.0004119873046875 0
1755864901334 0.0004899501800537109 0
1755864911368 0.00040149688720703125 0
1755864921408 0.0004146099090576172 0
1755864931447 0.0003972053527832031 0
1755864941482 0.0004858970642089844 0
1755864951519 0.00040984153747558594 0
1755864961557 0.0003979206085205078 0
1755864971596 0.0004146099090576172 0
1755864981632 0.0004105567932128906 0
1755864991668 0.0004165172576904297 0
1755865001702 0.0004165172576904297 0
1755865011734 0.00042557716369628906 0
1755865021770 0.0004169940948486328 0
1755865031807 0.0004222393035888672 0
1755865041843 0.00044727325439453125 0
1755865051879 0.000415802001953125 0
1755865061916 0.0004100799560546875 0
1755865071953 0.0005333423614501953 0
1755865081994 0.0004935264587402344 0
1755865092029 0.00048542022705078125 0
1755865102065 0.00040149688720703125 0
1755865112103 0.00038933753967285156 0
1755865122139 0.00047850608825683594 0
1755865132173 0.00042247772216796875 0
1755865142213 0.0005199909210205078 0
1755865152250 0.00041365623474121094 0
1755865162286 0.0004093647003173828 0
1755865172327 0.0003936290740966797 0
1755865182365 0.00041604042053222656 0
1755865192400 0.0004107952117919922 0
1755865202434 0.00041031837463378906 0
1755865212470 0.00041985511779785156 0
1755865222507 0.0004298686981201172 0
1755865232541 0.00042247772216796875 0
1755865242574 0.0004253387451171875 0
1755865252611 0.00044655799865722656 0
1755865262648 0.00041222572326660156 0
1755865272686 0.00047516822814941406 0
1755865282725 0.0004115104675292969 0
1755865292761 0.0004830360412597656 0
1755865302797 0.00041365623474121094 0
1755865312833 0.00041294097900390625 0
1755865322870 0.00046706199645996094 0
1755865332907 0.00041413307189941406 0
1755865342942 0.00040340423583984375 0
1755865352977 0.0003998279571533203 0
1755865363015 0.0004169940948486328 0
1755865373050 0.0005254745483398438 0
1755865383089 0.0004107952117919922 0
1755865393126 0.0004241466522216797 0
1755865403162 0.00039887428283691406 0
1755865413196 0.00042176246643066406 0
1755865423233 0.0005848407745361328 0
1755865433269 0.0004208087921142578 0
1755865443304 0.00040531158447265625 0
1755865453341 0.00043129920959472656 0
1755865463379 0.0004169940948486328 0
1755865473415 0.00039649009704589844 0
1755865483448 0.0004208087921142578 0
1755865493482 0.0004134178161621094 0
1755865503514 0.00038361549377441406 0
1755865513553 0.0003981590270996094 0
1755865523588 0.0004520416259765625 0
1755865533625 0.00044226646423339844 0
1755865543664 0.0004298686981201172 0
1755865553703 0.0004105567932128906 0
1755865563739 0.0004115104675292969 0
1755865573772 0.0004134178161621094 0
1755865583806 0.0004329681396484375 0
1755865593843 0.00040721893310546875 0
1755865603880 0.00044536590576171875 0
1755865613915 0.00042438507080078125 0
1755865623951 0.0004100799560546875 0
1755865633987 0.0004901885986328125 0
1755865644021 0.0004248619079589844 0
1755865654056 0.0004096031188964844 0
1755865664090 0.0004260540008544922 0
1755865674127 0.00043702125549316406 0
1755865684164 0.0004305839538574219 0
1755865694204 0.00041747093200683594 0
1755865704236 0.00040531158447265625 0
1755865714272 0.00046133995056152344 0
1755865724308 0.0004107952117919922 0
1755865734343 0.0004324913024902344 0
1755865744378 0.0003962516784667969 0
1755865754415 0.00043320655822753906 0
1755865764449 0.0004298686981201172 0
1755865774487 0.0004048347473144531 0
1755865784520 0.0003960132598876953 0
1755865794553 0.0004277229309082031 0
1755865804587 0.00041866302490234375 0
1755865814628 0.0003960132598876953 0
1755865824664 0.00039196014404296875 0
1755865834700 0.0004172325134277344 0
1755865844734 0.00041174888610839844 0
1755865854777 0.000431060791015625 0
1755865864812 0.00042366981506347656 0
1755865874848 0.00040268898010253906 0
1755865884886 0.0004093647003173828 0
1755865894920 0.0004200935363769531 0
1755865904957 0.0004336833953857422 0
1755865914990 0.0004038810729980469 0
1755865925027 0.00040984153747558594 0
1755865935068 0.00042557716369628906 0
1755865945104 0.0004031658172607422 0
1755865955140 0.0004055500030517578 0
1755865965176 0.00042629241943359375 0
1755865975215 0.0004112720489501953 0
1755865985254 0.00042128562927246094 0
1755865995294 0.00041937828063964844 0
1755866005337 0.00046753883361816406 0
1755866015371 0.0003883838653564453 0
1755866025442 0.0004055500030517578 0
1755866035481 0.0004661083221435547 0
1755866045516 0.0004456043243408203 0
1755866055552 0.0004322528839111328 0
1755866065597 0.00046825408935546875 0
1755866075635 0.0004143714904785156 0
1755866085669 0.00044083595275878906 0
1755866095706 0.0004258155822753906 0
1755866105739 0.0004119873046875 0
1755866115773 0.0004112720489501953 0
1755866125805 0.0004284381866455078 0
1755866135838 0.0004055500030517578 0
1755866145874 0.0004277229309082031 0
1755866155908 0.00041747093200683594 0
1755866165943 0.0004069805145263672 0
1755866175980 0.0004127025604248047 0
1755866186018 0.0004191398620605469 0
1755866196055 0.0004143714904785156 0
1755866206096 0.00042748451232910156 0
1755866216132 0.0004215240478515625 0
1755866226169 0.0004200935363769531 0
1755866236212 0.0004138946533203125 0
1755866246251 0.0004067420959472656 0
1755866256289 0.0004069805145263672 0
1755866266325 0.0005669593811035156 0
1755866276361 0.000431060791015625 0
1755866286397 0.0004208087921142578 0
1755866296434 0.00040841102600097656 0
1755866306469 0.0004324913024902344 0
1755866316510 0.0004153251647949219 0
1755866326548 0.00042629241943359375 0
1755866336583 0.00041365623474121094 0
1755866346617 0.00046563148498535156 0
1755866356652 0.0004363059997558594 0
1755866366690 0.00040793418884277344 0
1755866376727 0.0004131793975830078 0
1755866386761 0.0004074573516845703 0
1755866396795 0.0003917217254638672 0
1755866406833 0.000438690185546875 0
1755866416869 0.00040531158447265625 0
1755866426904 0.0004189014434814453 0
1755866436943 0.0005278587341308594 0
1755866446979 0.0004334449768066406 0
1755866457018 0.0004124641418457031 0
1755866467062 0.0003991127014160156 0
1755866477099 0.0004189014434814453 0
1755866487138 0.000400543212890625 0
1755866497176 0.0003628730773925781 0
1755866507209 0.0004076957702636719 0
1755866517244 0.0004303455352783203 0
1755866527280 0.0004241466522216797 0
1755866537316 0.0004596710205078125 0
1755866547351 0.0004317760467529297 0
1755866557383 0.00046324729919433594 0
1755866567426 0.00040912628173828125 0
1755866577461 0.00041294097900390625 0
1755866587496 0.0003845691680908203 0
1755866597531 0.00044989585876464844 0
1755866607566 0.0004191398620605469 0
1755866617602 0.00040149688720703125 0
1755866627639 0.00043511390686035156 0
1755866637680 0.0004153251647949219 0
1755866647714 0.0004596710205078125 0
1755866657747 0.0005137920379638672 0
1755866667790 0.0004093647003173828 0
1755866677828 0.0004127025604248047 0
1755866687859 0.00041103363037109375 0
1755866697899 0.0004165172576904297 0
1755866707942 0.0004048347473144531 0
1755866717979 0.0004215240478515625 0
1755866728020 0.0004506111145019531 0
1755866738054 0.0004024505615234375 0
1755866748090 0.0004220008850097656 0
1755866758131 0.0004172325134277344 0
1755866768166 0.0004131793975830078 0
1755866778203 0.0004222393035888672 0
1755866788239 0.00042176246643066406 0
1755866798274 0.00042629241943359375 0
1755866808310 0.0004527568817138672 0
1755866818347 0.0006308555603027344 0
1755866828383 0.0004200935363769531 0
1755866838418 0.00041174888610839844 0
1755866848454 0.00042438507080078125 0
1755866858490 0.0004165172576904297 0
1755866868526 0.000408172607421875 0
1755866878563 0.0004303455352783203 0
1755866888599 0.000766754150390625 0
1755866898636 0.0004177093505859375 0
1755866908673 0.00044035911560058594 0
1755866918715 0.0004584789276123047 0
1755866928754 0.00041031837463378906 0
1755866938792 0.00039458274841308594 0
1755866948825 0.00043320655822753906 0
1755866958861 0.0004260540008544922 0
1755866968898 0.00041556358337402344 0
1755866978937 0.00043010711669921875 0
1755866988973 0.0004024505615234375 0
1755866999011 0.0004634857177734375 0
1755867009046 0.00041675567626953125 0
1755867019081 0.00041413307189941406 0
1755867029119 0.0004239082336425781 0
1755867039156 0.0004191398620605469 0
1755867049191 0.0004515647888183594 0
1755867059227 0.0004146099090576172 0
1755867069267 0.0004100799560546875 0
1755867079305 0.0004138946533203125 0
1755867089345 0.0003936290740966797 0
1755867099380 0.00041103363037109375 0
1755867109412 0.00040912628173828125 0
1755867119446 0.00047659873962402344 0
1755867129481 0.0004134178161621094 0
1755867139518 0.0005164146423339844 0
1755867149551 0.0004124641418457031 0
1755867159586 0.00042438507080078125 0
1755867169621 0.0004191398620605469 0
1755867179661 0.0004131793975830078 0
1755867189697 0.00041604042053222656 0
1755867199733 0.00040841102600097656 0
1755867209765 0.0004131793975830078 0
1755867219802 0.0004317760467529297 0
1755867229836 0.0004298686981201172 0
1755867239911 0.0004143714904785156 0
1755867249947 0.0004138946533203125 0
1755867259983 0.0004048347473144531 0
1755867270015 0.00042176246643066406 0
1755867280051 0.00042247772216796875 0
1755867290087 0.00041675567626953125 0
1755867300120 0.0004105567932128906 0
1755867310164 0.00041031837463378906 0
1755867320200 0.0004818439483642578 0
1755867330236 0.00040411949157714844 0
1755867340277 0.0004107952117919922 0
1755867350314 0.00041031837463378906 0
1755867360353 0.0004112720489501953 0
1755867370390 0.000400543212890625 0
1755867380424 0.00040340423583984375 0
1755867390461 0.0004630088806152344 0
1755867400505 0.00042629241943359375 0
1755867410542 0.0004086494445800781 0
1755867420575 0.000415802001953125 0
1755867430610 0.0004017353057861328 0
1755867440645 0.0004067420959472656 0
1755867450681 0.000446319580078125 0
1755867460718 0.0004115104675292969 0
1755867470759 0.0004143714904785156 0
1755867480796 0.0004138946533203125 0
1755867490831 0.00042724609375 0
1755867500907 0.00046753883361816406 0
1755867510941 0.0004119873046875 0
1755867520977 0.0004208087921142578 0
1755867531014 0.0004088878631591797 0
1755867541052 0.00040984153747558594 0
1755867551088 0.00041222572326660156 0
1755867561127 0.00040340423583984375 0
1755867571163 0.00043129920959472656 0
1755867581200 0.00040602684020996094 0
1755867591236 0.00042819976806640625 0
1755867601273 0.0004138946533203125 0
1755867611316 0.00041937828063964844 0
1755867621351 0.0004169940948486328 0
1755867631389 0.0004146099090576172 0
1755867641425 0.0004093647003173828 0
1755867651460 0.00045680999755859375 0
1755867661496 0.00041604042053222656 0
1755867671530 0.0004229545593261719 0
1755867681567 0.0004100799560546875 0
1755867691601 0.00041985511779785156 0
1755867701637 0.00041365623474121094 0
1755867711676 0.0004367828369140625 0
1755867721712 0.0004296302795410156 0
1755867731747 0.0004062652587890625 0
1755867741783 0.00041961669921875 0
1755867751821 0.0004398822784423828 0
1755867761860 0.0004150867462158203 0
1755867771893 0.0004315376281738281 0
1755867781929 0.00041961669921875 0
1755867791966 0.0004189014434814453 0
1755867802005 0.0004382133483886719 0
1755867812040 0.000415802001953125 0
1755867822075 0.0003943443298339844 0
1755867832111 0.0004038810729980469 0
1755867842144 0.00043702125549316406 0
1755867852179 0.0004394054412841797 0
1755867862215 0.00039887428283691406 0
1755867872253 0.0005517005920410156 0
1755867882290 0.0004107952117919922 0
1755867892327 0.0004978179931640625 0
1755867902361 0.00042176246643066406 0
1755867912393 0.0003991127014160156 0
1755867922436 0.00041031837463378906 0
1755867932472 0.0004489421844482422 0
1755867942507 0.00040030479431152344 0
1755867952543 0.00046324729919433594 0
1755867962577 0.00039649009704589844 0
1755867972616 0.0004215240478515625 0
1755867982652 0.0004291534423828125 0
1755867992686 0.0004100799560546875 0
1755868002720 0.00044274330139160156 0
1755868012758 0.00040721893310546875 0
1755868022796 0.0004119873046875 0
1755868032833 0.0004107952117919922 0
1755868042870 0.00042629241943359375 0
1755868052906 0.00045108795166015625 0
1755868062940 0.00043129920959472656 0
1755868072972 0.0003490447998046875 0
1755868083013 0.00042438507080078125 0
1755868093057 0.0004904270172119141 0
1755868103092 0.00042724609375 0
1755868113127 0.0003991127014160156 0
1755868123162 0.0004239082336425781 0
1755868133198 0.00042247772216796875 0
1755868143233 0.0005474090576171875 0
1755868153268 0.0004792213439941406 0
1755868163305 0.0004107952117919922 0
1755868173342 0.00041413307189941406 0
1755868183375 0.00039839744567871094 0
1755868193410 0.00042629241943359375 0
1755868203446 0.00040411949157714844 0
1755868213483 0.0004565715789794922 0
1755868223520 0.0003705024719238281 0
1755868233555 0.0004315376281738281 0
1755868243589 0.00041937828063964844 0
1755868253624 0.00039839744567871094 0
1755868263664 0.0004968643188476562 0
1755868273700 0.0004749298095703125 0
1755868283736 0.0004105567932128906 0
1755868293769 0.0004794597625732422 0
1755868303805 0.00040602684020996094 0
1755868313839 0.000415802001953125 0
1755868323880 0.0004363059997558594 0
1755868333915 0.0004162788391113281 0
1755868343950 0.0004220008850097656 0
1755868353987 0.0004456043243408203 0
1755868364022 0.0004124641418457031 0
1755868374056 0.0004298686981201172 0
1755868384099 0.00041031837463378906 0
1755868394143 0.0004298686981201172 0
1755868404177 0.0004177093505859375 0
1755868414214 0.0006406307220458984 0
1755868424254 0.0004096031188964844 0
1755868434291 0.00039839744567871094 0
1755868444365 0.0004138946533203125 0
1755868454400 0.0004210472106933594 0
1755868464436 0.0004382133483886719 0
1755868474471 0.0004169940948486328 0
1755868484506 0.00041484832763671875 0
1755868494543 0.0004317760467529297 0
1755868504577 0.0004210472106933594 0
1755868514614 0.0004985332489013672 0
1755868524649 0.0004107952117919922 0
1755868534688 0.00042319297790527344 0
1755868544725 0.00041866302490234375 0
1755868554766 0.00039124488830566406 0
1755868564801 0.0004131793975830078 0
1755868574837 0.00041103363037109375 0
1755868584872 0.0003936290740966797 0
1755868594916 0.00038623809814453125 0
1755868604953 0.0004291534423828125 0
1755868614988 0.00042819976806640625 0
1755868625026 0.00043511390686035156 0
1755868635062 0.0004177093505859375 0
1755868645097 0.00042891502380371094 0
1755868655171 0.00040531158447265625 0
1755868665247 0.000400543212890625 0
1755868675284 0.00041866302490234375 0
1755868685319 0.0004315376281738281 0
1755868695357 0.00041556358337402344 0
1755868705397 0.0004100799560546875 0
1755868715429 0.00042128562927246094 0
1755868725464 0.0004265308380126953 0
1755868735499 0.0004055500030517578 0
1755868745534 0.00042057037353515625 0
1755868755568 0.00042891502380371094 0
1755868765605 0.0004138946533203125 0
1755868775639 0.00041675567626953125 0
1755868785676 0.000431060791015625 0
1755868795712 0.0004870891571044922 0
1755868805748 0.0005211830139160156 0
1755868815783 0.00041794776916503906 0
1755868825818 0.0004239082336425781 0
1755868835852 0.00045561790466308594 0
1755868845885 0.0004131793975830078 0
1755868855923 0.0004329681396484375 0
1755868865963 0.00041866302490234375 0
1755868876002 0.00042557716369628906 0
1755868886040 0.0004143714904785156 0
1755868896079 0.00039887428283691406 0
1755868906115 0.0004010200500488281 0
1755868916149 0.00042057037353515625 0
1755868926185 0.00040078163146972656 0
1755868936218 0.0004291534423828125 0
1755868946253 0.0003991127014160156 0
1755868956288 0.0004153251647949219 0
1755868966323 0.0004918575286865234 0
1755868976361 0.00047016143798828125 0
1755868986400 0.0004267692565917969 0
1755868996440 0.00042319297790527344 0
1755869006479 0.0004246234893798828 0
1755869016516 0.0004127025604248047 0
1755869026553 0.00040721893310546875 0
1755869036588 0.00046253204345703125 0
1755869046621 0.0004699230194091797 0
1755869056655 0.000415802001953125 0
1755869066699 0.0004506111145019531 0
1755869076739 0.0004258155822753906 0
1755869086775 0.0004088878631591797 0
1755869096817 0.0004398822784423828 0
1755869106850 0.00041556358337402344 0
1755869116885 0.00042510032653808594 0
1755869126922 0.0003681182861328125 0
1755869136959 0.0003476142883300781 0
1755869146996 0.0004203319549560547 0
1755869157032 0.0007567405700683594 0
1755869167068 0.0004489421844482422 0
1755869177104 0.00041222572326660156 0
1755869187139 0.00041031837463378906 0
1755869197177 0.0004096031188964844 0
1755869207215 0.0004470348358154297 0
1755869217248 0.0004942417144775391 0
1755869227284 0.0004172325134277344 0
1755869237318 0.0004131793975830078 0
1755869247351 0.0004115104675292969 0
1755869257396 0.0004220008850097656 0
1755869267431 0.00041937828063964844 0
1755869277468 0.00041604042053222656 0
1755869287503 0.0004467964172363281 0
1755869297536 0.00041604042053222656 0
1755869307577 0.0004112720489501953 0
1755869317612 0.0003921985626220703 0
1755869327651 0.0004096031188964844 0
1755869337689 0.0004055500030517578 0
1755869347726 0.00040650367736816406 0
1755869357765 0.0004143714904785156 0
1755869367801 0.0004038810729980469 0
1755869377836 0.0004322528839111328 0
1755869387871 0.00041794776916503906 0
1755869397909 0.0004038810729980469 0
1755869407945 0.0004177093505859375 0
1755869417980 0.0004191398620605469 0
1755869428018 0.0004830360412597656 0
1755869438055 0.00040984153747558594 0
1755869448090 0.00043082237243652344 0
1755869458127 0.0004208087921142578 0
1755869468163 0.00042438507080078125 0
1755869478196 0.00041103363037109375 0
1755869488234 0.00040912628173828125 0
1755869498271 0.00042366981506347656 0
1755869508305 0.0004718303680419922 0
1755869518342 0.0004239082336425781 0
1755869528378 0.00041365623474121094 0
1755869538413 0.0004215240478515625 0
1755869548450 0.0004119873046875 0
1755869558486 0.0004131793975830078 0
1755869568521 0.0004620552062988281 0
1755869578558 0.0003960132598876953 0
1755869588593 0.0004601478576660156 0
1755869598631 0.0004546642303466797 0
1755869608669 0.00043082237243652344 0
1755869618705 0.0005156993865966797 0
1755869628789 0.0005507469177246094 0
1755869638825 0.00041675567626953125 0
1755869648860 0.0005674362182617188 0
1755869658896 0.0004150867462158203 0
1755869668932 0.0004227161407470703 0
1755869678966 0.0004024505615234375 0
1755869689002 0.0004191398620605469 0
1755869699039 0.00042510032653808594 0
1755869709075 0.0004057884216308594 0
1755869719116 0.0004038810729980469 0
1755869729152 0.00040435791015625 0
1755869739185 0.0004057884216308594 0
1755869749226 0.0004055500030517578 0
1755869759265 0.0005090236663818359 0
1755869769302 0.0004298686981201172 0
1755869779340 0.0004239082336425781 0
1755869789375 0.0004169940948486328 0
1755869799411 0.0004019737243652344 0
1755869809447 0.0004878044128417969 0
1755869819488 0.0003974437713623047 0
1755869829522 0.0004119873046875 0
1755869839559 0.00043511390686035156 0
1755869849596 0.00043845176696777344 0
1755869859631 0.0003991127014160156 0
1755869869664 0.000446319580078125 0
1755869879738 0.00042629241943359375 0
1755869889773 0.00042128562927246094 0
1755869899813 0.00040078163146972656 0
1755869909848 0.000415802001953125 0
1755869919887 0.00041484832763671875 0
1755869929921 0.0004203319549560547 0
1755869939991 0.0004394054412841797 0
1755869950028 0.0004239082336425781 0
1755869960061 0.0004017353057861328 0
1755869970102 0.0004401206970214844 0
1755869980140 0.0003972053527832031 0
1755869990175 0.00040435791015625 0
1755870000249 0.0004153251647949219 0
1755870010289 0.00047326087951660156 0
1755870020323 0.0004210472106933594 0
1755870030364 0.0004134178161621094 0
1755870040404 0.00039839744567871094 0
1755870050440 0.0004100799560546875 0
1755870060515 0.00041484832763671875 0
1755870070554 0.0004315376281738281 0
1755870080592 0.0004100799560546875 0
1755870090631 0.0004239082336425781 0
1755870100663 0.00040793418884277344 0
1755870110698 0.0004239082336425781 0
1755870120738 0.000415802001953125 0
1755870130772 0.0004248619079589844 0
1755870140810 0.000408172607421875 0
1755870150847 0.0004227161407470703 0
1755870160885 0.0004487037658691406 0
1755870170923 0.0004055500030517578 0
1755870180997 0.0004107952117919922 0
1755870191033 0.0004177093505859375 0
1755870201067 0.0004031658172607422 0
1755870211104 0.0004184246063232422 0
1755870221140 0.0004258155822753906 0
1755870231176 0.00041103363037109375 0
1755870241207 0.0004062652587890625 0
1755870251242 0.00044465065002441406 0
1755870261282 0.0004124641418457031 0
1755870271315 0.0004284381866455078 0
1755870281351 0.00043892860412597656 0
1755870291391 0.00040602684020996094 0
1755870301427 0.0007336139678955078 0
1755870311462 0.0004050731658935547 0
1755870321496 0.0004181861877441406 0
1755870331533 0.0004220008850097656 0
1755870341567 0.0004220008850097656 0
1755870351605 0.00046253204345703125 0
1755870361639 0.00041484832763671875 0
1755870371675 0.00043463706970214844 0
1755870381713 0.0004305839538574219 0
1755870391747 0.00042176246643066406 0
1755870401782 0.0004050731658935547 0
1755870411821 0.0004870891571044922 0
1755870421852 0.0004038810729980469 0
1755870431887 0.0004494190216064453 0
1755870441926 0.0004265308380126953 0
1755870451962 0.00039696693420410156 0
1755870461998 0.000423431396484375 0
1755870472035 0.0004050731658935547 0
1755870482070 0.0004203319549560547 0
1755870492110 0.00046515464782714844 0
1755870502154 0.00042510032653808594 0
1755870512197 0.00040435791015625 0
1755870522237 0.00041294097900390625 0
1755870532273 0.00040984153747558594 0
1755870542308 0.0004200935363769531 0
1755870552344 0.0004146099090576172 0
1755870562386 0.0004363059997558594 0
1755870572422 0.0004150867462158203 0
1755870582459 0.00042700767517089844 0
1755870592493 0.0004088878631591797 0
1755870602531 0.00040841102600097656 0
1755870612567 0.001003265380859375 0
1755870622618 0.0004987716674804688 0
1755870632662 0.0004723072052001953 0
1755870642702 0.00039577484130859375 0
1755870652733 0.00040149688720703125 0
1755870662768 0.00042438507080078125 0
1755870672804 0.00041937828063964844 0
1755870682849 0.00040149688720703125 0
1755870692886 0.0004062652587890625 0
1755870702922 0.00042438507080078125 0
1755870712957 0.0004284381866455078 0
1755870723001 0.0004303455352783203 0
1755870733038 0.0004048347473144531 0
1755870743074 0.00041604042053222656 0
1755870753109 0.0004107952117919922 0
1755870763144 0.00042891502380371094 0
1755870773182 0.0004150867462158203 0
1755870783215 0.0004253387451171875 0
1755870793251 0.00040149688720703125 0
1755870803293 0.0004329681396484375 0
1755870813327 0.00041174888610839844 0
1755870823363 0.0004048347473144531 0
1755870833400 0.0004284381866455078 0
1755870843435 0.0004093647003173828 0
1755870853471 0.0004215240478515625 0
1755870863514 0.0004131793975830078 0
1755870874493 0.00041222572326660156 0
1755870884535 0.0004200935363769531 0
1755870894574 0.0004131793975830078 0
1755870904609 0.0004227161407470703 0
1755870914651 0.0004363059997558594 0
1755870924695 0.0004076957702636719 0
1755871255302 0.000591278076171875 0
1755871265344 0.0005805492401123047 0
1755871275381 0.0004253387451171875 0
1755871285416 0.0004253387451171875 0
1755871295451 0.0004329681396484375 0
1755871305486 0.0004112720489501953 0
1755871315953 0.00039386749267578125 0
1755871325985 0.0004191398620605469 0
1755871336098 0.0003986358642578125 0
1755871346132 0.0004603862762451172 0
1755871356171 0.0004467964172363281 0
1755871366208 0.0004024505615234375 0
1755871376737 0.0004191398620605469 0
1755871386775 0.0004093647003173828 0
1755871396817 0.0008080005645751953 0
1755871406856 0.0004086494445800781 0
1755871416895 0.0004200935363769531 0
1755871426928 0.0004918575286865234 0
1755871528537 0.00042891502380371094 0
1755871538575 0.00048351287841796875 0
1755871548608 0.00040912628173828125 0
1755871558643 0.00041937828063964844 0
1755871568719 0.0004305839538574219 0
1755871578755 0.0004363059997558594 0
1755871629293 0.0003962516784667969 0
1755871639364 0.0004100799560546875 0
1755871649400 0.00041985511779785156 0
1755871659443 0.0003974437713623047 0
1755871669480 0.0004031658172607422 0
1755871679514 0.0004019737243652344 0
1755871716016 0.0004086494445800781 0
1755871726052 0.0004138946533203125 0
1755871736091 0.0004074573516845703 0
1755871746133 0.0004115104675292969 0
1755871756203 0.0004265308380126953 0
1755871766238 0.0003972053527832031 0
1755871778765 0.0004088878631591797 0
1755871788839 0.0004277229309082031 0
1755871798878 0.0004303455352783203 0
1755871808913 0.0003936290740966797 0
1755871818949 0.0003943443298339844 0
1755871828985 0.00041866302490234375 0
1755871839536 0.00042700767517089844 0
1755871849570 0.00043201446533203125 0
1755871859607 0.0005025863647460938 0
1755871869641 0.0004773139953613281 0
1755871879675 0.0004260540008544922 0
1755871889710 0.0004215240478515625 0
1755871901204 0.00043487548828125 0
1755871911239 0.00041747093200683594 0
1755871921277 0.0004127025604248047 0
1755871931308 0.00041675567626953125 0
1755871941342 0.00042629241943359375 0
1755871951380 0.0004127025604248047 0
1755871962001 0.0003986358642578125 0
1755871972034 0.000423431396484375 0
1755871982071 0.000423431396484375 0
1755871992107 0.0004086494445800781 0
1755872002143 0.0004115104675292969 0
1755872012175 0.0004074573516845703 0
1755872052685 0.0004162788391113281 0
1755872062734 0.00040602684020996094 0
1755872072771 0.00042366981506347656 0
1755872082806 0.00040721893310546875 0
1755872092848 0.0004451274871826172 0
1755872102885 0.0004153251647949219 0
1755872141437 0.0003998279571533203 0
1755872151473 0.00042366981506347656 0
1755872161511 0.00042724609375 0
1755872171553 0.0004241466522216797 0
1755872181586 0.0003979206085205078 0
1755872191624 0.0004062652587890625 0
1755872214165 0.0004115104675292969 0
1755872224200 0.0004069805145263672 0
1755872234235 0.0004229545593261719 0
1755872244271 0.00042510032653808594 0
1755872254306 0.00044083595275878906 0
1755872264340 0.0004382133483886719 0
1755872278805 0.0004000663757324219 0
1755872288839 0.0004596710205078125 0
1755872298875 0.0004432201385498047 0
1755872308913 0.0004239082336425781 0
1755872318951 0.00040078163146972656 0
1755872328987 0.0004105567932128906 0
1755872350575 0.00040984153747558594 0
1755872360610 0.00040602684020996094 0
1755872370646 0.0004582405090332031 0
1755872380684 0.0004074573516845703 0
1755872390721 0.00039386749267578125 0
1755872400756 0.0004181861877441406 0
1755872412167 0.00038170814514160156 0
1755872422202 0.00041866302490234375 0
1755872432239 0.0004191398620605469 0
1755872442275 0.0004031658172607422 0
1755872452310 0.00040435791015625 0
1755872462344 0.0004138946533203125 0
1755872475969 0.0003986358642578125 0
1755872486003 0.00042128562927246094 0
1755872496039 0.0004093647003173828 0
1755872506072 0.00041365623474121094 0
1755872516106 0.0003993511199951172 0
1755872526141 0.0004062652587890625 0
1755872536636 0.0005159378051757812 0
1755872546677 0.0008826255798339844 0
1755872556717 0.0004496574401855469 0
1755872566752 0.0004146099090576172 0
1755872576787 0.00049591064453125 0
1755872586822 0.0004165172576904297 0
1755872597431 0.00041604042053222656 0
1755872607471 0.0003962516784667969 0
1755872617503 0.0004894733428955078 0
1755872627538 0.0004227161407470703 0
1755872637573 0.0004012584686279297 0
1755872647608 0.0003917217254638672 0
1755872727126 0.0004761219024658203 0
1755872737166 0.0004203319549560547 0
1755872747200 0.00041604042053222656 0
1755872757235 0.0004146099090576172 0
1755872767271 0.0004146099090576172 0
1755872777306 0.0004718303680419922 0
1755872787867 0.00042748451232910156 0
1755872797905 0.00047135353088378906 0
1755872807943 0.0004241466522216797 0
1755872817984 0.00040459632873535156 0
1755872828020 0.00042891502380371094 0
1755872838056 0.0004105567932128906 0
1755872848427 0.00040435791015625 0
1755872858462 0.00041294097900390625 0
1755872868499 0.00045418739318847656 0
1755872878536 0.00043272972106933594 0
1755872888573 0.0004322528839111328 0
1755872898606 0.00036644935607910156 0
1755872910325 0.00042128562927246094 0
1755872920360 0.0004227161407470703 0
1755872930396 0.00041222572326660156 0
1755872940431 0.0004303455352783203 0
1755872950465 0.00040721893310546875 0
1755872960501 0.000415802001953125 0
1755872971040 0.0004184246063232422 0
1755872981075 0.0004210472106933594 0
1755872991110 0.0005438327789306641 0
1755873001145 0.0004017353057861328 0
1755873011180 0.000400543212890625 0
1755873021217 0.0004143714904785156 0
1755873031763 0.000392913818359375 0
1755873041799 0.0004267692565917969 0
1755873051834 0.0004353523254394531 0
1755873061873 0.00041866302490234375 0
1755873071914 0.00042366981506347656 0
1755873081947 0.0003972053527832031 0
1755873093453 0.0004131793975830078 0
1755873103490 0.0004138946533203125 0
1755873113526 0.00040721893310546875 0
1755873123562 0.0003993511199951172 0
1755873133594 0.0004086494445800781 0
1755873143636 0.0004150867462158203 0
1755873154106 0.0004284381866455078 0
1755873164142 0.00041794776916503906 0
1755873174175 0.00040411949157714844 0
1755873184219 0.00042366981506347656 0
1755873194254 0.0004305839538574219 0
1755873204293 0.00040793418884277344 0
1755873214827 0.00040221214294433594 0
1755873224863 0.0004093647003173828 0
1755873234901 0.0003986358642578125 0
1755873244940 0.0004208087921142578 0
1755873254978 0.0004115104675292969 0
1755873265018 0.0003790855407714844 0
1755873301650 0.0005614757537841797 0
1755873311688 0.00041866302490234375 0
1755873321724 0.0005214214324951172 0
1755873331764 0.0004036426544189453 0
1755873341799 0.00041365623474121094 0
1755873351834 0.0004227161407470703 0
1755873365404 0.00041484832763671875 0
1755873375440 0.0004067420959472656 0
1755873385476 0.0004177093505859375 0
1755873395511 0.00041866302490234375 0
1755873405545 0.0004551410675048828 0
1755873415580 0.0004036426544189453 0
1755873427053 0.00041413307189941406 0
1755873437093 0.00040340423583984375 0
1755873447127 0.000415802001953125 0
1755873457166 0.0005145072937011719 0
1755873467200 0.0004067420959472656 0
1755873477239 0.00040149688720703125 0
1755873487835 0.0004048347473144531 0
1755873497875 0.0004172325134277344 0
1755873507914 0.00040149688720703125 0
1755873517952 0.0004909038543701172 0
1755873527990 0.0003991127014160156 0
1755873538027 0.0004329681396484375 0
1755873548573 0.00045108795166015625 0
1755873558609 0.0004153251647949219 0
1755873568646 0.0004069805145263672 0
1755873578684 0.000415802001953125 0
1755873588719 0.00041604042053222656 0
1755873598752 0.00041675567626953125 0
1755873610429 0.0006616115570068359 0
1755873620474 0.0005097389221191406 0
1755873630522 0.0006911754608154297 0
1755873640570 0.0005278587341308594 0
1755873650617 0.0020580291748046875 0
1755873660661 0.0005578994750976562 0
1755873671433 0.0005991458892822266 0
1755873681487 0.0005555152893066406 0
1755873691541 0.0014567375183105469 0
1755873701585 0.0007424354553222656 0
1755873711631 0.0005810260772705078 0
1755873721678 0.0008966922760009766 0
1755873732451 0.0006351470947265625 0
1755873742501 0.0004286766052246094 0
1755873752539 0.0004343986511230469 0
1755873762583 0.0004527568817138672 0
1755873772625 0.0005543231964111328 0
1755873782664 0.0005638599395751953 0
1755873794426 0.0019707679748535156 0
1755873804464 0.0008113384246826172 0
1755873814500 0.0004088878631591797 0
1755873824537 0.0007534027099609375 0
1755873834571 0.0005688667297363281 0
1755873844606 0.0004436969757080078 0
1755873855426 0.0006191730499267578 0
1755873865478 0.0007672309875488281 0
1755873875532 0.0006117820739746094 0
1755873885574 0.0005404949188232422 0
1755873895616 0.0005414485931396484 0
1755873905662 0.0004799365997314453 0
1755873916459 0.0009167194366455078 0
1755873926514 0.0006182193756103516 0
1755873936560 0.00036215782165527344 0
1755873946611 0.00041222572326660156 0
1755873956648 0.0004565715789794922 0
1755873966687 0.0005848407745361328 0
1755873981441 0.0021483898162841797 0
1755873991501 0.0005846023559570312 0
1755874001549 0.0013201236724853516 0
1755874011596 0.00042438507080078125 0
1755874021643 0.0003688335418701172 0
1755874031686 0.00040340423583984375 0
1755874092473 0.0053272247314453125 0
1755874102548 0.0007691383361816406 0
1755874112588 0.0006814002990722656 0
1755874122634 0.0003666877746582031 0
1755874132693 0.00043511390686035156 0
1755874142739 0.0004925727844238281 0
1755875621528 0.0007219314575195312 0
1755875631569 0.0004169940948486328 0
1755875641606 0.0004215240478515625 0
1755875651643 0.0004012584686279297 0
1755875661680 0.0004115104675292969 0
1755875671715 0.0005142688751220703 0
1755889230507 0.0006811618804931641 0
1755889240566 0.00048732757568359375 0
1755889250600 0.0011706352233886719 0
1755889260635 0.0006189346313476562 0
1755889270676 0.0006039142608642578 0
1755889280718 0.0009062290191650391 0
1755889559470 0.0006449222564697266 0
1755889569527 0.0005261898040771484 0
1755889579568 0.0004184246063232422 0
1755889589616 0.000408172607421875 0
1755889599665 0.0003681182861328125 0
1755889609707 0.0006611347198486328 0
1755889619752 0.0005080699920654297 0
1755889629788 0.00043773651123046875 0
1755889639831 0.0004622936248779297 0
1755889649870 0.0004372596740722656 0
1755889659911 0.0004417896270751953 0
1755889669951 0.0005564689636230469 0
1755889679996 0.0005891323089599609 0
1755889690036 0.0005657672882080078 0
1755889700080 0.0008158683776855469 0
1755889710119 0.0005705356597900391 0
1755889720169 0.0005125999450683594 0
1755889730213 0.0005707740783691406 0
1755889740298 0.0006873607635498047 0
1755889750347 0.00040650367736816406 0
1755889760387 0.0004138946533203125 0
1755889770424 0.00045680999755859375 0
1755889780463 0.0005362033843994141 0
1755889790528 0.0009334087371826172 0
1755889800574 0.0007343292236328125 0
1755889810614 0.0007164478302001953 0
1755889820652 0.00043511390686035156 0
1755889830688 0.0006680488586425781 0
1755889840728 0.0006635189056396484 0
1755889850766 0.0011031627655029297 0
1755889860802 0.0004572868347167969 0
1755889870839 0.0006330013275146484 0
1755889880878 0.00047206878662109375 0
1755889890923 0.0005228519439697266 0
1755889900955 0.0004260540008544922 0
1755889910990 0.0005688667297363281 0
1755889921029 0.0005002021789550781 0
1755889931073 0.0005438327789306641 0
1755889941111 0.0004177093505859375 0
1755889951149 0.0006911754608154297 0
1755889961186 0.0005488395690917969 0
1755889971229 0.00070953369140625 0
1755889981265 0.0004780292510986328 0
1755889991305 0.0005669593811035156 0
1755890001343 0.00045371055603027344 0
1755890011381 0.0005414485931396484 0
1755890021426 0.0005810260772705078 0
1755890031463 0.000736236572265625 0
1755890041517 0.0008654594421386719 0
1755890051566 0.0007345676422119141 0
1755890061605 0.00045609474182128906 0
1755890071640 0.0006613731384277344 0
1755890081677 0.00054168701171875 0
1755890091714 0.0006215572357177734 0
1755890101758 0.0005810260772705078 0
1755890111801 0.0008971691131591797 0
1755890121838 0.0005524158477783203 0
1755890131883 0.0006399154663085938 0
1755890141924 0.0005414485931396484 0
1755890151958 0.00042939186096191406 0
1755890161997 0.0005424022674560547 0
1755890172036 0.0005409717559814453 0
1755890182077 0.00040340423583984375 0
1755890192113 0.0005040168762207031 0
1755890202153 0.0009660720825195312 0
1755890212194 0.0005674362182617188 0
1755890222239 0.0004496574401855469 0
1755890232284 0.00048065185546875 0
1755890242327 0.0005638599395751953 0
1755890252369 0.0004951953887939453 0
1755890262406 0.0007882118225097656 0
1755890272441 0.0005483627319335938 0
1755890282482 0.0007495880126953125 0
1755890292523 0.0005433559417724609 0
1755890302560 0.000530242919921875 0
1755890312614 0.0005717277526855469 0
1755890322656 0.0005831718444824219 0
1755890332692 0.0005762577056884766 0
1755890342773 0.000537872314453125 0
1755890352816 0.0004429817199707031 0
1755890362853 0.0004494190216064453 0
1755890372892 0.0006654262542724609 0
1755890382934 0.0006012916564941406 0
1755890392972 0.0005686283111572266 0
1755890403017 0.001112222671508789 0
1755890413062 0.0004127025604248047 0
1755890423105 0.0004353523254394531 0
1755890433150 0.0011670589447021484 0
1755890443189 0.0004668235778808594 0
1755890453230 0.0004572868347167969 0
1755890463306 0.0004723072052001953 0
1755890473356 0.0006008148193359375 0
1755890483394 0.0004534721374511719 0
1755890493433 0.0004699230194091797 0
1755890503470 0.0005452632904052734 0
1755890513505 0.0006163120269775391 0
1755890523546 0.0005609989166259766 0
1755890533587 0.0005309581756591797 0
1755890543630 0.000576019287109375 0
1755890553668 0.0004260540008544922 0
1755890563703 0.0005655288696289062 0
1755890573739 0.0004200935363769531 0
1755890583781 0.0004525184631347656 0
1755890593814 0.000553131103515625 0
1755890603857 0.0004248619079589844 0
1755890613899 0.0006146430969238281 0
1755890623938 0.0005583763122558594 0
1755890633974 0.00041866302490234375 0
1755890644019 0.000476837158203125 0
1755890654056 0.0005617141723632812 0
1755890664094 0.0004405975341796875 0
1755890674132 0.0004742145538330078 0
1755890684169 0.00054931640625 0
1755890694214 0.0006496906280517578 0
1755890704251 0.00045561790466308594 0
1755890714292 0.0004420280456542969 0
1755890724332 0.0005614757537841797 0
1755890734368 0.0005512237548828125 0
1755890744411 0.00041985511779785156 0
1755890754453 0.0005550384521484375 0
1755890764488 0.0005404949188232422 0
1755890774530 0.0005598068237304688 0
1755890784566 0.0006480216979980469 0
1755890794604 0.0006377696990966797 0
1755890804652 0.0004343986511230469 0
1755890814696 0.0005731582641601562 0
1755890824735 0.0005533695220947266 0
1755890834773 0.0005598068237304688 0
1755890844811 0.0007677078247070312 0
1755890854854 0.00046324729919433594 0
1755890864896 0.0005755424499511719 0
1755890874933 0.0004849433898925781 0
1755890884972 0.0004756450653076172 0
1755890895014 0.0004947185516357422 0
1755890905051 0.0005245208740234375 0
1755890915088 0.0005865097045898438 0
1755890925135 0.00043511390686035156 0
1755890935180 0.00044536590576171875 0
1755890945226 0.00078582763671875 0
1755890955266 0.0004987716674804688 0
1755890965314 0.0005521774291992188 0
1755890975351 0.0006570816040039062 0
1755890985395 0.0005769729614257812 0
1755890995435 0.0004253387451171875 0
1755891005473 0.0008871555328369141 0
1755891015514 0.0004992485046386719 0
1755891025563 0.0004286766052246094 0
1755891035603 0.0005533695220947266 0
1755891045638 0.000598907470703125 0
1755891055685 0.00045180320739746094 0
1755891065728 0.0005450248718261719 0
1755891075774 0.0006561279296875 0
1755891085817 0.0005664825439453125 0
1755891095859 0.0004734992980957031 0
1755891105922 0.0008485317230224609 0
1755891115967 0.0004115104675292969 0
1755891126003 0.0006241798400878906 0
1755891136038 0.0004343986511230469 0
1755891146080 0.0006043910980224609 0
1755891156124 0.00037550926208496094 0
1755891166158 0.0004241466522216797 0
1755891176197 0.0005645751953125 0
1755891186241 0.0004665851593017578 0
1755891196284 0.00042247772216796875 0
1755891206321 0.0005469322204589844 0
1755891216366 0.0005068778991699219 0
1755891226401 0.0005450248718261719 0
1755891236441 0.0005629062652587891 0
1755891246483 0.0005424022674560547 0
1755891256520 0.000659942626953125 0
1755891266566 0.0005524158477783203 0
1755891276612 0.0007822513580322266 0
1755891286650 0.0005223751068115234 0
1755891297987 0.0006761550903320312 0
1755891308029 0.0005404949188232422 0
1755891318079 0.000560760498046875 0
1755891328121 0.0004513263702392578 0
1755891338160 0.0006110668182373047 0
1755891348202 0.0006678104400634766 0
1755891358239 0.0004475116729736328 0
1755891368285 0.0004885196685791016 0
1755891378326 0.0004248619079589844 0
1755891388364 0.0004487037658691406 0
1755891398406 0.0004487037658691406 0
1755891408449 0.0006153583526611328 0
1755891418490 0.0005495548248291016 0
1755891428536 0.0004696846008300781 0
1755891438574 0.00041961669921875 0
1755891448615 0.0006992816925048828 0
1755891458657 0.0005109310150146484 0
1755891468696 0.000598907470703125 0
1755891478773 0.0005242824554443359 0
1755891488815 0.0005247592926025391 0
1755891498857 0.0005114078521728516 0
1755891508899 0.0005540847778320312 0
1755891518937 0.0004315376281738281 0
1755891528975 0.0005490779876708984 0
1755891539051 0.0006020069122314453 0
1755891549091 0.0004494190216064453 0
1755891559128 0.0005512237548828125 0
1755891569168 0.0005507469177246094 0
1755891579206 0.00045990943908691406 0
1755891589245 0.0003654956817626953 0
1755891599315 0.0005137920379638672 0
1755891609359 0.0005710124969482422 0
1755891619407 0.00045037269592285156 0
1755891629482 0.0005578994750976562 0
1755891639523 0.0005345344543457031 0
1755891649565 0.00048732757568359375 0
1755891659605 0.00044274330139160156 0
1755891669656 0.0004527568817138672 0
1755891679733 0.0003936290740966797 0
1755891689809 0.0005581378936767578 0
1755891699853 0.0005507469177246094 0
1755891709900 0.0003726482391357422 0
1755891719940 0.0004382133483886719 0
1755891729983 0.0005033016204833984 0
1755891740053 0.00045490264892578125 0
1755891750138 0.00041222572326660156 0
1755891760181 0.0003960132598876953 0
1755891770216 0.00039124488830566406 0
1755891780263 0.0010957717895507812 0
1755891790303 0.0004591941833496094 0
1755891800346 0.0003535747528076172 0
1755891810377 0.0004162788391113281 0
1755891820422 0.0004017353057861328 0
1755891830459 0.00039649009704589844 0
1755891840496 0.00047898292541503906 0
1755891850542 0.0005583763122558594 0
1755891860579 0.00047397613525390625 0
1755891870617 0.00041556358337402344 0
1755891880659 0.0004999637603759766 0
1755891890694 0.0004010200500488281 0
1755891900730 0.0004208087921142578 0
1755891910775 0.001216888427734375 0
1755891920817 0.0004246234893798828 0
1755891930862 0.00049591064453125 0
1755891940900 0.00048160552978515625 0
1755891950940 0.0008955001831054688 0
1755891960979 0.0007677078247070312 0
1755891971015 0.00039696693420410156 0
1755891981058 0.0006597042083740234 0
1755891991103 0.0004050731658935547 0
1755892001145 0.0004467964172363281 0
1755892011181 0.0003991127014160156 0
1755892021220 0.0006396770477294922 0
1755892031259 0.0006382465362548828 0
1755892041298 0.0005085468292236328 0
1755892051333 0.0004687309265136719 0
1755892061372 0.0005505084991455078 0
1755892071410 0.0005238056182861328 0
1755892081447 0.0004267692565917969 0
1755892091483 0.0004868507385253906 0
1755892101521 0.0004074573516845703 0
1755892111561 0.0004673004150390625 0
1755892121608 0.0006422996520996094 0
1755892131645 0.0004944801330566406 0
1755892141682 0.00042247772216796875 0
1755892151720 0.0006124973297119141 0
1755892161757 0.00040912628173828125 0
1755892171795 0.0003714561462402344 0
1755892181835 0.0006501674652099609 0
1755892191875 0.000362396240234375 0
1755892201917 0.0003764629364013672 0
1755892211954 0.00044035911560058594 0
1755892221990 0.00036406517028808594 0
1755892232024 0.00038933753967285156 0
1755892242060 0.0004050731658935547 0
1755892252098 0.00042057037353515625 0
1755892262139 0.0005459785461425781 0
1755892272179 0.0004112720489501953 0
1755892282214 0.0004105567932128906 0
1755892292251 0.00067138671875 0
1755892302289 0.0005774497985839844 0
1755892312332 0.00045561790466308594 0
1755892322375 0.0007288455963134766 0
1755892332423 0.0005831718444824219 0
1755892342462 0.0004792213439941406 0
1755892352502 0.0003955364227294922 0
1755892362537 0.0004246234893798828 0
1755892372568 0.00039696693420410156 0
1755892382605 0.00039696693420410156 0
1755892392645 0.0005676746368408203 0
1755892402681 0.00043272972106933594 0
1755892412718 0.0004343986511230469 0
1755892422749 0.00040984153747558594 0
1755892432793 0.000423431396484375 0
1755892442831 0.00042128562927246094 0
1755892452868 0.00041961669921875 0
1755892462902 0.00042247772216796875 0
1755892472940 0.00038695335388183594 0
1755892482978 0.0004367828369140625 0
1755892493012 0.0004336833953857422 0
1755892503048 0.0003764629364013672 0
1755892513084 0.00041103363037109375 0
1755892523117 0.0003972053527832031 0
1755892533155 0.00041365623474121094 0
1755892543192 0.00041961669921875 0
1755892553227 0.0004570484161376953 0
1755892563263 0.00041747093200683594 0
1755892573299 0.0005059242248535156 0
1755892583334 0.00041794776916503906 0
1755892593367 0.0004322528839111328 0
1755892603403 0.0003991127014160156 0
1755892613439 0.0004119873046875 0
1755892623474 0.00043201446533203125 0
1755892633511 0.0004336833953857422 0
1755892643548 0.0004410743713378906 0
1755892653584 0.0003876686096191406 0
1755892663626 0.0007526874542236328 0
1755892673672 0.000591278076171875 0
1755892683712 0.0005307197570800781 0
1755892693749 0.00045990943908691406 0
1755892703782 0.0003998279571533203 0
1755892713822 0.0004184246063232422 0
1755892723859 0.0003948211669921875 0
1755892733900 0.00040459632873535156 0
1755892743936 0.0004668235778808594 0
1755892753972 0.00042629241943359375 0
1755892764015 0.0005135536193847656 0
1755892774061 0.0005054473876953125 0
1755892784101 0.0004093647003173828 0
1755892794133 0.00040221214294433594 0
1755892804189 0.0005002021789550781 0
1755892814233 0.0004513263702392578 0
1755892824269 0.0004131793975830078 0
1755892834310 0.0005791187286376953 0
1755892844349 0.0004429817199707031 0
1755892854389 0.0004229545593261719 0
1755892864429 0.0004410743713378906 0
1755892874473 0.0004410743713378906 0
1755892884513 0.00042557716369628906 0
1755892894553 0.0008916854858398438 0
1755892904599 0.0005097389221191406 0
1755892914643 0.0004935264587402344 0
1755892924682 0.00044155120849609375 0
1755892934719 0.00039386749267578125 0
1755892944762 0.0005528926849365234 0
1755892954804 0.00044274330139160156 0
1755892964854 0.000583648681640625 0
1755892974900 0.0004150867462158203 0
1755892984984 0.0005273818969726562 0
1755892995028 0.0005779266357421875 0
1755893074754 0.0004687309265136719 0
1755893084791 0.0004374980926513672 0
1755893094831 0.0005650520324707031 0
1755897343720 0.0005528926849365234 0
1755897353762 0.0004336833953857422 0
1755897363804 0.0004360675811767578 0
1755897430554 0.0004260540008544922 0
1755897440590 0.0006358623504638672 0
1755897450631 0.0005176067352294922 0
1755897461025 0.0005900859832763672 0
1755897471060 0.00041794776916503906 0
1755897481105 0.00044083595275878906 0
1755897491140 0.000507354736328125 0
1755897501186 0.0004856586456298828 0
1755897511228 0.0005068778991699219 0
1755897521270 0.0006263256072998047 0
1755897531310 0.0004315376281738281 0
1755897541372 0.0004687309265136719 0
1755897551426 0.0006699562072753906 0
1755897561469 0.0004913806915283203 0
1755897571520 0.0006015300750732422 0
1755897581565 0.0005915164947509766 0
1755897591616 0.0007038116455078125 0
1755897601655 0.00044608116149902344 0
1755897611694 0.0004572868347167969 0
1755897621732 0.0004439353942871094 0
1755897631769 0.0004172325134277344 0
1755897641809 0.0005583763122558594 0
1755897651847 0.00043654441833496094 0
1755897661885 0.0005517005920410156 0
1755897671925 0.0004572868347167969 0
1755897681966 0.00046539306640625 0
1755897692005 0.0005443096160888672 0
1755897702049 0.0008530616760253906 0
1755897712106 0.0004458427429199219 0
1755897722151 0.0005991458892822266 0
1755897732187 0.0005617141723632812 0
1755897742225 0.00044345855712890625 0
1755897752267 0.00037741661071777344 0
1755897762312 0.0009365081787109375 0
1755897772352 0.00045871734619140625 0
1755897782390 0.0010592937469482422 0
1755897792430 0.0005156993865966797 0
1755897802467 0.0003917217254638672 0
1755897812507 0.0007069110870361328 0
1755897822544 0.0005879402160644531 0
1755897832582 0.0004239082336425781 0
1755897842622 0.0005528926849365234 0
1755897852656 0.0005757808685302734 0
1755897862696 0.0003783702850341797 0
1755897872739 0.00042748451232910156 0
1755897882785 0.0009014606475830078 0
1755897892819 0.00045228004455566406 0
1755897902858 0.0004401206970214844 0
1755897912899 0.0005884170532226562 0
1755897922938 0.0006003379821777344 0
1755897932973 0.0006947517395019531 0
1755897943016 0.0004649162292480469 0
1755897953054 0.0005509853363037109 0
1755897963091 0.0005023479461669922 0
1755897973130 0.00042247772216796875 0
1755897983165 0.000644683837890625 0
1755897993228 0.0004897117614746094 0
1755898003276 0.001199960708618164 0
1755898013359 0.0010275840759277344 0
1755898023415 0.0004382133483886719 0
1755898033476 0.0008304119110107422 0
1755898043517 0.0004019737243652344 0
1755898053559 0.0004105567932128906 0
1755898063593 0.0004661083221435547 0
1755898073630 0.0004074573516845703 0
1755898083664 0.0005137920379638672 0
1755898093701 0.0004055500030517578 0
1755898103736 0.0004239082336425781 0
1755898113777 0.0016963481903076172 0
1755898123816 0.0004296302795410156 0
1755898133870 0.0005517005920410156 0
1755898143908 0.00044465065002441406 0
1755898153941 0.0004246234893798828 0
1755898163975 0.00041365623474121094 0
1755898174011 0.0004642009735107422 0
1755898184053 0.000400543212890625 0
1755898194090 0.00047588348388671875 0
1755898204127 0.0004138946533203125 0
1755898214161 0.0004284381866455078 0
1755898224198 0.0004265308380126953 0
1755898234235 0.000408172607421875 0
1755898244277 0.0004146099090576172 0
1755898254310 0.00041985511779785156 0
1755898264344 0.00041866302490234375 0
1755898274380 0.0004324913024902344 0
1755898284416 0.00042819976806640625 0
1755898294448 0.00040531158447265625 0
1755898304482 0.0004096031188964844 0
1755898314523 0.00043201446533203125 0
1755898324555 0.00042319297790527344 0
1755898334591 0.00046181678771972656 0
1755898344625 0.0004241466522216797 0
1755898354662 0.0005271434783935547 0
1755898364698 0.0005197525024414062 0
1755898374739 0.0004184246063232422 0
1755898384771 0.0004189014434814453 0
1755898394808 0.0004153251647949219 0
1755898404843 0.00042939186096191406 0
1755898414879 0.00039577484130859375 0
1755898424914 0.00041556358337402344 0
1755898434953 0.0004062652587890625 0
1755898444989 0.0004107952117919922 0
1755898455028 0.0004394054412841797 0
1755898465061 0.00036597251892089844 0
1755898475099 0.0003597736358642578 0
1755898485135 0.0005662441253662109 0
1755898495174 0.0003991127014160156 0
1755898505215 0.0004055500030517578 0
1755898515251 0.0004630088806152344 0
1755898525286 0.0004062652587890625 0
1755898535326 0.00041103363037109375 0
1755898545365 0.0004429817199707031 0
1755898555399 0.00040912628173828125 0
1755898565435 0.00040459632873535156 0
1755898575472 0.00041866302490234375 0
1755898585508 0.000492095947265625 0
1755898595544 0.00043129920959472656 0
1755898605580 0.0004100799560546875 0
1755898615614 0.00041413307189941406 0
1755898625649 0.0004031658172607422 0
1755898635696 0.0005075931549072266 0
1755898645735 0.0004451274871826172 0
1755898655780 0.00041556358337402344 0
1755898665821 0.0004906654357910156 0
1755898675855 0.0003986358642578125 0
1755898685889 0.0004730224609375 0
1755898695924 0.000408172607421875 0
1755898705959 0.0003972053527832031 0
1755898715992 0.0004279613494873047 0
1755898726025 0.0003540515899658203 0
1755898736066 0.0004215240478515625 0
1755898746102 0.00037479400634765625 0
1755898756135 0.0004239082336425781 0
1755898766180 0.000522613525390625 0
1755898776215 0.00043511390686035156 0
1755898786256 0.00041484832763671875 0
1755898796289 0.00039887428283691406 0
1755898806324 0.00040531158447265625 0
1755898816362 0.0004248619079589844 0
1755898826398 0.000423431396484375 0
1755898836445 0.0005533695220947266 0
1755898846481 0.00042724609375 0
1755898856525 0.0004949569702148438 0
1755898866562 0.0004684925079345703 0
1755898876601 0.0004208087921142578 0
1755898886640 0.0004107952117919922 0
1755898896675 0.0004639625549316406 0
1755898906720 0.0004324913024902344 0
1755898916758 0.0005443096160888672 0
1755898926792 0.0004215240478515625 0
1755898936830 0.0004031658172607422 0
1755898946869 0.00040984153747558594 0
1755898956909 0.0008380413055419922 0
1755898966947 0.0004208087921142578 0
1755898976982 0.0003592967987060547 0
1755898987014 0.00042557716369628906 0
1755898997053 0.0003972053527832031 0
1755899007088 0.00041365623474121094 0
1755899017126 0.00042366981506347656 0
1755899027160 0.000438690185546875 0
1755899037199 0.0004177093505859375 0
1755899047240 0.0005772113800048828 0
1755899057282 0.0005574226379394531 0
1755899067324 0.00040078163146972656 0
1755899077363 0.00037479400634765625 0
1755899087398 0.0003669261932373047 0
1755899097432 0.0003676414489746094 0
1755899107470 0.00046443939208984375 0
1755899117507 0.0004932880401611328 0
1755899127545 0.00038933753967285156 0
1755899137583 0.0003936290740966797 0
1755899147627 0.0005185604095458984 0
1755899157662 0.0004856586456298828 0
1755899167697 0.00040268898010253906 0
1755899177731 0.0004673004150390625 0
1755899187771 0.00043129920959472656 0
1755899197808 0.00046706199645996094 0
1755899207846 0.0003597736358642578 0
1755899217883 0.00041222572326660156 0
1755899227926 0.0003604888916015625 0
1755899237970 0.0003542900085449219 0
1755899248008 0.0006117820739746094 0
1755899258047 0.000392913818359375 0
1755899268084 0.0004019737243652344 0
1755899278125 0.00042724609375 0
1755899288162 0.00036406517028808594 0
1755899298202 0.00039315223693847656 0
1755899308242 0.00035858154296875 0
1755899318278 0.0003781318664550781 0
1755899328315 0.00045990943908691406 0
1755899338359 0.0003619194030761719 0
1755899348393 0.00036454200744628906 0
1755899358431 0.00039267539978027344 0
1755899368469 0.0004296302795410156 0
1755899378506 0.0003552436828613281 0
1755899388542 0.00036334991455078125 0
1755899398582 0.0004150867462158203 0
1755899408618 0.0006058216094970703 0
1755899418656 0.0003514289855957031 0
1755899428688 0.00038814544677734375 0
1755899438723 0.0003750324249267578 0
1755899448762 0.00041031837463378906 0
1755899458795 0.0004215240478515625 0
1755899468834 0.0005571842193603516 0
1755899478868 0.0004253387451171875 0
1755899488903 0.00035881996154785156 0
1755899498941 0.0004057884216308594 0
1755899508979 0.00040650367736816406 0
1755899519017 0.00037026405334472656 0
1755899529053 0.00037550926208496094 0
1755899539101 0.00035190582275390625 0
1755899549134 0.00036978721618652344 0
1755899559169 0.00040435791015625 0
1755899569213 0.0004799365997314453 0
1755899579248 0.0004405975341796875 0
1755899589286 0.0004451274871826172 0
1755899599325 0.00041413307189941406 0
1755899609364 0.0003509521484375 0
1755899619408 0.0004305839538574219 0
1755899629446 0.0003669261932373047 0
1755899639481 0.00035643577575683594 0
1755899649517 0.0004165172576904297 0
1755899659562 0.0003592967987060547 0
1755899669599 0.0004203319549560547 0
1755899679635 0.0003998279571533203 0
1755899689673 0.0005762577056884766 0
1755899699709 0.0006356239318847656 0
1755899709743 0.0003707408905029297 0
1755899719779 0.0004024505615234375 0
1755899729817 0.0004229545593261719 0
1755899739858 0.0003609657287597656 0
1755899749892 0.0003604888916015625 0
1755899759928 0.0004525184631347656 0
1755899769968 0.00042510032653808594 0
1755899780007 0.00035881996154785156 0
1755899790042 0.00044536590576171875 0
1755899800077 0.0004067420959472656 0
1755899810117 0.0006322860717773438 0
1755899820156 0.0003533363342285156 0
1755899830193 0.000400543212890625 0
1755899840230 0.00041604042053222656 0
1755899850268 0.0005559921264648438 0
1755899860304 0.0003578662872314453 0
1755899870335 0.0004258155822753906 0
1755899880370 0.0003693103790283203 0
1755899890405 0.00035452842712402344 0
1755899900439 0.00041294097900390625 0
1755899910480 0.00041961669921875 0
1755899920517 0.0003681182861328125 0
1755899930576 0.0006346702575683594 0
1755899940616 0.0003848075866699219 0
1755899950653 0.0003647804260253906 0
1755899960691 0.00043654441833496094 0
1755899970728 0.0005719661712646484 0
1755899980763 0.0005557537078857422 0
1755899990800 0.00036263465881347656 0
1755900000837 0.00041556358337402344 0
1755900010877 0.0005757808685302734 0
1755900020913 0.00036597251892089844 0
1755900030948 0.00037360191345214844 0
1755900040984 0.00042366981506347656 0
1755900051026 0.0005970001220703125 0
1755900061066 0.00040841102600097656 0
1755900071107 0.0004124641418457031 0
1755900081144 0.0005903244018554688 0
1755900091180 0.00036644935607910156 0
1755900101216 0.0004317760467529297 0
1755900111255 0.00041294097900390625 0
1755900121294 0.0004227161407470703 0
1755900131327 0.0003514289855957031 0
1755900141362 0.0003769397735595703 0
1755900151398 0.0004124641418457031 0
1755900161435 0.0004107952117919922 0
1755900171473 0.0005273818969726562 0
1755900181508 0.00039649009704589844 0
1755900191556 0.0004143714904785156 0
1755900201590 0.0004513263702392578 0
1755900211631 0.0004127025604248047 0
1755900221671 0.0004191398620605469 0
1755900231706 0.00036597251892089844 0
1755900241745 0.0004475116729736328 0
1755900251783 0.0004477500915527344 0
1755900261821 0.0003814697265625 0
1755900271861 0.0004975795745849609 0
1755900281899 0.00039768218994140625 0
1755900291936 0.0003814697265625 0
1755900301972 0.00038313865661621094 0
1755900312008 0.0004119873046875 0
1755900322041 0.0004620552062988281 0
1755900332075 0.00043201446533203125 0
1755900342117 0.00048542022705078125 0
1755900352152 0.0003848075866699219 0
1755900362188 0.00040221214294433594 0
1755900372226 0.00040531158447265625 0
1755900382265 0.0003769397735595703 0
1755900392300 0.0003764629364013672 0
1755900402335 0.0004966259002685547 0
1755900412373 0.0004756450653076172 0
1755900422411 0.0006933212280273438 0
1755900432448 0.000370025634765625 0
1755900442487 0.0004143714904785156 0
1755900452523 0.0004107952117919922 0
1755900462560 0.0004715919494628906 0
1755900472596 0.0004096031188964844 0
1755900482633 0.0004100799560546875 0
1755900492669 0.0004992485046386719 0
1755900502706 0.00040030479431152344 0
1755900512743 0.0003902912139892578 0
1755900522777 0.000362396240234375 0
1755900532811 0.00037097930908203125 0
1755900542848 0.0003809928894042969 0
1755900552883 0.0004220008850097656 0
1755900562922 0.0007026195526123047 0
1755900572958 0.00036406517028808594 0
1755900582993 0.0004010200500488281 0
1755900593027 0.00042724609375 0
1755900603064 0.00041937828063964844 0
1755900613103 0.0005953311920166016 0
1755900623140 0.00037980079650878906 0
1755900633178 0.0004112720489501953 0
1755900643220 0.0007240772247314453 0
1755900653256 0.00041866302490234375 0
1755900663291 0.00040411949157714844 0
1755900673329 0.0004093647003173828 0
1755900683363 0.00040030479431152344 0
1755900693401 0.00038814544677734375 0
1755900703437 0.0004210472106933594 0
1755900713472 0.0003676414489746094 0
1755900723511 0.0004055500030517578 0
1755900733549 0.0004284381866455078 0
1755900743587 0.0003654956817626953 0
1755900753624 0.00040984153747558594 0
1755900763661 0.0004086494445800781 0
1755900773697 0.0005562305450439453 0
1755900783734 0.000362396240234375 0
1755900793769 0.0003840923309326172 0
1755900803812 0.0005671977996826172 0
1755900813849 0.0003561973571777344 0
1755900823884 0.0003681182861328125 0
1755900833921 0.0004096031188964844 0
1755900843959 0.00040984153747558594 0
1755900853996 0.00036454200744628906 0
1755900864034 0.0004134178161621094 0
1755900874065 0.00040459632873535156 0
1755900884107 0.0004067420959472656 0
1755900894145 0.0004487037658691406 0
1755900904179 0.0003502368927001953 0
1755900914220 0.00041222572326660156 0
1755900924259 0.0004382133483886719 0
1755900934307 0.0006983280181884766 0
1755900944358 0.0007977485656738281 0
1755900954393 0.00042748451232910156 0
1755900964439 0.0005371570587158203 0
1755900974476 0.0003578662872314453 0
1755900984510 0.0003528594970703125 0
1755900994543 0.00036907196044921875 0
1755901004580 0.0004353523254394531 0
1755901014618 0.0004184246063232422 0
1755901024657 0.0003681182861328125 0
1755901034692 0.0003619194030761719 0
1755901044725 0.0003635883331298828 0
1755901054767 0.000446319580078125 0
1755901064804 0.0003807544708251953 0
1755901074837 0.0004482269287109375 0
1755901084871 0.0003840923309326172 0
1755901094906 0.00038361549377441406 0
1755901104944 0.0004153251647949219 0
1755901114981 0.00042700767517089844 0
1755901125020 0.0003695487976074219 0
1755901135054 0.00036406517028808594 0
1755901145088 0.0003447532653808594 0
1755901155123 0.0004215240478515625 0
1755901165162 0.0004317760467529297 0
1755901175198 0.0006947517395019531 0
1755901185235 0.000354766845703125 0
1755901195269 0.00036263465881347656 0
1755901205307 0.0004363059997558594 0
1755901215349 0.0003578662872314453 0
1755901225385 0.00039839744567871094 0
1755901235418 0.0005009174346923828 0
1755901245461 0.0006754398345947266 0
1755901255498 0.0003619194030761719 0
1755901265531 0.00036025047302246094 0
1755901275565 0.0005102157592773438 0
1755901285599 0.00040721893310546875 0
1755901295639 0.0004143714904785156 0
1755901305679 0.0003674030303955078 0
1755901315712 0.00039768218994140625 0
1755901325753 0.00039839744567871094 0
1755901335790 0.0005631446838378906 0
1755901345828 0.0003612041473388672 0
1755901355867 0.00040411949157714844 0
1755901365903 0.0004277229309082031 0
1755901375942 0.00036334991455078125 0
1755901385978 0.0003631114959716797 0
1755901396015 0.00040435791015625 0
1755901406055 0.0007507801055908203 0
1755901416094 0.000347137451171875 0
1755901426132 0.0004138946533203125 0
1755901436171 0.0005190372467041016 0
1755901446206 0.00044846534729003906 0
1755901456241 0.0004169940948486328 0
1755901466274 0.0003788471221923828 0
1755901476310 0.0004017353057861328 0
1755901486345 0.0004069805145263672 0
1755901496385 0.0005314350128173828 0
1755901506421 0.0004000663757324219 0
1755901516459 0.0004143714904785156 0
1755901526499 0.000400543212890625 0
1755901536538 0.0004634857177734375 0
1755901546575 0.000385284423828125 0
1755901556609 0.0003705024719238281 0
1755901566643 0.0003974437713623047 0
1755901576679 0.0005595684051513672 0
1755901586715 0.0006279945373535156 0
1755901596759 0.0005345344543457031 0
1755901606797 0.00043845176696777344 0
1755901616839 0.0005075931549072266 0
1755901626874 0.0004177093505859375 0
1755901636912 0.0004210472106933594 0
1755901646950 0.0005707740783691406 0
1755901656988 0.0004146099090576172 0
1755901667023 0.0004050731658935547 0
1755901677062 0.00041484832763671875 0
1755901687096 0.00040650367736816406 0
1755901697139 0.0004088878631591797 0
1755901707179 0.00045108795166015625 0
1755901717221 0.0004048347473144531 0
1755901727253 0.0004203319549560547 0
1755901737288 0.000415802001953125 0
1755901747328 0.00041675567626953125 0
1755901757367 0.0004134178161621094 0
1755901767406 0.0004162788391113281 0
1755901777442 0.0004138946533203125 0
1755901787479 0.0004208087921142578 0
1755901797513 0.0003857612609863281 0
1755901807547 0.0004172325134277344 0
1755901817586 0.0004851818084716797 0
1755901827620 0.0003948211669921875 0
1755901837662 0.0004227161407470703 0
1755901847700 0.0004286766052246094 0
1755901857738 0.00040650367736816406 0
1755901867778 0.00041031837463378906 0
1755901877813 0.0004086494445800781 0
1755901887850 0.00039076805114746094 0
1755901897888 0.0004088878631591797 0
1755901907925 0.0004203319549560547 0
1755901917959 0.0003991127014160156 0
1755901928000 0.0004303455352783203 0
1755901938040 0.00042748451232910156 0
1755901948072 0.0004177093505859375 0
1755901958106 0.0004622936248779297 0
1755901968142 0.00041365623474121094 0
1755901978174 0.0004162788391113281 0
1755901988215 0.0005278587341308594 0
1755901998254 0.0005917549133300781 0
1755902008290 0.0004291534423828125 0
1755902018326 0.0004162788391113281 0
1755902028359 0.0004169940948486328 0
1755902038397 0.0004143714904785156 0
1755902048433 0.0005123615264892578 0
1755902058470 0.0004107952117919922 0
1755902068507 0.0004324913024902344 0
1755902078546 0.00041484832763671875 0
1755902088590 0.0004076957702636719 0
1755902098627 0.0004379749298095703 0
1755902108660 0.0004189014434814453 0
1755902118698 0.00041484832763671875 0
1755902128735 0.00042057037353515625 0
1755902138769 0.00042629241943359375 0
1755902148805 0.00048542022705078125 0
1755902158842 0.00041103363037109375 0
1755902168877 0.0004706382751464844 0
1755902178920 0.0004222393035888672 0
1755902188955 0.0003943443298339844 0
1755902198992 0.0004203319549560547 0
1755902209029 0.0004203319549560547 0
1755902219064 0.0004394054412841797 0
1755902229099 0.0004265308380126953 0
1755902239141 0.0004105567932128906 0
1755902249176 0.00040650367736816406 0
1755902259213 0.0004191398620605469 0
1755902269250 0.00042629241943359375 0
1755902279286 0.00042629241943359375 0
1755902289320 0.00041556358337402344 0
1755902299356 0.00044226646423339844 0
1755902309392 0.00040650367736816406 0
1755902319432 0.0004153251647949219 0
1755902329470 0.0004112720489501953 0
1755902339509 0.00040221214294433594 0
1755902349549 0.0004127025604248047 0
1755902359590 0.00047087669372558594 0
1755902369624 0.00040721893310546875 0
1755902379660 0.0004093647003173828 0
1755902389709 0.0004062652587890625 0
1755902399750 0.000415802001953125 0
1755902409786 0.0004162788391113281 0
1755902419820 0.0004181861877441406 0
1755902429853 0.00041985511779785156 0
1755902439888 0.00048279762268066406 0
1755902449924 0.00048041343688964844 0
1755902459959 0.0003924369812011719 0
1755902470004 0.00041961669921875 0
1755902480037 0.0004124641418457031 0
1755902490076 0.0004112720489501953 0
1755902500115 0.000392913818359375 0
1755902510152 0.0004172325134277344 0
1755902520190 0.0004143714904785156 0
1755902530225 0.0004296302795410156 0
1755902540260 0.00040984153747558594 0
1755902550297 0.0005159378051757812 0
1755902560333 0.0004229545593261719 0
1755902570367 0.0004172325134277344 0
1755902580401 0.00039839744567871094 0
1755902590436 0.00042510032653808594 0
1755902600471 0.0005028247833251953 0
1755902610507 0.0004165172576904297 0
1755902620542 0.00041747093200683594 0
1755902630577 0.0004267692565917969 0
1755902640610 0.0004146099090576172 0
1755902650645 0.0004184246063232422 0
1755902660680 0.00039958953857421875 0
1755902670719 0.00040078163146972656 0
1755902680757 0.00041794776916503906 0
1755902690792 0.00046133995056152344 0
1755902700827 0.0004658699035644531 0
1755902710861 0.0004296302795410156 0
1755902720899 0.00041365623474121094 0
1755902730938 0.0004849433898925781 0
1755902740976 0.0004134178161621094 0
1755902751012 0.00045228004455566406 0
1755902761048 0.00040221214294433594 0
1755902771087 0.00045013427734375 0
1755902781123 0.0004730224609375 0
1755902791158 0.0004360675811767578 0
1755902801192 0.0004162788391113281 0
1755902811231 0.0004229545593261719 0
1755902821265 0.0004591941833496094 0
1755902831299 0.0004246234893798828 0
1755902841331 0.00043272972106933594 0
1755902851367 0.0005083084106445312 0
1755902861402 0.00041365623474121094 0
1755902871437 0.00047850608825683594 0
1755902881474 0.0004062652587890625 0
1755902891508 0.0004925727844238281 0
1755902901544 0.0004925727844238281 0
1755902911579 0.0004229545593261719 0
1755902921615 0.00041222572326660156 0
1755902931651 0.0004200935363769531 0
1755902941686 0.0004191398620605469 0
1755902951721 0.00042748451232910156 0
1755902961758 0.0004036426544189453 0
1755902971793 0.0004177093505859375 0
1755902981828 0.0004191398620605469 0
1755902991865 0.00043129920959472656 0
1755903001903 0.0004010200500488281 0
1755903011939 0.00040268898010253906 0
1755903021974 0.0004031658172607422 0
1755903032010 0.00042510032653808594 0
1755903042043 0.00044536590576171875 0
1755903052076 0.00042629241943359375 0
1755903062111 0.0004012584686279297 0
1755903072146 0.0004246234893798828 0
1755903082184 0.0004241466522216797 0
1755903092220 0.0004239082336425781 0
1755903102258 0.0004181861877441406 0
1755903112296 0.0003933906555175781 0
1755903122331 0.0004189014434814453 0
1755903132368 0.0004210472106933594 0
1755903142404 0.0005064010620117188 0
1755903152443 0.0004177093505859375 0
1755903162478 0.00044465065002441406 0
1755903172519 0.0004246234893798828 0
1755903182554 0.0004048347473144531 0
1755903192589 0.0004711151123046875 0
1755903202624 0.00041294097900390625 0
1755903212663 0.0004100799560546875 0
1755903222697 0.00041675567626953125 0
1755903232733 0.00040841102600097656 0
1755903242772 0.00044846534729003906 0
1755903252809 0.0004227161407470703 0
1755903262846 0.00042510032653808594 0
1755903272886 0.0004169940948486328 0
1755903282921 0.00043272972106933594 0
1755903292958 0.0004360675811767578 0
1755903302995 0.0004131793975830078 0
1755903313030 0.0004482269287109375 0
1755903323065 0.0004227161407470703 0
1755903333102 0.0004229545593261719 0
1755903343139 0.00040793418884277344 0
1755903353175 0.00041222572326660156 0
1755903363215 0.0004057884216308594 0
1755903373249 0.0004143714904785156 0
1755903383286 0.00048613548278808594 0
1755903393321 0.0004124641418457031 0
1755903403356 0.0004241466522216797 0
1755903413390 0.00040030479431152344 0
1755903423429 0.00044417381286621094 0
1755903433470 0.0005567073822021484 0
1755903443509 0.00040149688720703125 0
1755903453544 0.00040721893310546875 0
1755903463579 0.00041794776916503906 0
1755903473624 0.0006592273712158203 0
1755903483664 0.00040221214294433594 0
1755903493701 0.00042510032653808594 0
1755903503736 0.0005035400390625 0
1755903513773 0.000408172607421875 0
1755903523810 0.0005066394805908203 0
1755903533846 0.0004673004150390625 0
1755903543884 0.00040531158447265625 0
1755903553926 0.0004673004150390625 0
1755903563961 0.0004630088806152344 0
1755903573997 0.00040984153747558594 0
1755903584030 0.00041937828063964844 0
1755903594065 0.0004520416259765625 0
1755903604101 0.0007193088531494141 0
1755903614141 0.00041866302490234375 0
1755903624180 0.00040721893310546875 0
1755903634221 0.0004420280456542969 0
1755903644261 0.0004949569702148438 0
1755903654301 0.00041937828063964844 0
1755903664336 0.00043129920959472656 0
1755903674373 0.0004279613494873047 0
1755903684410 0.0004029273986816406 0
1755903694442 0.00043129920959472656 0
1755903704475 0.00040149688720703125 0
1755903714514 0.0004260540008544922 0
1755903724554 0.0004265308380126953 0
1755903734589 0.0004076957702636719 0
1755903744625 0.00038814544677734375 0
1755903754657 0.0004115104675292969 0
1755903764696 0.00040721893310546875 0
1755903774732 0.0004570484161376953 0
1755903784767 0.0004222393035888672 0
1755903794803 0.0004916191101074219 0
1755903804843 0.00040221214294433594 0
1755903814878 0.00041174888610839844 0
1755903824912 0.0004191398620605469 0
1755903834946 0.0004127025604248047 0
1755903844980 0.00042510032653808594 0
1755903855018 0.0004303455352783203 0
1755903865052 0.0004076957702636719 0
1755903875092 0.00046181678771972656 0
1755903885128 0.0004937648773193359 0
1755903895168 0.00039315223693847656 0
1755903905207 0.0005104541778564453 0
1755903915245 0.00040984153747558594 0
1755903925281 0.0004432201385498047 0
1755903935321 0.00043654441833496094 0
1755903945359 0.00047779083251953125 0
1755903955394 0.0004203319549560547 0
1755903965429 0.00039505958557128906 0
1755903975460 0.00041556358337402344 0
1755903985497 0.00042176246643066406 0
1755903995533 0.0004100799560546875 0
1755904005570 0.00039315223693847656 0
1755904015606 0.0004296302795410156 0
1755904025642 0.00040912628173828125 0
1755904035679 0.0004239082336425781 0
1755904045716 0.0004220008850097656 0
1755904055754 0.00041174888610839844 0
1755904065788 0.0004448890686035156 0
1755904075823 0.0004215240478515625 0
1755904085864 0.0004024505615234375 0
1755904095900 0.0004181861877441406 0
1755904105940 0.00043845176696777344 0
1755904115974 0.00042366981506347656 0
1755904126016 0.00041961669921875 0
1755904136091 0.0004210472106933594 0
1755904146127 0.0004067420959472656 0
1755904156162 0.000408172607421875 0
1755904166196 0.00036787986755371094 0
1755904176231 0.0005230903625488281 0
1755904186266 0.0004093647003173828 0
1755904196313 0.0006010532379150391 0
1755904206349 0.0004181861877441406 0
1755904216391 0.00041103363037109375 0
1755904226427 0.0004911422729492188 0
1755904236462 0.0004038810729980469 0
1755904246497 0.0004019737243652344 0
1755904256537 0.0005877017974853516 0
1755904266572 0.00040650367736816406 0
1755904276608 0.0004115104675292969 0
1755904286647 0.0004870891571044922 0
1755904296684 0.000514984130859375 0
1755904306719 0.0004341602325439453 0
1755904316765 0.00046133995056152344 0
1755904326803 0.00040602684020996094 0
1755904336838 0.0004317760467529297 0
1755904346874 0.00040221214294433594 0
1755904356916 0.00042510032653808594 0
1755904366950 0.00044035911560058594 0
1755904376989 0.0004944801330566406 0
1755904387029 0.0005366802215576172 0
1755904397066 0.0004138946533203125 0
1755904407104 0.00041294097900390625 0
1755904417138 0.00041866302490234375 0
1755904427172 0.0004107952117919922 0
1755904437211 0.0004825592041015625 0
1755904447248 0.000423431396484375 0
1755904457281 0.0004267692565917969 0
1755904467319 0.0004208087921142578 0
1755904477354 0.0004143714904785156 0
1755904487398 0.00040650367736816406 0
1755904497444 0.00043892860412597656 0
1755904507479 0.00042510032653808594 0
1755904517518 0.0004088878631591797 0
1755904527555 0.00040793418884277344 0
1755904537592 0.00040340423583984375 0
1755904547627 0.00040984153747558594 0
1755904557671 0.00043511390686035156 0
1755904567708 0.0004177093505859375 0
1755904577749 0.00040793418884277344 0
1755904587783 0.0004029273986816406 0
1755904597822 0.0003972053527832031 0
1755904607856 0.00041985511779785156 0
1755904617896 0.0005211830139160156 0
1755904627939 0.00041604042053222656 0
1755904637978 0.00036978721618652344 0
1755904648017 0.0004074573516845703 0
1755904658051 0.00043773651123046875 0
1755904668085 0.0004863739013671875 0
1755904678123 0.0005481243133544922 0
1755904688163 0.0004181861877441406 0
1755904698198 0.0004115104675292969 0
1755904708233 0.0004634857177734375 0
1755904718268 0.0004150867462158203 0
1755904728305 0.00042819976806640625 0
1755904738342 0.0004367828369140625 0
1755904748381 0.0004050731658935547 0
1755904758419 0.000415802001953125 0
1755904768455 0.0004215240478515625 0
1755904778491 0.0004181861877441406 0
1755904788529 0.00042176246643066406 0
1755904798568 0.0005154609680175781 0
1755904808606 0.0004792213439941406 0
1755904818642 0.0003998279571533203 0
1755904828683 0.0004019737243652344 0
1755904838718 0.00040793418884277344 0
1755904848752 0.00041031837463378906 0
1755904858794 0.00040435791015625 0
1755904868829 0.0004279613494873047 0
1755904878874 0.0004208087921142578 0
1755904888914 0.00041556358337402344 0
1755904898954 0.000469207763671875 0
1755904908987 0.0003986358642578125 0
1755904919021 0.0003981590270996094 0
1755904929058 0.0004961490631103516 0
1755904939092 0.0004012584686279297 0
1755904949129 0.0004203319549560547 0
1755904959163 0.000408172607421875 0
1755904969203 0.0004143714904785156 0
1755904979239 0.00042176246643066406 0
1755904989277 0.0005249977111816406 0
1755904999313 0.00039958953857421875 0
1755905009349 0.00042247772216796875 0
1755905019385 0.0004241466522216797 0
1755905029421 0.0003495216369628906 0
1755905039460 0.0003943443298339844 0
1755905049499 0.00039458274841308594 0
1755905059536 0.0004394054412841797 0
1755905069573 0.0005013942718505859 0
1755905079609 0.00042510032653808594 0
1755905089642 0.0004115104675292969 0
1755905099676 0.0004913806915283203 0
1755905109712 0.00044274330139160156 0
1755905119748 0.0004279613494873047 0
1755905129784 0.0005228519439697266 0
1755905139821 0.0004181861877441406 0
1755905149857 0.0003962516784667969 0
1755905159892 0.00042438507080078125 0
1755905169929 0.0003986358642578125 0
1755905179964 0.0004265308380126953 0
1755905190006 0.00045871734619140625 0
1755905200045 0.0005481243133544922 0
1755905210087 0.00040602684020996094 0
1755905220121 0.00040268898010253906 0
1755905230159 0.0004138946533203125 0
1755905240197 0.00040602684020996094 0
1755905250235 0.00041484832763671875 0
1755905260271 0.0004074573516845703 0
1755905270310 0.0003991127014160156 0
1755905280342 0.0004191398620605469 0
1755905290379 0.00041365623474121094 0
1755905300416 0.00041937828063964844 0
1755905310454 0.00040435791015625 0
1755905320489 0.00042438507080078125 0
1755905330526 0.0003993511199951172 0
1755905340558 0.0004153251647949219 0
1755905350593 0.000400543212890625 0
1755905360628 0.00040149688720703125 0
1755905370667 0.00041794776916503906 0
1755905380699 0.0004055500030517578 0
1755905390736 0.0003631114959716797 0
1755905400774 0.0004088878631591797 0
1755905410808 0.0004470348358154297 0
1755905420851 0.0004112720489501953 0
1755905430892 0.00041604042053222656 0
1755905440925 0.0004208087921142578 0
1755905450958 0.00041103363037109375 0
1755905460997 0.0004458427429199219 0
1755905471030 0.0003991127014160156 0
1755905481102 0.0004324913024902344 0
1755905491136 0.00036907196044921875 0
1755905501170 0.00043320655822753906 0
1755905511212 0.00041294097900390625 0
1755905521251 0.00039839744567871094 0
1755905531287 0.00041413307189941406 0
1755905541332 0.00041794776916503906 0
1755905551364 0.0004069805145263672 0
1755905561401 0.0004012584686279297 0
1755905571434 0.00042438507080078125 0
1755905581469 0.00043272972106933594 0
1755905591502 0.00041747093200683594 0
1755905601537 0.000438690185546875 0
1755905611576 0.0004546642303466797 0
1755905621616 0.0004138946533203125 0
1755905631651 0.00043082237243652344 0
1755905641686 0.0004150867462158203 0
1755905651719 0.00040793418884277344 0
1755905661755 0.0004031658172607422 0
1755905671792 0.0004410743713378906 0
1755905681830 0.00041294097900390625 0
1755905691866 0.0004074573516845703 0
1755905701901 0.00041985511779785156 0
1755905711936 0.0004284381866455078 0
1755905721973 0.0004162788391113281 0
1755905732014 0.0004143714904785156 0
1755905742050 0.0004909038543701172 0
1755905752091 0.0004093647003173828 0
1755905762127 0.00044155120849609375 0
1755905772162 0.00041675567626953125 0
1755905782200 0.0004248619079589844 0
1755905792240 0.0004642009735107422 0
1755905802274 0.00042724609375 0
1755905812308 0.00041103363037109375 0
1755905822347 0.00040721893310546875 0
1755905832386 0.0004100799560546875 0
1755905842421 0.00043082237243652344 0
1755905852455 0.0003948211669921875 0
1755905862489 0.0004298686981201172 0
1755905872526 0.0004150867462158203 0
1755905882563 0.0004048347473144531 0
1755905892603 0.00042629241943359375 0
1755905902641 0.0003936290740966797 0
1755905912681 0.0004165172576904297 0
1755905922722 0.0004012584686279297 0
1755905932762 0.00047898292541503906 0
1755905942798 0.0004119873046875 0
1755905952834 0.00039267539978027344 0
1755905962870 0.0004203319549560547 0
1755905972906 0.0004229545593261719 0
1755905982944 0.00046515464782714844 0
1755905992979 0.0005257129669189453 0
1755906003014 0.0004222393035888672 0
1755906013051 0.0004036426544189453 0
1755906023087 0.0004074573516845703 0
1755906033123 0.0004024505615234375 0
1755906043154 0.00044727325439453125 0
1755906053189 0.0004134178161621094 0
1755906063222 0.00041961669921875 0
1755906073258 0.00039696693420410156 0
1755906083297 0.0004467964172363281 0
1755906093331 0.00041103363037109375 0
1755906103366 0.0004055500030517578 0
1755906113402 0.0004038810729980469 0
1755906123439 0.0004134178161621094 0
1755906133478 0.00041031837463378906 0
1755906143520 0.00042939186096191406 0
1755906153555 0.0004239082336425781 0
1755906163587 0.0004134178161621094 0
1755906173625 0.0004127025604248047 0
1755906183663 0.0004353523254394531 0
1755906193697 0.0004906654357910156 0
1755906203731 0.0005059242248535156 0
1755906213767 0.00040984153747558594 0
1755906223800 0.00041961669921875 0
1755906233842 0.00038552284240722656 0
1755906243880 0.0004074573516845703 0
1755906253915 0.0004298686981201172 0
1755906263951 0.0004057884216308594 0
1755906273990 0.0004029273986816406 0
1755906284030 0.0004353523254394531 0
1755906294070 0.0005626678466796875 0
1755906304105 0.0004019737243652344 0
1755906314142 0.0004019737243652344 0
1755906324178 0.00039696693420410156 0
1755906334216 0.00042748451232910156 0
1755906344250 0.0004820823669433594 0
1755906354289 0.0004134178161621094 0
1755906364325 0.0005133152008056641 0
1755906374361 0.0004153251647949219 0
1755906384397 0.0003933906555175781 0
1755906394430 0.0004143714904785156 0
1755906404468 0.00040531158447265625 0
1755906414502 0.00041675567626953125 0
1755906424537 0.0004248619079589844 0
1755906434573 0.00044655799865722656 0
1755906444606 0.00042128562927246094 0
1755906454642 0.0004153251647949219 0
1755906464676 0.0004279613494873047 0
1755906474711 0.00041866302490234375 0
1755906484746 0.00040435791015625 0
1755906494785 0.0004124641418457031 0
1755906504829 0.0004696846008300781 0
1755906514868 0.0004208087921142578 0
1755906524904 0.0004074573516845703 0
1755906534941 0.0004246234893798828 0
1755906544975 0.0004088878631591797 0
1755906555011 0.00035572052001953125 0
1755906565044 0.0004019737243652344 0
1755906575078 0.00039505958557128906 0
1755906585117 0.00039458274841308594 0
1755906595154 0.0004203319549560547 0
1755906605189 0.0004172325134277344 0
1755906615224 0.0004737377166748047 0
1755906625258 0.00043082237243652344 0
1755906635296 0.0004220008850097656 0
1755906645328 0.00041794776916503906 0
1755906655362 0.00042319297790527344 0
1755906665403 0.0003998279571533203 0
1755906675440 0.0010519027709960938 0
1755906685479 0.00042724609375 0
1755906695516 0.0004343986511230469 0
1755906705558 0.0004475116729736328 0
1755906715593 0.0004029273986816406 0
1755906725635 0.0003941059112548828 0
1755906735676 0.0004086494445800781 0
1755906745713 0.0004456043243408203 0
1755906755753 0.00042629241943359375 0
1755906765791 0.0003955364227294922 0
1755906775827 0.0004730224609375 0
1755906785867 0.00040149688720703125 0
1755906795901 0.00041222572326660156 0
1755906805936 0.0004246234893798828 0
1755906815969 0.00042891502380371094 0
1755906826003 0.00042629241943359375 0
1755906836038 0.0004642009735107422 0
1755906846077 0.0004086494445800781 0
1755906856113 0.0004208087921142578 0
1755906866148 0.00041985511779785156 0
1755906876183 0.0004119873046875 0
1755906886222 0.0004088878631591797 0
1755906896270 0.0004665851593017578 0
1755906906307 0.0004115104675292969 0
1755906916346 0.00041174888610839844 0
1755906926383 0.0004069805145263672 0
1755906936419 0.0004661083221435547 0
1755906946456 0.0005474090576171875 0
1755906956495 0.0007860660552978516 0
1755906966531 0.0004162788391113281 0
1755906976567 0.00041961669921875 0
1755906986600 0.000400543212890625 0
1755906996637 0.0005166530609130859 0
1755907006676 0.0004048347473144531 0
1755907016711 0.0005047321319580078 0
1755907026746 0.0004303455352783203 0
1755907036781 0.0004100799560546875 0
1755907046817 0.00038909912109375 0
1755907056852 0.000423431396484375 0
1755907066888 0.00046324729919433594 0
1755907076929 0.00039958953857421875 0
1755907086965 0.00048661231994628906 0
1755907097002 0.0004057884216308594 0
1755907107040 0.00041866302490234375 0
1755907117075 0.0004374980926513672 0
1755907127110 0.00040912628173828125 0
1755907137152 0.0004723072052001953 0
1755907147186 0.0003972053527832031 0
1755907157224 0.000400543212890625 0
1755907167265 0.0004162788391113281 0
1755907177299 0.0004589557647705078 0
1755907187337 0.00042557716369628906 0
1755907197372 0.0004069805145263672 0
1755907207407 0.0005018711090087891 0
1755907217440 0.0004303455352783203 0
1755907227479 0.0003974437713623047 0
1755907237511 0.0004260540008544922 0
1755907247551 0.0004343986511230469 0
1755907257587 0.00043320655822753906 0
1755907267623 0.00041484832763671875 0
1755907277663 0.0004248619079589844 0
1755907287696 0.0004143714904785156 0
1755907297735 0.00042629241943359375 0
1755907307772 0.0004837512969970703 0
1755907317808 0.00041675567626953125 0
1755907327845 0.0006973743438720703 0
1755907337881 0.00039696693420410156 0
1755907347915 0.0006108283996582031 0
1755907357949 0.0004546642303466797 0
1755907367985 0.0004284381866455078 0
1755907378022 0.0004239082336425781 0
1755907388063 0.00040912628173828125 0
1755907398099 0.00041556358337402344 0
1755907408137 0.00041413307189941406 0
1755907418172 0.0004601478576660156 0
1755907428206 0.00041031837463378906 0
1755907438239 0.0004296302795410156 0
1755907448275 0.0004134178161621094 0
1755907458309 0.0004315376281738281 0
1755907468353 0.00041747093200683594 0
1755907478394 0.0004115104675292969 0
1755907488436 0.000408172607421875 0
1755907498471 0.0004229545593261719 0
1755907508516 0.00041413307189941406 0
1755907518553 0.0004105567932128906 0
1755907528590 0.0004725456237792969 0
1755907538626 0.00042438507080078125 0
1755907548665 0.00042247772216796875 0
1755907558702 0.00040459632873535156 0
1755907568740 0.0004718303680419922 0
1755907578776 0.00040149688720703125 0
1755907588812 0.0004127025604248047 0
1755907598849 0.0004134178161621094 0
1755907608884 0.00041174888610839844 0
1755907618920 0.00040268898010253906 0
1755907628958 0.0004870891571044922 0
1755907638992 0.0003991127014160156 0
1755907649027 0.0004253387451171875 0
1755907659062 0.0004265308380126953 0
1755907669098 0.0004222393035888672 0
1755907679131 0.0004334449768066406 0
1755907689169 0.000431060791015625 0
1755907699204 0.0007128715515136719 0
1755907709243 0.0003962516784667969 0
1755907719278 0.00041937828063964844 0
1755907729310 0.00040340423583984375 0
1755907739347 0.0004286766052246094 0
1755907749387 0.0004010200500488281 0
1755907759420 0.0004229545593261719 0
1755907769458 0.0004241466522216797 0
1755907779494 0.0004203319549560547 0
1755907789528 0.0004124641418457031 0
1755907799564 0.0004200935363769531 0
1755907809606 0.00041604042053222656 0
1755907819641 0.00040149688720703125 0
1755907829676 0.0004153251647949219 0
1755907839713 0.0004315376281738281 0
1755907849748 0.0003993511199951172 0
1755907859780 0.0004596710205078125 0
1755907869815 0.00041556358337402344 0
1755907879855 0.0004906654357910156 0
1755907889891 0.00041604042053222656 0
1755907899923 0.00039124488830566406 0
1755907909960 0.0004286766052246094 0
1755907919999 0.00040793418884277344 0
1755907930035 0.0005009174346923828 0
1755907940073 0.00041794776916503906 0
1755907950109 0.00041794776916503906 0
1755907960142 0.0004093647003173828 0
1755907970175 0.0004184246063232422 0
1755907980215 0.0004258155822753906 0
1755907990252 0.00042748451232910156 0
1755908000286 0.00041556358337402344 0
1755908010321 0.0004208087921142578 0
1755908020358 0.0004284381866455078 0
1755908030396 0.0004088878631591797 0
1755908040431 0.0004203319549560547 0
1755908050470 0.0003867149353027344 0
1755908060505 0.000415802001953125 0
1755908070541 0.0004029273986816406 0
1755908080577 0.0004277229309082031 0
1755908090614 0.0004112720489501953 0
1755908100647 0.0004115104675292969 0
1755908110689 0.00045800209045410156 0
1755908120725 0.000423431396484375 0
1755908130761 0.0003724098205566406 0
1755908140801 0.0004534721374511719 0
1755908150838 0.0004131793975830078 0
1755908160875 0.0004112720489501953 0
1755908170910 0.0004138946533203125 0
1755908180944 0.00040340423583984375 0
1755908190980 0.0004100799560546875 0
1755908201015 0.00047779083251953125 0
1755908211049 0.00042700767517089844 0
1755908221090 0.00041365623474121094 0
1755908231121 0.0004146099090576172 0
1755908241159 0.00042557716369628906 0
1755908251194 0.00041866302490234375 0
1755908261231 0.00041031837463378906 0
1755908271268 0.0004200935363769531 0
1755908281304 0.0003986358642578125 0
1755908291338 0.00041103363037109375 0
1755908301379 0.00039887428283691406 0
1755908311417 0.0004088878631591797 0
1755908321486 0.0005402565002441406 0
1755908331531 0.0004706382751464844 0
1755908341569 0.0004177093505859375 0
1755908351606 0.0003998279571533203 0
1755908361643 0.00042700767517089844 0
1755908371683 0.00040340423583984375 0
1755908381725 0.0004279613494873047 0
1755908391760 0.0004088878631591797 0
1755908401793 0.00042700767517089844 0
1755908411827 0.00043487548828125 0
1755908421862 0.0004057884216308594 0
1755908431898 0.0004248619079589844 0
1755908441932 0.0004227161407470703 0
1755908451967 0.0004284381866455078 0
1755908462003 0.0004253387451171875 0
1755908472036 0.0004265308380126953 0
1755908482070 0.0004131793975830078 0
1755908492111 0.00041031837463378906 0
1755908502148 0.0004153251647949219 0
1755908512184 0.0004661083221435547 0
1755908522220 0.0004153251647949219 0
1755908532256 0.0004215240478515625 0
1755908542293 0.0004222393035888672 0
1755908552332 0.0004146099090576172 0
1755908562367 0.0004971027374267578 0
1755908572410 0.00040149688720703125 0
1755908582446 0.0005004405975341797 0
1755908592484 0.00040221214294433594 0
1755908602519 0.00040221214294433594 0
1755908612555 0.0004229545593261719 0
1755908622595 0.0004737377166748047 0
1755908632637 0.0004203319549560547 0
1755908642680 0.0004172325134277344 0
1755908652716 0.0004742145538330078 0
1755908662752 0.00041794776916503906 0
1755908672791 0.0004105567932128906 0
1755908682830 0.00041675567626953125 0
1755908692866 0.00042057037353515625 0
1755908702899 0.0004172325134277344 0
1755908712935 0.0004811286926269531 0
1755908722972 0.0004947185516357422 0
1755908733009 0.0004298686981201172 0
1755908743052 0.0004074573516845703 0
1755908753095 0.0004286766052246094 0
1755908763130 0.00046825408935546875 0
1755908773166 0.00041294097900390625 0
1755908783205 0.00041866302490234375 0
1755908793241 0.00039267539978027344 0
1755908803277 0.00043010711669921875 0
1755908813311 0.00041937828063964844 0
1755908823348 0.0004203319549560547 0
1755908833385 0.00042128562927246094 0
1755908843423 0.0004363059997558594 0
1755908853458 0.0004303455352783203 0
1755908863496 0.00041985511779785156 0
1755908873531 0.00041985511779785156 0
1755908883563 0.0004918575286865234 0
1755908893599 0.00042247772216796875 0
1755908903637 0.00039696693420410156 0
1755908913680 0.0004074573516845703 0
1755908923718 0.0004146099090576172 0
1755908933756 0.0004203319549560547 0
1755908943791 0.0004107952117919922 0
1755908953828 0.0005006790161132812 0
1755908963865 0.00043511390686035156 0
1755908973902 0.00039649009704589844 0
1755908983937 0.00045943260192871094 0
1755908993973 0.00040340423583984375 0
1755909004009 0.00042319297790527344 0
1755909014045 0.0004100799560546875 0
1755909024079 0.00044655799865722656 0
1755909034123 0.0003924369812011719 0
1755909044160 0.0004119873046875 0
1755909054196 0.0004138946533203125 0
1755909064232 0.00040030479431152344 0
1755909074266 0.0004208087921142578 0
1755909084305 0.000461578369140625 0
1755909094344 0.0004029273986816406 0
1755909104377 0.0004048347473144531 0
1755909114411 0.00042057037353515625 0
1755909124448 0.00046133995056152344 0
1755909134487 0.00045609474182128906 0
1755909144524 0.00042748451232910156 0
1755909154558 0.0004220008850097656 0
1755909164598 0.0004055500030517578 0
1755909174636 0.00041174888610839844 0
1755909184671 0.0004825592041015625 0
1755909194707 0.0004038810729980469 0
1755909204747 0.00040268898010253906 0
1755909214783 0.00041985511779785156 0
1755909224818 0.0004067420959472656 0
1755909234852 0.00041294097900390625 0
1755909244887 0.00041604042053222656 0
1755909254925 0.0004138946533203125 0
1755909264958 0.00042128562927246094 0
1755909274994 0.0004248619079589844 0
1755909285029 0.0004227161407470703 0
1755909295066 0.00044417381286621094 0
1755909305102 0.0004241466522216797 0
1755909315138 0.00040411949157714844 0
1755909325174 0.0004227161407470703 0
1755909335209 0.0004172325134277344 0
1755909345249 0.0004286766052246094 0
1755909355281 0.00041556358337402344 0
1755909365321 0.0004324913024902344 0
1755909375362 0.00046515464782714844 0
1755909385398 0.0003986358642578125 0
1755909395436 0.00043272972106933594 0
1755909405472 0.0004107952117919922 0
1755909415507 0.00041747093200683594 0
1755909425543 0.0005137920379638672 0
1755909435577 0.00040268898010253906 0
1755909445612 0.0004131793975830078 0
1755909455647 0.00044655799865722656 0
1755909465689 0.0004248619079589844 0
1755909475725 0.0004937648773193359 0
1755909485760 0.0004496574401855469 0
1755909495797 0.00040793418884277344 0
1755909505830 0.000423431396484375 0
1755909515868 0.00042700767517089844 0
1755909525903 0.00045228004455566406 0
1755909535941 0.0004265308380126953 0
1755909545976 0.0004258155822753906 0
1755909556013 0.00047278404235839844 0
1755909566053 0.0004172325134277344 0
1755909576086 0.00041604042053222656 0
1755909586119 0.00040149688720703125 0
1755909596155 0.0006875991821289062 0
1755909606190 0.0004222393035888672 0
1755909616224 0.0004298686981201172 0
1755909626262 0.000431060791015625 0
1755909636301 0.00042700767517089844 0
1755909646336 0.0004134178161621094 0
1755909656376 0.0004303455352783203 0
1755909666413 0.0004189014434814453 0
1755909676453 0.0004088878631591797 0
1755909686493 0.0004088878631591797 0
1755909696533 0.0004405975341796875 0
1755909706570 0.0004210472106933594 0
1755909716605 0.0004150867462158203 0
1755909726640 0.00042319297790527344 0
1755909736673 0.0004723072052001953 0
1755909746713 0.00041222572326660156 0
1755909756751 0.00047588348388671875 0
1755909766788 0.0004119873046875 0
1755909776825 0.0004153251647949219 0
1755909786862 0.00036215782165527344 0
1755909796899 0.00041961669921875 0
1755909806935 0.00042748451232910156 0
1755909816975 0.00045943260192871094 0
1755909827012 0.000415802001953125 0
1755909837048 0.0004303455352783203 0
1755909847083 0.00042438507080078125 0
1755909857119 0.0004189014434814453 0
1755909867156 0.00041961669921875 0
1755909877228 0.0003666877746582031 0
1755909887262 0.00041794776916503906 0
1755909897298 0.00039768218994140625 0
1755909907337 0.00041103363037109375 0
1755909917372 0.00042891502380371094 0
1755909927405 0.0004284381866455078 0
1755909937440 0.000408172607421875 0
1755909947478 0.00047469139099121094 0
1755909957521 0.0004324913024902344 0
1755909967556 0.0007379055023193359 0
1755909977593 0.00042629241943359375 0
1755909987628 0.00041365623474121094 0
1755909997663 0.00041294097900390625 0
1755910007703 0.00042128562927246094 0
1755910017737 0.00044345855712890625 0
1755910027775 0.00044465065002441406 0
1755910037812 0.00041794776916503906 0
1755910047852 0.0006268024444580078 0
1755910057888 0.0004143714904785156 0
1755910067922 0.0004246234893798828 0
1755910077957 0.0005750656127929688 0
1755910088030 0.0005891323089599609 0
1755910098068 0.0005774497985839844 0
1755910108108 0.0004100799560546875 0
1755910118147 0.00043320655822753906 0
1755910128186 0.00036525726318359375 0
1755910138748 0.000423431396484375 0
1755910148784 0.00041866302490234375 0
1755910158822 0.0003952980041503906 0
1755910182398 0.00041866302490234375 0
1755910192438 0.0004069805145263672 0
1755910202475 0.00041365623474121094 0
1755910221094 0.0004000663757324219 0
1755910231131 0.0004258155822753906 0
1755910241165 0.0004184246063232422 0
1755911266704 0.002337217330932617 0
1755911276743 0.0005676746368408203 0
1755911286781 0.00044083595275878906 0
1755911313460 0.0004487037658691406 0
1755911323498 0.0005369186401367188 0
1755911333534 0.0005559921264648438 0
1755911413045 0.0005779266357421875 0
1755911423081 0.00041747093200683594 0
1755911433116 0.0004177093505859375 0
1755911443718 0.00043082237243652344 0
1755911453755 0.0004324913024902344 0
1755911463787 0.00040912628173828125 0
1755911475589 0.00049591064453125 0
1755911485625 0.0004093647003173828 0
1755911495661 0.00041294097900390625 0
1755911507238 0.0004169940948486328 0
1755911517271 0.00043511390686035156 0
1755911527307 0.0005199909210205078 0
1755911538058 0.0004200935363769531 0
1755911548094 0.00041604042053222656 0
1755911558133 0.0003991127014160156 0
1755911608995 0.0004096031188964844 0
1755911619031 0.00041174888610839844 0
1755911629065 0.0004055500030517578 0
1755911647836 0.0004189014434814453 0
1755911657868 0.0004203319549560547 0
1755911667904 0.00040793418884277344 0
1755911687731 0.0007545948028564453 0
1755911697767 0.0004124641418457031 0
1755911707803 0.0004220008850097656 0
1755911738574 0.00044536590576171875 0
1755911748610 0.0004177093505859375 0
1755911758643 0.0004189014434814453 0
1755911786462 0.0007824897766113281 0
1755911796501 0.00037980079650878906 0
1755911806534 0.0003478527069091797 0
1755911835429 0.0006256103515625 0
1755911845465 0.00045752525329589844 0
1755911855509 0.0004451274871826172 0
1755911876527 0.0005638599395751953 0
1755911886562 0.0005218982696533203 0
1755911896609 0.00049591064453125 0
1755912003432 0.0006082057952880859 0
1755912013478 0.0004296302795410156 0
1755912023515 0.0005981922149658203 0
1755912046424 0.0005822181701660156 0
1755912056463 0.0005207061767578125 0
1755912066503 0.0005624294281005859 0
1755912097423 0.00067901611328125 0
1755912107465 0.0003826618194580078 0
1755912117509 0.0004782676696777344 0
1755912168424 0.0005145072937011719 0
1755912178463 0.00045180320739746094 0
1755912188501 0.0004999637603759766 0
1755912231431 0.0005857944488525391 0
1755912241470 0.0005791187286376953 0
1755912251506 0.0006844997406005859 0
1755912274419 0.00047516822814941406 0
1755912284461 0.0004322528839111328 0
1755912294507 0.0005495548248291016 0
1755912305439 0.0006163120269775391 0
1755912315479 0.0003979206085205078 0
1755912325514 0.0004558563232421875 0
1755912354417 0.002773284912109375 0
1755912364459 0.0006031990051269531 0
1755912374500 0.00048661231994628906 0
1755912386433 0.00046563148498535156 0
1755912396469 0.0004010200500488281 0
1755912406512 0.0003974437713623047 0
1755912427440 0.0006585121154785156 0
1755912437482 0.0005710124969482422 0
1755912447521 0.0005457401275634766 0
1755912459437 0.0006124973297119141 0
1755912469484 0.0005049705505371094 0
1755912479519 0.0004680156707763672 0
1755912490426 0.0006575584411621094 0
1755912500471 0.0003952980041503906 0
1755912510512 0.0004131793975830078 0
1755912521424 0.0006492137908935547 0
1755912531477 0.00046515464782714844 0
1755912541514 0.0004315376281738281 0
1755912552441 0.0006306171417236328 0
1755912562492 0.0004277229309082031 0
1755912572529 0.00043392181396484375 0
1755912583457 0.0005922317504882812 0
1755912593495 0.0005288124084472656 0
1755912603533 0.0004909038543701172 0
1755912615440 0.0008268356323242188 0
1755912625475 0.00046753883361816406 0
1755912635525 0.0006611347198486328 0
1755912647440 0.0004627704620361328 0
1755912657486 0.0005266666412353516 0
1755912667526 0.00041484832763671875 0
1755915126409 0.0005819797515869141 0
1755915136466 0.001407623291015625 0
1755915146505 0.0005702972412109375 0
1755915158445 0.0005128383636474609 0
1755915168518 0.0005879402160644531 0
1755915178560 0.0003986358642578125 0
1755915267511 0.0025022029876708984 0
1755915277563 0.0005629062652587891 0
1755915287613 0.0005609989166259766 0
1755915297651 0.0004329681396484375 0
1755915307688 0.0004246234893798828 0
1755915317727 0.0004267692565917969 0
1755915327773 0.00046944618225097656 0
1755915337816 0.00042700767517089844 0
1755915347855 0.0006325244903564453 0
1755915357890 0.00041675567626953125 0
1755915367926 0.000457763671875 0
1755915377962 0.0004527568817138672 0
1755915388013 0.0004515647888183594 0
1755915398050 0.000408172607421875 0
1755915408082 0.0005843639373779297 0
1755915418123 0.0004475116729736328 0
1755915428167 0.0005011558532714844 0
1755915438201 0.0004477500915527344 0
1755915448235 0.0005400180816650391 0
1755915458274 0.00046324729919433594 0
1755915468311 0.0005624294281005859 0
1755915478373 0.0006337165832519531 0
1755915488420 0.0005371570587158203 0
1755915498459 0.0006268024444580078 0
1755915508500 0.0004477500915527344 0
1755915518547 0.0004999637603759766 0
1755915528587 0.0007319450378417969 0
1755915538630 0.0005190372467041016 0
1755915548663 0.00041365623474121094 0
1755915558699 0.0003752708435058594 0
1755915568734 0.0003826618194580078 0
1755915578772 0.0004305839538574219 0
1755915588818 0.0005507469177246094 0
1755915598859 0.00049591064453125 0
1755915608893 0.000591278076171875 0
1755915618929 0.0005676746368408203 0
1755915628972 0.00045418739318847656 0
1755915639011 0.0005154609680175781 0
1755915649053 0.0005352497100830078 0
1755915659089 0.0004279613494873047 0
1755915669130 0.0008299350738525391 0
1755915679167 0.0006222724914550781 0
1755915689206 0.0004737377166748047 0
1755915699245 0.000514984130859375 0
1755915709287 0.0005648136138916016 0
1755915719335 0.0004992485046386719 0
1755915729378 0.0006432533264160156 0
1755915739418 0.0008451938629150391 0
1755915749461 0.0004317760467529297 0
1755915759505 0.0004937648773193359 0
1755915769538 0.00046253204345703125 0
1755915779579 0.0004494190216064453 0
1755915789613 0.0005900859832763672 0
1755915799648 0.0005433559417724609 0
1755915809690 0.0004887580871582031 0
1755915819735 0.00038886070251464844 0
1755915829774 0.0005419254302978516 0
1755915839818 0.00048041343688964844 0
1755915849867 0.0005371570587158203 0
1755915859909 0.0005557537078857422 0
1755915869960 0.0008535385131835938 0
1755915880008 0.0005028247833251953 0
1755915890056 0.0007207393646240234 0
1755915900093 0.0004734992980957031 0
1755915910141 0.00042939186096191406 0
1755915920185 0.0005397796630859375 0
1755915930242 0.00040602684020996094 0
1755915940287 0.00045490264892578125 0
1755915950327 0.00044226646423339844 0
1755915960365 0.0004315376281738281 0
1755915970404 0.0004994869232177734 0
1755915980444 0.0006947517395019531 0
1755915990484 0.0004203319549560547 0
1755916000524 0.0004951953887939453 0
1755916010567 0.0004150867462158203 0
1755916020610 0.0004985332489013672 0
1755916030649 0.00047588348388671875 0
1755916040709 0.0004222393035888672 0
1755916050750 0.0005297660827636719 0
1755916060796 0.0007181167602539062 0
1755916070842 0.0005927085876464844 0
1755916080882 0.0004923343658447266 0
1755916090923 0.0007662773132324219 0
1755916100964 0.00043201446533203125 0
1755916111006 0.0004639625549316406 0
1755916121046 0.0004937648773193359 0
1755916131084 0.0006251335144042969 0
1755916141131 0.0006225109100341797 0
1755916151174 0.0007300376892089844 0
1755916161214 0.0004119873046875 0
1755916171249 0.0005474090576171875 0
1755916181282 0.0004665851593017578 0
1755916191359 0.00047397613525390625 0
1755916201400 0.0005660057067871094 0
1755916211443 0.0003762245178222656 0
1755916221482 0.0004220008850097656 0
1755916231531 0.0005466938018798828 0
1755916241571 0.0009865760803222656 0
1755916251611 0.0005052089691162109 0
1755916261654 0.0005435943603515625 0
1755916271697 0.0004928112030029297 0
1755916281743 0.0005667209625244141 0
1755916291785 0.0005633831024169922 0
1755916301868 0.0005564689636230469 0
1755916311953 0.000640869140625 0
1755916321997 0.00044655799865722656 0
1755916332037 0.0005280971527099609 0
1755916342078 0.00044035911560058594 0
1755916352119 0.0006165504455566406 0
1755916362196 0.0004813671112060547 0
1755916372238 0.0004220008850097656 0
1755916382308 0.0005829334259033203 0
1755916392345 0.0004067420959472656 0
1755916402385 0.0006165504455566406 0
1755916412422 0.0004379749298095703 0
1755916422462 0.0006425380706787109 0
1755916432502 0.0004425048828125 0
1755916442545 0.00042128562927246094 0
1755916452579 0.0004265308380126953 0
1755916462618 0.0005125999450683594 0
1755916472657 0.0005340576171875 0
1755916482711 0.0005824565887451172 0
1755916492751 0.0004792213439941406 0
1755916502792 0.00043272972106933594 0
1755916512831 0.0005114078521728516 0
1755916522876 0.0004696846008300781 0
1755916532913 0.00041484832763671875 0
1755916542965 0.0005509853363037109 0
1755916553010 0.0004329681396484375 0
1755916563046 0.00041484832763671875 0
1755916573086 0.00041222572326660156 0
1755916583133 0.0006811618804931641 0
1755916593173 0.00041866302490234375 0
1755916603222 0.0005974769592285156 0
1755916613289 0.00045561790466308594 0
1755916623327 0.0004138946533203125 0
1755916633365 0.00042557716369628906 0
1755916643399 0.0004036426544189453 0
1755916653446 0.0005805492401123047 0
1755916663496 0.0006017684936523438 0
1755916673534 0.0005404949188232422 0
1755916683574 0.00036025047302246094 0
1755916693613 0.00034880638122558594 0
1755916703647 0.00047898292541503906 0
1755916713691 0.0004305839538574219 0
1755916723731 0.0005900859832763672 0
1755916733776 0.0004639625549316406 0
1755916743815 0.0004119873046875 0
1755916753860 0.0004620552062988281 0
1755916763898 0.0005242824554443359 0
1755916773933 0.0004382133483886719 0
1755916783998 0.0006952285766601562 0
1755916794036 0.00042057037353515625 0
1755916804082 0.0006518363952636719 0
1755916814119 0.0004343986511230469 0
1755916824160 0.0009126663208007812 0
1755916834199 0.00040650367736816406 0
1755916844251 0.0005376338958740234 0
1755916854289 0.0005249977111816406 0
1755916864325 0.000457763671875 0
1755916874362 0.0003790855407714844 0
1755916884406 0.0003879070281982422 0
1755916894442 0.00041294097900390625 0
1755916904479 0.00040221214294433594 0
1755916914515 0.0005340576171875 0
1755916924553 0.00043010711669921875 0
1755916934596 0.0006961822509765625 0
1755916944634 0.0005209445953369141 0
1755916954676 0.0005550384521484375 0
1755916964717 0.0004200935363769531 0
1755916974752 0.0004010200500488281 0
1755916984793 0.0004563331604003906 0
1755916994828 0.0004382133483886719 0
1755917004865 0.00041365623474121094 0
1755917014920 0.0009582042694091797 0
1755917024963 0.0004646778106689453 0
1755917035002 0.000431060791015625 0
1755917045041 0.0005676746368408203 0
1755917055080 0.0007166862487792969 0
1755917065118 0.0003895759582519531 0
1755917075153 0.0004146099090576172 0
1755917085189 0.0004260540008544922 0
1755917095227 0.0004801750183105469 0
1755917105264 0.00046539306640625 0
1755917115299 0.0003833770751953125 0
1755917125336 0.0003914833068847656 0
1755917135372 0.0006871223449707031 0
1755917145411 0.00045609474182128906 0
1755917155445 0.0004303455352783203 0
1755917165482 0.00040268898010253906 0
1755917177190 0.0004425048828125 0
1755917187224 0.0004067420959472656 0
1755917197260 0.0005409717559814453 0
1755917207299 0.00036835670471191406 0
1755917217336 0.0003876686096191406 0
1755917227371 0.000370025634765625 0
1755917237410 0.00044608116149902344 0
1755917247448 0.0004849433898925781 0
1755917257500 0.0005097389221191406 0
1755917267537 0.0004153251647949219 0
1755917277575 0.0004296302795410156 0
1755917287613 0.0004134178161621094 0
1755917297675 0.0005130767822265625 0
1755917307710 0.00041222572326660156 0
1755917317750 0.00040841102600097656 0
1755917327790 0.00041174888610839844 0
1755917337827 0.0004143714904785156 0
1755917347861 0.00039958953857421875 0
1755917357898 0.0003848075866699219 0
1755917367935 0.00038242340087890625 0
1755917377978 0.0005769729614257812 0
1755917388027 0.0003867149353027344 0
1755917398073 0.0007100105285644531 0
1755917408116 0.00041675567626953125 0
1755917418154 0.00041174888610839844 0
1755917428196 0.0004405975341796875 0
1755917438235 0.00043010711669921875 0
1755917448287 0.0005557537078857422 0
1755917458343 0.0006549358367919922 0
1755917468378 0.0005087852478027344 0
1755917478427 0.0006749629974365234 0
1755917488502 0.0005614757537841797 0
1755917498552 0.0005822181701660156 0
1755917508608 0.0007665157318115234 0
1755917518704 0.0006153583526611328 0
1755917528753 0.0005910396575927734 0
1755917538805 0.0007717609405517578 0
1755917548850 0.0006532669067382812 0
1755917558896 0.0008013248443603516 0
1755917568932 0.0003542900085449219 0
1755917578969 0.0004143714904785156 0
1755917589005 0.0004220008850097656 0
1755917599044 0.0004699230194091797 0
1755917662436 0.000823974609375 0
1755917672489 0.0004649162292480469 0
1755917682565 0.0004432201385498047 0
1755917692607 0.0005095005035400391 0
1755917702640 0.0004100799560546875 0
1755917712683 0.0004150867462158203 0
1755917722720 0.0004153251647949219 0
1755917733579 0.000431060791015625 0
1755917743614 0.0004336833953857422 0
1755917753648 0.0004069805145263672 0
1755917763684 0.0004210472106933594 0
1755917773721 0.000415802001953125 0
1755917783756 0.00041747093200683594 0
1755917793794 0.00047326087951660156 0
1755917803831 0.0004203319549560547 0
1755917813867 0.0004730224609375 0
1755917823915 0.00039196014404296875 0
1755917833952 0.0004220008850097656 0
1755917843985 0.0004086494445800781 0
1755917854017 0.0004124641418457031 0
1755917864056 0.00040531158447265625 0
1755917874093 0.0004153251647949219 0
1755917884128 0.0004291534423828125 0
1755917894163 0.0004885196685791016 0
1755917904198 0.0004744529724121094 0
1755917914234 0.0004649162292480469 0
1755917924270 0.00047087669372558594 0
1755917934311 0.0006346702575683594 0
1755917944353 0.00043582916259765625 0
1755917954392 0.00040340423583984375 0
1755917964431 0.0004527568817138672 0
1755917974465 0.0004107952117919922 0
1755917984501 0.0004055500030517578 0
1755917994536 0.0004241466522216797 0
1755918004569 0.0004088878631591797 0
1755918014608 0.00041985511779785156 0
1755918024644 0.0004253387451171875 0
1755918034683 0.0004279613494873047 0
1755918044724 0.0003838539123535156 0
1755918054764 0.00040650367736816406 0
1755918064800 0.00042057037353515625 0
1755918074838 0.00040912628173828125 0
1755918084872 0.00043702125549316406 0
1755918094909 0.0004138946533203125 0
1755918104945 0.0004451274871826172 0
1755918114982 0.00044274330139160156 0
1755918125017 0.0004017353057861328 0
1755918135053 0.0004181861877441406 0
1755918145091 0.00040721893310546875 0
1755918155127 0.00043392181396484375 0
1755918165167 0.0004088878631591797 0
1755918175203 0.0004088878631591797 0
1755918185256 0.0004980564117431641 0
1755918195293 0.00041556358337402344 0
1755918205327 0.00036215782165527344 0
1755918215369 0.00040149688720703125 0
1755918225416 0.0007658004760742188 0
1755918235462 0.0007045269012451172 0
1755918245633 0.0008170604705810547 0
1755918255668 0.0004260540008544922 0
1755918265721 0.0005452632904052734 0
1755918275773 0.00048160552978515625 0
1755918285825 0.0006148815155029297 0
1755918295865 0.0003552436828613281 0
1755918305904 0.0004544258117675781 0
1755918315943 0.0006268024444580078 0
1755918325985 0.00044035911560058594 0
1755918336019 0.00041103363037109375 0
1755918346063 0.0005700588226318359 0
1755918356099 0.0004813671112060547 0
1755918366137 0.00035953521728515625 0
1755918376174 0.00042819976806640625 0
1755918386211 0.0006103515625 0
1755918396250 0.00043463706970214844 0
1755918406291 0.00039649009704589844 0
1755918416328 0.0006282329559326172 0
1755918426364 0.00041031837463378906 0
1755918436397 0.0004107952117919922 0
1755918446433 0.0003788471221923828 0
1755918456473 0.0004050731658935547 0
1755918466520 0.0004405975341796875 0
1755918476563 0.0005056858062744141 0
1755918486600 0.0004646778106689453 0
1755918496637 0.0004382133483886719 0
1755918506674 0.00040531158447265625 0
1755918516710 0.0004634857177734375 0
1755918526746 0.0004096031188964844 0
1755918536783 0.0004076957702636719 0
1755918546818 0.00041961669921875 0
1755918556853 0.0004153251647949219 0
1755918566892 0.00046253204345703125 0
1755918576927 0.00040793418884277344 0
1755918586972 0.00041794776916503906 0
1755918597012 0.00035452842712402344 0
1755918607051 0.00041103363037109375 0
1755918617090 0.0003647804260253906 0
1755918627129 0.0006923675537109375 0
1755918637167 0.00048232078552246094 0
1755918647203 0.0004107952117919922 0
1755918657236 0.0004119873046875 0
1755918667271 0.00036334991455078125 0
1755918677310 0.00042057037353515625 0
1755918687349 0.0005128383636474609 0
1755918697381 0.00042366981506347656 0
1755918707417 0.00039696693420410156 0
1755918717457 0.0004239082336425781 0
1755918727490 0.0004241466522216797 0
1755918737526 0.0004010200500488281 0
1755918747565 0.00041866302490234375 0
1755918757599 0.0004127025604248047 0
1755918767636 0.00041413307189941406 0
1755918777680 0.0005125999450683594 0
1755918787718 0.0005204677581787109 0
1755918797752 0.0004057884216308594 0
1755918807795 0.0004150867462158203 0
1755918817835 0.00041294097900390625 0
1755918827874 0.00039839744567871094 0
1755918837917 0.00042510032653808594 0
1755918847964 0.0005395412445068359 0
1755918858025 0.00054168701171875 0
1755918868060 0.0004086494445800781 0
1755918878098 0.0003657341003417969 0
1755918888138 0.000415802001953125 0
1755918898187 0.0005490779876708984 0
1755918908226 0.0004036426544189453 0
1755918918262 0.0004456043243408203 0
1755918928298 0.0003807544708251953 0
1755918938337 0.0005581378936767578 0
1755918948377 0.0004830360412597656 0
1755918958420 0.0005435943603515625 0
1755918968454 0.0004291534423828125 0
1755918978489 0.0004839897155761719 0
1755918988531 0.00042438507080078125 0
1755918998571 0.0006237030029296875 0
1755919008612 0.0004305839538574219 0
1755919018650 0.0005397796630859375 0
1755919028689 0.00043463706970214844 0
1755919038728 0.00038695335388183594 0
1755919048767 0.0004181861877441406 0
1755919058807 0.00048089027404785156 0
1755919068843 0.00041937828063964844 0
1755919078880 0.0004303455352783203 0
1755919088915 0.0005488395690917969 0
1755919098955 0.0004088878631591797 0
1755919108992 0.00037980079650878906 0
1755919119030 0.0005869865417480469 0
1755919129065 0.0004067420959472656 0
1755919139101 0.00036144256591796875 0
1755919149138 0.0004677772521972656 0
1755919159178 0.000469207763671875 0
1755919169220 0.0004222393035888672 0
1755919179258 0.0004601478576660156 0
1755919189295 0.0004086494445800781 0
1755919199333 0.0004100799560546875 0
1755919209370 0.00042176246643066406 0
1755919219407 0.0004055500030517578 0
1755919229444 0.0004119873046875 0
1755919239485 0.0003998279571533203 0
1755919249519 0.00040078163146972656 0
1755919259554 0.0004012584686279297 0
1755919269588 0.0003712177276611328 0
1755919279622 0.0003635883331298828 0
1755919289656 0.0003693103790283203 0
1755919299693 0.00041365623474121094 0
1755919309728 0.0003998279571533203 0
1755919319764 0.0004355907440185547 0
1755919329803 0.00039005279541015625 0
1755919339841 0.00042510032653808594 0
1755919349882 0.0005376338958740234 0
1755919359921 0.0004343986511230469 0
1755919369955 0.0004215240478515625 0
1755919379995 0.0006253719329833984 0
1755919390032 0.0004324913024902344 0
1755919400069 0.00041484832763671875 0
1755919410103 0.0004830360412597656 0
1755919420139 0.00036144256591796875 0
1755919430176 0.00036406517028808594 0
1755919440215 0.0005371570587158203 0
1755919450255 0.0004916191101074219 0
1755919460295 0.00047135353088378906 0
1755919470328 0.00040340423583984375 0
1755919480364 0.00036215782165527344 0
1755919490403 0.00040602684020996094 0
1755919500438 0.0003993511199951172 0
1755919510473 0.0004124641418457031 0
1755919520510 0.00048422813415527344 0
1755919530555 0.00043272972106933594 0
1755919540593 0.0004177093505859375 0
1755919550631 0.0004374980926513672 0
1755919560667 0.0004246234893798828 0
1755919570704 0.00041794776916503906 0
1755919580741 0.0004105567932128906 0
1755919590776 0.0004703998565673828 0
1755919600813 0.0005719661712646484 0
1755919610849 0.0003657341003417969 0
1755919620886 0.0004119873046875 0
1755919630921 0.00047397613525390625 0
1755919640957 0.0003724098205566406 0
1755919650996 0.0004534721374511719 0
1755919661030 0.0004825592041015625 0
1755919671067 0.0005214214324951172 0
1755919681103 0.0004248619079589844 0
1755919691144 0.0004124641418457031 0
1755919701181 0.000423431396484375 0
1755919711218 0.0004839897155761719 0
1755919721256 0.00036144256591796875 0
1755919731292 0.000408172607421875 0
1755919741327 0.0004203319549560547 0
1755919751363 0.00046372413635253906 0
1755919761399 0.00047850608825683594 0
1755919771435 0.0003921985626220703 0
1755919781475 0.00040459632873535156 0
1755919791513 0.00042510032653808594 0
1755919801552 0.0003662109375 0
1755919811589 0.00035834312438964844 0
1755919821627 0.0003600120544433594 0
1755919831660 0.0004143714904785156 0
1755919841698 0.00043487548828125 0
1755919851735 0.0003895759582519531 0
1755919861770 0.00041031837463378906 0
1755919871808 0.0004601478576660156 0
1755919881860 0.0007977485656738281 0
1755919891899 0.0004398822784423828 0
1755919901939 0.00041222572326660156 0
1755919911976 0.0003917217254638672 0
1755919922015 0.0005650520324707031 0
1755919932051 0.0004630088806152344 0
1755919942088 0.0004220008850097656 0
1755919952123 0.0004665851593017578 0
1755919962163 0.000385284423828125 0
1755919972201 0.0004394054412841797 0
1755919982236 0.00038170814514160156 0
1755919992276 0.00040268898010253906 0
1755920002313 0.0003821849822998047 0
1755920012349 0.0004019737243652344 0
1755920022385 0.0004222393035888672 0
1755920032420 0.0004715919494628906 0
1755920042456 0.00042819976806640625 0
1755920052495 0.0004966259002685547 0
1755920062533 0.0004420280456542969 0
1755920072570 0.0003542900085449219 0
1755920082603 0.00036597251892089844 0
1755920092638 0.00039577484130859375 0
1755920102673 0.00039887428283691406 0
1755920112708 0.0003552436828613281 0
1755920122750 0.0005385875701904297 0
1755920132790 0.0004885196685791016 0
1755920142837 0.0005648136138916016 0
1755920152875 0.0004100799560546875 0
1755920162909 0.00038504600524902344 0
1755920172948 0.0005042552947998047 0
1755920182986 0.0003933906555175781 0
1755920193020 0.00041031837463378906 0
1755920203056 0.0004096031188964844 0
1755920213095 0.0005106925964355469 0
1755920223136 0.0004825592041015625 0
1755920233170 0.0003612041473388672 0
1755920243206 0.0003554821014404297 0
1755920253243 0.00042939186096191406 0
1755920263279 0.00042510032653808594 0
1755920273320 0.0005013942718505859 0
1755920283361 0.00045609474182128906 0
1755920293396 0.0004162788391113281 0
1755920303433 0.0004134178161621094 0
1755920313473 0.00042557716369628906 0
1755920323511 0.0004458427429199219 0
1755920333545 0.00045299530029296875 0
1755920343580 0.00043272972106933594 0
1755920353618 0.00040459632873535156 0
1755920363655 0.00041747093200683594 0
1755920373691 0.00041794776916503906 0
1755920383732 0.0004487037658691406 0
1755920393768 0.00035858154296875 0
1755920403809 0.0008788108825683594 0
1755920413850 0.0004794597625732422 0
1755920423918 0.0006005764007568359 0
1755920433953 0.0004017353057861328 0
1755920443988 0.00043964385986328125 0
1755920454027 0.0003802776336669922 0
1755920464065 0.0004820823669433594 0
1755920474104 0.0005018711090087891 0
1755920484145 0.0004162788391113281 0
1755920494182 0.0005242824554443359 0
1755920504222 0.0004048347473144531 0
1755920514258 0.0004949569702148438 0
1755920524302 0.00046515464782714844 0
1755920534338 0.00039124488830566406 0
1755920544372 0.0003612041473388672 0
1755920554407 0.0004372596740722656 0
1755920564442 0.0007586479187011719 0
1755920574480 0.0003695487976074219 0
1755920584520 0.0003886222839355469 0
1755920594555 0.0004360675811767578 0
1755920604596 0.00041556358337402344 0
1755920614636 0.0004284381866455078 0
1755920624675 0.0008976459503173828 0
1755920634717 0.000614166259765625 0
1755920644757 0.00041866302490234375 0
1755920654794 0.0004127025604248047 0
1755920664831 0.0004420280456542969 0
1755920674868 0.0004181861877441406 0
1755920684904 0.00046324729919433594 0
1755920694944 0.00041961669921875 0
1755920704978 0.0004210472106933594 0
1755920715017 0.00039076805114746094 0
1755920725054 0.0005834102630615234 0
1755920735096 0.00040030479431152344 0
1755920745130 0.00043702125549316406 0
1755920755165 0.00041961669921875 0
1755920765205 0.0004863739013671875 0
1755920775243 0.0003631114959716797 0
1755920785278 0.0003693103790283203 0
1755920795316 0.00047516822814941406 0
1755920805353 0.00042438507080078125 0
1755920815392 0.0007734298706054688 0
1755920825428 0.0003571510314941406 0
1755920835466 0.00048804283142089844 0
1755920845508 0.0006883144378662109 0
1755920855545 0.0006825923919677734 0
1755920865580 0.0004677772521972656 0
1755920875616 0.00042510032653808594 0
1755920885654 0.00035762786865234375 0
1755920895695 0.0005195140838623047 0
1755920905730 0.00043654441833496094 0
1755920915764 0.0003712177276611328 0
1755920925806 0.00039076805114746094 0
1755920935846 0.0004286766052246094 0
1755920945886 0.0004191398620605469 0
1755920955918 0.00039958953857421875 0
1755920965951 0.00043392181396484375 0
1755920975987 0.00043082237243652344 0
1755920986021 0.00041174888610839844 0
1755920996054 0.00041222572326660156 0
1755921006090 0.00041031837463378906 0
1755921016126 0.000438690185546875 0
1755921026161 0.00041604042053222656 0
1755921036197 0.00041866302490234375 0
1755921046230 0.0005083084106445312 0
1755921056264 0.00040841102600097656 0
1755921066324 0.0006067752838134766 0
1755921076384 0.0005891323089599609 0
1755921086422 0.00043320655822753906 0
1755921096459 0.0004105567932128906 0
1755921106497 0.00044465065002441406 0
1755921116534 0.0004096031188964844 0
1755921126573 0.0005562305450439453 0
1755921136608 0.00037789344787597656 0
1755921146645 0.0005047321319580078 0
1755921156683 0.00040030479431152344 0
1755921166721 0.0004489421844482422 0
1755921176762 0.0004169940948486328 0
1755921186800 0.0004317760467529297 0
1755921196837 0.0004525184631347656 0
1755921206876 0.0003573894500732422 0
1755921216914 0.0004143714904785156 0
1755921226952 0.0003581047058105469 0
1755921236987 0.00038695335388183594 0
1755921247029 0.0005235671997070312 0
1755921257065 0.0004291534423828125 0
1755921267104 0.0004291534423828125 0
1755921277147 0.0004153251647949219 0
1755921287187 0.0004146099090576172 0
1755921297225 0.0004112720489501953 0
1755921307262 0.0004031658172607422 0
1755921317298 0.00042057037353515625 0
1755921327331 0.00041937828063964844 0
1755921337374 0.0007121562957763672 0
1755921347422 0.00045609474182128906 0
1755921357482 0.0005450248718261719 0
1755921367529 0.0005934238433837891 0
1755921377566 0.00042557716369628906 0
1755921387601 0.0004184246063232422 0
1755921397647 0.00041961669921875 0
1755921407687 0.0005640983581542969 0
1755921417727 0.0004200935363769531 0
1755921427762 0.00049591064453125 0
1755921437797 0.0005013942718505859 0
1755921447834 0.000415802001953125 0
1755921457869 0.0004506111145019531 0
1755921467903 0.0004124641418457031 0
1755921477937 0.00037550926208496094 0
1755921487971 0.00036334991455078125 0
1755921498011 0.0004374980926513672 0
1755921508054 0.0004858970642089844 0
1755921518092 0.0005729198455810547 0
1755921528128 0.00042247772216796875 0
1755921538168 0.00041294097900390625 0
1755921548206 0.00040721893310546875 0
1755921558244 0.0004546642303466797 0
1755921568281 0.0003979206085205078 0
1755921578315 0.0004889965057373047 0
1755921588350 0.0004923343658447266 0
1755921598388 0.00044465065002441406 0
1755921608423 0.0003657341003417969 0
1755921618461 0.00040459632873535156 0
1755921628499 0.0004329681396484375 0
1755921638536 0.0003650188446044922 0
1755921648573 0.0004000663757324219 0
1755921658609 0.00041222572326660156 0
1755921668642 0.0003628730773925781 0
1755921678678 0.0003840923309326172 0
1755921688714 0.0004036426544189453 0
1755921698756 0.0005152225494384766 0
1755921708793 0.0003631114959716797 0
1755921718830 0.00040793418884277344 0
1755921728870 0.0005927085876464844 0
1755921738908 0.0004975795745849609 0
1755921748945 0.0003616809844970703 0
1755921758979 0.000385284423828125 0
1755921769013 0.00039577484130859375 0
1755921779053 0.0004253387451171875 0
1755921789091 0.0005009174346923828 0
1755921799127 0.00042700767517089844 0
1755921809164 0.0003800392150878906 0
1755921819201 0.0004734992980957031 0
1755921829239 0.0004124641418457031 0
1755921839275 0.0003693103790283203 0
1755921849309 0.00040602684020996094 0
1755921859346 0.0004475116729736328 0
1755921869385 0.000396728515625 0
1755921879423 0.0004298686981201172 0
1755921889462 0.0004100799560546875 0
1755921899497 0.0004143714904785156 0
1755921909541 0.0005540847778320312 0
1755921919582 0.00038743019104003906 0
1755921929616 0.00040268898010253906 0
1755921939650 0.00045609474182128906 0
1755921949694 0.0006058216094970703 0
1755921959730 0.0005314350128173828 0
1755921969765 0.00041222572326660156 0
1755921979800 0.00044417381286621094 0
1755921989835 0.0003991127014160156 0
1755921999872 0.0005242824554443359 0
1755922009908 0.0003688335418701172 0
1755922019941 0.00040030479431152344 0
1755922029982 0.00041413307189941406 0
1755922040018 0.0004162788391113281 0
1755922050056 0.0005710124969482422 0
1755922060096 0.0005788803100585938 0
1755922070130 0.0004112720489501953 0
1755922080164 0.0003609657287597656 0
1755922090200 0.00036454200744628906 0
1755922100238 0.0005793571472167969 0
1755922110278 0.0004909038543701172 0
1755922120316 0.00041103363037109375 0
1755922130352 0.0004284381866455078 0
1755922140390 0.0005052089691162109 0
1755922150428 0.0003998279571533203 0
1755922160464 0.0003650188446044922 0
1755922170499 0.0004968643188476562 0
1755922180538 0.00044274330139160156 0
1755922190573 0.0004494190216064453 0
1755922200609 0.0005171298980712891 0
1755922210645 0.0006606578826904297 0
1755922220686 0.00039839744567871094 0
1755922230729 0.00046062469482421875 0
1755922240766 0.0004093647003173828 0
1755922250808 0.00049591064453125 0
1755922260844 0.0004162788391113281 0
1755922270881 0.0004303455352783203 0
1755922280917 0.0004143714904785156 0
1755922290958 0.0005412101745605469 0
1755922300993 0.0005242824554443359 0
1755922311030 0.0004203319549560547 0
1755922321065 0.0004429817199707031 0
1755922331103 0.0004534721374511719 0
1755922341140 0.00047016143798828125 0
1755922351207 0.0006358623504638672 0
1755922361257 0.0005555152893066406 0
1755922371295 0.0003974437713623047 0
1755922381340 0.0004839897155761719 0
1755922391379 0.0004184246063232422 0
1755922401418 0.0004024505615234375 0
1755922411452 0.000392913818359375 0
1755922421486 0.0004513263702392578 0
1755922431524 0.0006282329559326172 0
1755922441568 0.0005319118499755859 0
1755922451602 0.00044608116149902344 0
1755922461639 0.0004010200500488281 0
1755922471681 0.0005381107330322266 0
1755922481716 0.00040721893310546875 0
1755922491753 0.0004012584686279297 0
1755922501797 0.0005190372467041016 0
1755922511838 0.00045871734619140625 0
1755922521873 0.0003559589385986328 0
1755922531910 0.0004036426544189453 0
1755922541947 0.00035881996154785156 0
1755922551989 0.0004763603210449219 0
1755922562026 0.0003910064697265625 0
1755922572062 0.00040650367736816406 0
1755922582098 0.00041675567626953125 0
1755922592135 0.0004036426544189453 0
1755922602170 0.00036644935607910156 0
1755922612208 0.0005190372467041016 0
1755922622242 0.00048828125 0
1755922632277 0.0004119873046875 0
1755922642319 0.000766754150390625 0
1755922652362 0.00043320655822753906 0
1755922662400 0.00040793418884277344 0
1755922672441 0.00046563148498535156 0
1755922682479 0.00039196014404296875 0
1755922692515 0.0004012584686279297 0
1755922702562 0.0004668235778808594 0
1755922712599 0.0004112720489501953 0
1755922722638 0.0004253387451171875 0
1755922732679 0.0004324913024902344 0
1755922742717 0.0004200935363769531 0
1755922752755 0.00041937828063964844 0
1755922762793 0.00037169456481933594 0
1755922772831 0.0004916191101074219 0
1755922782872 0.0006234645843505859 0
1755922792909 0.0004582405090332031 0
1755922802950 0.0004017353057861328 0
1755922812987 0.0004730224609375 0
1755922823024 0.0005729198455810547 0
1755922833063 0.0003731250762939453 0
1755922843107 0.00040984153747558594 0
1755922853145 0.0003581047058105469 0
1755922863185 0.0004963874816894531 0
1755922873220 0.00047016143798828125 0
1755922883256 0.0003578662872314453 0
1755922893291 0.00041031837463378906 0
1755922903347 0.0007112026214599609 0
1755922913390 0.00043964385986328125 0
1755922923428 0.0008909702301025391 0
1755922933467 0.0005397796630859375 0
1755922943513 0.0005335807800292969 0
1755922953551 0.00044918060302734375 0
1755922963590 0.0004856586456298828 0
1755922973634 0.0006108283996582031 0
1755922983670 0.00042629241943359375 0
1755922993708 0.00040984153747558594 0
1755923003748 0.0003643035888671875 0
1755923013783 0.0004525184631347656 0
1755923023820 0.00041222572326660156 0
1755923033860 0.00042700767517089844 0
1755923043900 0.0006396770477294922 0
1755923053935 0.0004258155822753906 0
1755923063975 0.00042128562927246094 0
1755923074010 0.0005333423614501953 0
1755923084050 0.0004725456237792969 0
1755923094084 0.0004131793975830078 0
1755923104122 0.00040435791015625 0
1755923114158 0.0004303455352783203 0
1755923124196 0.0004200935363769531 0
1755923134233 0.00042366981506347656 0
1755923144269 0.0005054473876953125 0
1755923154315 0.0006246566772460938 0
1755923164356 0.00042366981506347656 0
1755923174393 0.00041604042053222656 0
1755923184429 0.00045943260192871094 0
1755923194467 0.0005402565002441406 0
1755923204502 0.00038361549377441406 0
1755923214540 0.0005314350128173828 0
1755923224582 0.00043392181396484375 0
1755923234619 0.0006072521209716797 0
1755923244665 0.0004506111145019531 0
1755923254700 0.00036644935607910156 0
1755923264741 0.0004229545593261719 0
1755923274778 0.0004088878631591797 0
1755923284820 0.0004382133483886719 0
1755923294856 0.0004012584686279297 0
1755923304892 0.00039839744567871094 0
1755923314932 0.00041413307189941406 0
1755923324970 0.00042629241943359375 0
1755923335014 0.00043511390686035156 0
1755923345054 0.0004439353942871094 0
1755923355088 0.00042557716369628906 0
1755923365124 0.00041103363037109375 0
1755923375161 0.00042366981506347656 0
1755923385197 0.0004303455352783203 0
1755923395232 0.0004010200500488281 0
1755923405268 0.00036644935607910156 0
1755923415336 0.0005533695220947266 0
1755923425371 0.00040650367736816406 0
1755923435405 0.0004870891571044922 0
1755923445441 0.0004096031188964844 0
1755923455477 0.00042057037353515625 0
1755923465521 0.0003483295440673828 0
1755923475566 0.0004336833953857422 0
1755923485620 0.0005521774291992188 0
1755923495659 0.0004968643188476562 0
1755923505738 0.0012657642364501953 0
1755923515783 0.0005528926849365234 0
1755923525823 0.0004620552062988281 0
1755923535862 0.00035071372985839844 0
1755923545900 0.0004410743713378906 0
1755923555939 0.0005090236663818359 0
1755923565977 0.0004057884216308594 0
1755923576012 0.0004124641418457031 0
1755923586067 0.0005714893341064453 0
1755923596106 0.0004069805145263672 0
1755923606142 0.0004050731658935547 0
1755923616179 0.0004305839538574219 0
1755923626217 0.0004019737243652344 0
1755923636256 0.0004363059997558594 0
1755923646297 0.0005867481231689453 0
1755923656334 0.0004050731658935547 0
1755923666374 0.0005824565887451172 0
1755923676415 0.00037479400634765625 0
1755923686453 0.0004189014434814453 0
1755923696494 0.00037217140197753906 0
1755923706531 0.0005710124969482422 0
1755923716566 0.0004391670227050781 0
1755923726607 0.0004048347473144531 0
1755923736642 0.00040149688720703125 0
1755923746679 0.0005347728729248047 0
1755923756714 0.0005567073822021484 0
1755923766751 0.00042128562927246094 0
1755923776786 0.0004119873046875 0
1755923786819 0.0004315376281738281 0
1755923796854 0.0005161762237548828 0
1755923806894 0.00035953521728515625 0
1755923816926 0.00041794776916503906 0
1755923826972 0.0007410049438476562 0
1755923837009 0.00043392181396484375 0
1755923847047 0.0004329681396484375 0
1755923857084 0.00041556358337402344 0
1755923867130 0.00042748451232910156 0
1755923877164 0.00044417381286621094 0
1755923887200 0.00041222572326660156 0
1755923897235 0.0004401206970214844 0
1755923907269 0.00046181678771972656 0
1755923917306 0.00044083595275878906 0
1755923927379 0.0004482269287109375 0
1755923937429 0.0003898143768310547 0
1755923947471 0.0005342960357666016 0
1755923957509 0.0005583763122558594 0
1755923967547 0.0004341602325439453 0
1755923977585 0.0004668235778808594 0
1755923987628 0.00039839744567871094 0
1755923997666 0.0003819465637207031 0
1755924007700 0.00043129920959472656 0
1755924017737 0.00042247772216796875 0
1755924027773 0.0005612373352050781 0
1755924037814 0.0006158351898193359 0
1755924047865 0.0004596710205078125 0
1755924057903 0.000850677490234375 0
1755924067946 0.0005602836608886719 0
1755924077981 0.000415802001953125 0
1755924088017 0.000415802001953125 0
1755924098054 0.00041747093200683594 0
1755924108087 0.00043082237243652344 0
1755924118126 0.0005826950073242188 0
1755924128173 0.0004341602325439453 0
1755924138227 0.0004987716674804688 0
1755924148265 0.0005121231079101562 0
1755924158306 0.00036716461181640625 0
1755924168339 0.00044798851013183594 0
1755924178374 0.0005431175231933594 0
1755924188409 0.0004067420959472656 0
1755924198446 0.0004353523254394531 0
1755924208487 0.0004184246063232422 0
1755924218523 0.00039577484130859375 0
1755924228561 0.0006468296051025391 0
1755924238597 0.0004627704620361328 0
1755924248637 0.0005636215209960938 0
1755924258677 0.0005490779876708984 0
1755924268718 0.0004928112030029297 0
1755924278755 0.0004980564117431641 0
1755924288794 0.0004057884216308594 0
1755924298835 0.0005397796630859375 0
1755924308868 0.0005021095275878906 0
1755924318908 0.0006632804870605469 0
1755924328949 0.0006282329559326172 0
1755924338984 0.0004203319549560547 0
1755924349023 0.0004265308380126953 0
1755924359062 0.0003998279571533203 0
1755924369099 0.0004725456237792969 0
1755924379140 0.00042176246643066406 0
1755924389175 0.0003578662872314453 0
1755924399213 0.0004012584686279297 0
1755924409251 0.00041937828063964844 0
1755924419289 0.0004100799560546875 0
1755924429326 0.0004425048828125 0
1755924439365 0.0004253387451171875 0
1755924449407 0.0004096031188964844 0
1755924459447 0.0003819465637207031 0
1755924469488 0.000396728515625 0
1755924479523 0.00042176246643066406 0
1755924489561 0.0004355907440185547 0
1755924499597 0.0006096363067626953 0
1755924509636 0.00040531158447265625 0
1755924519679 0.0005242824554443359 0
1755924529714 0.000431060791015625 0
1755924539752 0.00044274330139160156 0
1755924549793 0.00047326087951660156 0
1755924559827 0.0004756450653076172 0
1755924569863 0.00045299530029296875 0
1755924579897 0.0004277229309082031 0
1755924589934 0.0004024505615234375 0
1755924599968 0.0004119873046875 0
1755924610009 0.0004191398620605469 0
1755924620045 0.0004031658172607422 0
1755924630083 0.0004000663757324219 0
1755924640116 0.0004620552062988281 0
1755924650153 0.00041747093200683594 0
1755924660188 0.00041675567626953125 0
1755924670223 0.0004067420959472656 0
1755924680259 0.0004985332489013672 0
1755924690296 0.0006263256072998047 0
1755924700334 0.00043010711669921875 0
1755924710374 0.00043010711669921875 0
1755924720425 0.0005481243133544922 0
1755924730462 0.0005116462707519531 0
1755924740500 0.000415802001953125 0
1755924750534 0.00041985511779785156 0
1755924760573 0.0003695487976074219 0
1755924770612 0.0003535747528076172 0
1755924780650 0.0004208087921142578 0
1755924790693 0.0003554821014404297 0
1755924800734 0.0005629062652587891 0
1755924810778 0.00041937828063964844 0
1755924820814 0.000507354736328125 0
1755924830850 0.0004165172576904297 0
1755924840884 0.0004782676696777344 0
1755924850920 0.00041031837463378906 0
1755924860961 0.0005886554718017578 0
1755924871007 0.0005271434783935547 0
1755924881046 0.0004611015319824219 0
1755924891123 0.0004329681396484375 0
1755924901163 0.00034689903259277344 0
1755924911201 0.0003631114959716797 0
1755924921244 0.00045228004455566406 0
1755924931299 0.0009739398956298828 0
1755924941341 0.00040912628173828125 0
1755924951376 0.0005385875701904297 0
1755924961417 0.0004279613494873047 0
1755924971454 0.0004291534423828125 0
1755924981493 0.00046539306640625 0
1755924991530 0.0004336833953857422 0
1755925001565 0.0004055500030517578 0
1755925011603 0.00040221214294433594 0
1755925021639 0.00041961669921875 0
1755925031672 0.00039315223693847656 0
1755925041709 0.0004782676696777344 0
1755925051744 0.0005588531494140625 0
1755925061778 0.00040078163146972656 0
1755925071815 0.0004162788391113281 0
1755925081849 0.0004019737243652344 0
1755925091883 0.0004298686981201172 0
1755925101923 0.0004165172576904297 0
1755925111958 0.0004279613494873047 0
1755925121992 0.0004241466522216797 0
1755925132026 0.000457763671875 0
1755925142061 0.00041675567626953125 0
1755925152098 0.0004062652587890625 0
1755925162134 0.0004062652587890625 0
1755925172173 0.00040340423583984375 0
1755925182208 0.000438690185546875 0
1755925192245 0.0004341602325439453 0
1755925202283 0.0005145072937011719 0
1755925212322 0.0003604888916015625 0
1755925222356 0.00047707557678222656 0
1755925232399 0.0006604194641113281 0
1755925242435 0.00048160552978515625 0
1755925252472 0.0004372596740722656 0
1755925262506 0.0004143714904785156 0
1755925272555 0.00041365623474121094 0
1755925282594 0.0004105567932128906 0
1755925292629 0.0003993511199951172 0
1755925302667 0.0003619194030761719 0
1755925312704 0.00041294097900390625 0
1755925322738 0.00041866302490234375 0
1755925332774 0.00047850608825683594 0
1755925342808 0.00037360191345214844 0
1755925352845 0.0004699230194091797 0
1755925362883 0.00036263465881347656 0
1755925372918 0.0004115104675292969 0
1755925382958 0.0004322528839111328 0
1755925393001 0.0005028247833251953 0
1755925403040 0.0006647109985351562 0
1755925413076 0.0003540515899658203 0
1755925423114 0.0005843639373779297 0
1755925433159 0.000469207763671875 0
1755925443194 0.0004589557647705078 0
1755925453231 0.00041365623474121094 0
1755925463269 0.00042128562927246094 0
1755925473306 0.00038433074951171875 0
1755925483342 0.00035953521728515625 0
1755925493379 0.00038886070251464844 0
1755925503416 0.0004181861877441406 0
1755925513456 0.0003838539123535156 0
1755925523496 0.0004076957702636719 0
1755925533531 0.0003592967987060547 0
1755925543571 0.00042724609375 0
1755925553605 0.0004954338073730469 0
1755925563641 0.000522613525390625 0
1755925573676 0.0004210472106933594 0
1755925583712 0.0004055500030517578 0
1755925593747 0.0003814697265625 0
1755925603793 0.0003724098205566406 0
1755925613832 0.0004076957702636719 0
1755925623905 0.0004093647003173828 0
1755925633943 0.0003542900085449219 0
1755925643977 0.00043654441833496094 0
1755925654017 0.0005118846893310547 0
1755925664054 0.0005042552947998047 0
1755925674087 0.0004260540008544922 0
1755925684121 0.0004062652587890625 0
1755925694162 0.00042700767517089844 0
1755925704200 0.0003554821014404297 0
1755925714242 0.0003573894500732422 0
1755925724278 0.00037670135498046875 0
1755925734313 0.0005006790161132812 0
1755925744348 0.0004954338073730469 0
1755925754382 0.0004172325134277344 0
1755925764420 0.000400543212890625 0
1755925774457 0.00047326087951660156 0
1755925784493 0.00043773651123046875 0
1755925794529 0.000408172607421875 0
1755925804564 0.0004220008850097656 0
1755925814603 0.0004138946533203125 0
1755925824642 0.0004603862762451172 0
1755925834676 0.0005545616149902344 0
1755925844720 0.0005524158477783203 0
1755925854757 0.0004277229309082031 0
1755925864793 0.0003857612609863281 0
1755925874830 0.00041222572326660156 0
1755925884871 0.0005071163177490234 0
1755925894909 0.00038051605224609375 0
1755925904944 0.00043320655822753906 0
1755925914981 0.0004153251647949219 0
1755925925018 0.0004191398620605469 0
1755925935057 0.0004055500030517578 0
1755925945096 0.0004115104675292969 0
1755925955129 0.0003914833068847656 0
1755925965171 0.00041794776916503906 0
1755925975205 0.00037217140197753906 0
1755925985244 0.00040984153747558594 0
1755925995280 0.000415802001953125 0
1755926005313 0.00045990943908691406 0
1755926015353 0.0006074905395507812 0
1755926025391 0.0004329681396484375 0
1755926035428 0.00044226646423339844 0
1755926045462 0.0004341602325439453 0
1755926055501 0.0004203319549560547 0
1755926065540 0.0004343986511230469 0
1755926075577 0.0004050731658935547 0
1755926085611 0.0004057884216308594 0
1755926095647 0.00043892860412597656 0
1755926105682 0.0004229545593261719 0
1755926115722 0.0004286766052246094 0
1755926125764 0.0004558563232421875 0
1755926135801 0.00042176246643066406 0
1755926145841 0.0006382465362548828 0
1755926155884 0.0005869865417480469 0
1755926165930 0.0004775524139404297 0
1755926175967 0.0006594657897949219 0
1755926186021 0.0005679130554199219 0
1755926196064 0.0004925727844238281 0
1755926206102 0.00044536590576171875 0
1755926216143 0.00045752525329589844 0
1755926226178 0.0003619194030761719 0
1755926236215 0.0003981590270996094 0
1755926246254 0.0004999637603759766 0
1755926256292 0.0003993511199951172 0
1755926266332 0.0003986358642578125 0
1755926276370 0.0005886554718017578 0
1755926286409 0.0004584789276123047 0
1755926296444 0.0004611015319824219 0
1755926306482 0.0004093647003173828 0
1755926316539 0.0012056827545166016 0
1755926326579 0.0004203319549560547 0
1755926336619 0.00039649009704589844 0
1755926346657 0.0004093647003173828 0
1755926356693 0.0004818439483642578 0
1755926366730 0.0003981590270996094 0
1755926376766 0.00042438507080078125 0
1755926386804 0.00042629241943359375 0
1755926396846 0.0004134178161621094 0
1755926406881 0.0003955364227294922 0
1755926416923 0.00042128562927246094 0
1755926426957 0.0004210472106933594 0
1755926436991 0.0004379749298095703 0
1755926447030 0.0004131793975830078 0
1755926457066 0.00041675567626953125 0
1755926467101 0.0004076957702636719 0
1755926477138 0.00042891502380371094 0
1755926487174 0.000408172607421875 0
1755926497208 0.0004076957702636719 0
1755926507244 0.0004153251647949219 0
1755926517285 0.00043392181396484375 0
1755926527340 0.0005443096160888672 0
1755926537381 0.0008182525634765625 0
1755926547418 0.00039577484130859375 0
1755926557452 0.0003478527069091797 0
1755926567495 0.00040721893310546875 0
1755926577532 0.0004112720489501953 0
1755926587568 0.00039196014404296875 0
1755926597613 0.0003788471221923828 0
1755926607662 0.00041675567626953125 0
1755926617706 0.0004856586456298828 0
1755926627744 0.0004208087921142578 0
1755926637783 0.0004360675811767578 0
1755926647821 0.0004215240478515625 0
1755926657860 0.0004124641418457031 0
1755926667898 0.0004296302795410156 0
1755926677934 0.0004074573516845703 0
1755926687970 0.00042128562927246094 0
1755926698005 0.0004119873046875 0
1755926708041 0.0004246234893798828 0
1755926718074 0.00042700767517089844 0
1755926728115 0.00043010711669921875 0
1755926738147 0.0004210472106933594 0
1755926748180 0.00042891502380371094 0
1755926758213 0.0004315376281738281 0
1755926768249 0.0004923343658447266 0
1755926778284 0.0005211830139160156 0
1755926788320 0.0004534721374511719 0
1755926798355 0.0004208087921142578 0
1755926808391 0.0004699230194091797 0
1755926818425 0.0004062652587890625 0
1755926828461 0.0004131793975830078 0
1755926838494 0.0004215240478515625 0
1755926848530 0.0004363059997558594 0
1755926858604 0.0004105567932128906 0
1755926868639 0.0004730224609375 0
1755926878673 0.0004062652587890625 0
1755926888744 0.0004875659942626953 0
1755926898779 0.0004131793975830078 0
1755926908813 0.0004112720489501953 0
1755926918852 0.0003998279571533203 0
1755926928888 0.0004150867462158203 0
1755926938920 0.00044417381286621094 0
1755926948961 0.0004239082336425781 0
1755926959000 0.0004088878631591797 0
1755926969038 0.00041675567626953125 0
1755926979078 0.00041031837463378906 0
1755926989114 0.0004305839538574219 0
1755926999148 0.0004012584686279297 0
1755927009186 0.0003685951232910156 0
1755927019220 0.00041484832763671875 0
1755927029255 0.00040149688720703125 0
1755927039296 0.0004258155822753906 0
1755927049337 0.0003879070281982422 0
1755927059373 0.00044918060302734375 0
1755927069408 0.00048613548278808594 0
1755927079442 0.00041604042053222656 0
1755927089522 0.0004200935363769531 0
1755927099562 0.00041413307189941406 0
1755927109598 0.0004000663757324219 0
1755927119634 0.00042510032653808594 0
1755927129669 0.0003998279571533203 0
1755927139706 0.0004119873046875 0
1755927149744 0.0003809928894042969 0
1755927159782 0.00040650367736816406 0
1755927169816 0.0004050731658935547 0
1755927179852 0.0004131793975830078 0
1755927189888 0.0004220008850097656 0
1755927199929 0.0004715919494628906 0
1755927209963 0.00044417381286621094 0
1755927219996 0.0004673004150390625 0
1755927230032 0.0003807544708251953 0
1755927240066 0.0003998279571533203 0
1755927250108 0.00042438507080078125 0
1755927260142 0.00040841102600097656 0
1755927270180 0.00040912628173828125 0
1755927280225 0.0004305839538574219 0
1755927290258 0.0004787445068359375 0
1755927300295 0.0005252361297607422 0
1755927310334 0.0004565715789794922 0
1755927320370 0.0003979206085205078 0
1755927330405 0.0004050731658935547 0
1755927340439 0.0004146099090576172 0
1755927350472 0.0004138946533203125 0
1755927360507 0.0003643035888671875 0
1755927370548 0.0004074573516845703 0
1755927380584 0.0004341602325439453 0
1755927390620 0.0004177093505859375 0
1755927400655 0.00041961669921875 0
1755927410696 0.0004189014434814453 0
1755927420734 0.00040602684020996094 0
1755927430773 0.00041294097900390625 0
1755927440812 0.00042510032653808594 0
1755927450847 0.00041174888610839844 0
1755927460884 0.00044608116149902344 0
1755927470920 0.000423431396484375 0
1755927480955 0.0004107952117919922 0
1755927490991 0.00045037269592285156 0
1755927501037 0.0004210472106933594 0
1755927511072 0.0004069805145263672 0
1755927521106 0.00040602684020996094 0
1755927531147 0.00041103363037109375 0
1755927541183 0.00042366981506347656 0
1755927551223 0.0004119873046875 0
1755927561265 0.00039124488830566406 0
1755927571300 0.00038933753967285156 0
1755927581335 0.0003981590270996094 0
1755927591369 0.0004210472106933594 0
1755927601404 0.0004520416259765625 0
1755927611436 0.000415802001953125 0
1755927621472 0.00042366981506347656 0
1755927631507 0.00040721893310546875 0
1755927641543 0.0004305839538574219 0
1755927651582 0.0004253387451171875 0
1755927661621 0.0004220008850097656 0
1755927671656 0.00041103363037109375 0
1755927681696 0.000408172607421875 0
1755927691732 0.0004267692565917969 0
1755927701771 0.0004074573516845703 0
1755927711807 0.00043654441833496094 0
1755927721844 0.0004372596740722656 0
1755927731880 0.00039839744567871094 0
1755927741914 0.00043082237243652344 0
1755927751947 0.0003998279571533203 0
1755927761985 0.0004115104675292969 0
1755927772023 0.0004096031188964844 0
1755927782062 0.00041103363037109375 0
1755927792097 0.0004241466522216797 0
1755927802135 0.0004246234893798828 0
1755927812178 0.0003962516784667969 0
1755927822213 0.00040221214294433594 0
1755927832250 0.0004646778106689453 0
1755927842288 0.0004286766052246094 0
1755927852323 0.0004017353057861328 0
1755927862355 0.0004322528839111328 0
1755927872391 0.0004124641418457031 0
1755927882436 0.0004105567932128906 0
1755927892471 0.0004863739013671875 0
1755927902506 0.0004181861877441406 0
1755927912544 0.0004215240478515625 0
1755927922623 0.042258262634277344 0
1755927932658 0.0004425048828125 0
1755927942693 0.0004134178161621094 0
1755927952730 0.0004162788391113281 0
1755927962764 0.0004067420959472656 0
1755927972799 0.0004127025604248047 0
1755927982836 0.0003635883331298828 0
1755927992869 0.0004239082336425781 0
1755928002904 0.0004200935363769531 0
1755928012936 0.0004241466522216797 0
1755928022973 0.0004162788391113281 0
1755928033014 0.00042057037353515625 0
1755928043050 0.0004246234893798828 0
1755928053087 0.0004107952117919922 0
1755928063121 0.00041747093200683594 0
1755928073161 0.00042557716369628906 0
1755928083196 0.00040340423583984375 0
1755928093233 0.00041937828063964844 0
1755928103269 0.00045228004455566406 0
1755928113305 0.00042819976806640625 0
1755928123339 0.0004608631134033203 0
1755928133375 0.0004265308380126953 0
1755928143413 0.0004153251647949219 0
1755928153448 0.00041675567626953125 0
1755928163488 0.00041103363037109375 0
1755928173525 0.0004887580871582031 0
1755928183562 0.0004591941833496094 0
1755928193602 0.0004818439483642578 0
1755928203643 0.00042128562927246094 0
1755928213679 0.00043582916259765625 0
1755928223714 0.0004093647003173828 0
1755928233753 0.0004181861877441406 0
1755928243785 0.0004119873046875 0
1755928253831 0.0004074573516845703 0
1755928263866 0.0004706382751464844 0
1755928273904 0.0004069805145263672 0
1755928283942 0.00047326087951660156 0
1755928293983 0.00044798851013183594 0
1755928304018 0.00040602684020996094 0
1755928314057 0.0004012584686279297 0
1755928324089 0.00043320655822753906 0
1755928334128 0.0004165172576904297 0
1755928344167 0.00041103363037109375 0
1755928354202 0.0004286766052246094 0
1755928364239 0.0004127025604248047 0
1755928374273 0.0004203319549560547 0
1755928384311 0.0004172325134277344 0
1755928394346 0.00043010711669921875 0
1755928404381 0.00040984153747558594 0
1755928414413 0.0004146099090576172 0
1755928424450 0.0004143714904785156 0
1755928434498 0.00041556358337402344 0
1755928444534 0.0004336833953857422 0
1755928454570 0.0004107952117919922 0
1755928464606 0.0004050731658935547 0
1755928474641 0.0004799365997314453 0
1755928484676 0.0004355907440185547 0
1755928494712 0.00043773651123046875 0
1755928504746 0.0004515647888183594 0
1755928514782 0.00041413307189941406 0
1755928524818 0.0004019737243652344 0
1755928534854 0.0004220008850097656 0
1755928544891 0.0003635883331298828 0
1755928554969 0.00040793418884277344 0
1755928565003 0.00040221214294433594 0
1755928575038 0.0003981590270996094 0
1755928585074 0.0003991127014160156 0
1755928595115 0.0004096031188964844 0
1755928605150 0.0004248619079589844 0
1755928615187 0.00041556358337402344 0
1755928625224 0.0004439353942871094 0
1755928635261 0.0004534721374511719 0
1755928645298 0.0004291534423828125 0
1755928655335 0.0004000663757324219 0
1755928665368 0.00042510032653808594 0
1755928675405 0.0004112720489501953 0
1755928685444 0.0004968643188476562 0
1755928695479 0.00043129920959472656 0
1755928705512 0.0004684925079345703 0
1755928715555 0.00042319297790527344 0
1755928725594 0.00042319297790527344 0
1755928735631 0.00040268898010253906 0
1755928745666 0.00041365623474121094 0
1755928755701 0.0004284381866455078 0
1755928765736 0.00040531158447265625 0
1755928775772 0.00043964385986328125 0
1755928785807 0.0004189014434814453 0
1755928795843 0.00042939186096191406 0
1755928805882 0.00042176246643066406 0
1755928815917 0.00042748451232910156 0
1755928825955 0.0004353523254394531 0
1755928835990 0.0005016326904296875 0
1755928846027 0.000476837158203125 0
1755928856063 0.00043487548828125 0
1755928866103 0.0003914833068847656 0
1755928876138 0.000400543212890625 0
1755928886172 0.0004100799560546875 0
1755928896216 0.00042057037353515625 0
1755928906249 0.0004165172576904297 0
1755928916285 0.0004286766052246094 0
1755928926321 0.00048470497131347656 0
1755928936360 0.0004291534423828125 0
1755928946399 0.00042557716369628906 0
1755928956434 0.0004131793975830078 0
1755928966472 0.00043511390686035156 0
1755928976507 0.00047779083251953125 0
1755928986543 0.0004305839538574219 0
1755928996582 0.0004520416259765625 0
1755929006616 0.0004050731658935547 0
1755929016650 0.000431060791015625 0
1755929026686 0.0004189014434814453 0
1755929036722 0.00041484832763671875 0
1755929046754 0.0004127025604248047 0
1755929056790 0.0004146099090576172 0
1755929066831 0.00042247772216796875 0
1755929076867 0.0004315376281738281 0
1755929086910 0.00042247772216796875 0
1755929096946 0.0004334449768066406 0
1755929106980 0.0004191398620605469 0
1755929117019 0.0004086494445800781 0
1755929127054 0.0004324913024902344 0
1755929137087 0.000431060791015625 0
1755929147124 0.00039505958557128906 0
1755929157158 0.0004267692565917969 0
1755929167190 0.00040721893310546875 0
1755929177224 0.00042891502380371094 0
1755929187263 0.0004131793975830078 0
1755929197302 0.0004622936248779297 0
1755929207337 0.00046324729919433594 0
1755929217371 0.0004582405090332031 0
1755929227405 0.00041174888610839844 0
1755929237441 0.0004246234893798828 0
1755929247479 0.00043272972106933594 0
1755929257512 0.00041747093200683594 0
1755929267546 0.0004241466522216797 0
1755929277585 0.00041031837463378906 0
1755929287622 0.0004279613494873047 0
1755929297658 0.0004062652587890625 0
1755929307698 0.0004177093505859375 0
1755929317737 0.0004248619079589844 0
1755929327771 0.00041294097900390625 0
1755929337804 0.0004127025604248047 0
1755929347842 0.0004467964172363281 0
1755929357878 0.00041961669921875 0
1755929367917 0.00041031837463378906 0
1755929377951 0.0004093647003173828 0
1755929387986 0.0004284381866455078 0
1755929398022 0.00042724609375 0
1755929408057 0.0004611015319824219 0
1755929418093 0.00042891502380371094 0
1755929428131 0.00039958953857421875 0
1755929438166 0.0004124641418457031 0
1755929448203 0.0004658699035644531 0
1755929458243 0.0004074573516845703 0
1755929468277 0.0004191398620605469 0
1755929478315 0.0004017353057861328 0
1755929488351 0.00044155120849609375 0
1755929498392 0.0004215240478515625 0
1755929508426 0.00041794776916503906 0
1755929518464 0.00042557716369628906 0
1755929528499 0.0005712509155273438 0
1755929538537 0.0004069805145263672 0
1755929548575 0.00040340423583984375 0
1755929558614 0.0005047321319580078 0
1755929568653 0.0004055500030517578 0
1755929578688 0.0004029273986816406 0
1755929588736 0.00040650367736816406 0
1755929598777 0.0004124641418457031 0
1755929608814 0.0003974437713623047 0
1755929618851 0.0005037784576416016 0
1755929628887 0.0004000663757324219 0
1755929638923 0.0005266666412353516 0
1755929648965 0.0005204677581787109 0
1755929659002 0.0004088878631591797 0
1755929669033 0.000408172607421875 0
1755929679065 0.0004279613494873047 0
1755929689104 0.0004353523254394531 0
1755929699138 0.0004127025604248047 0
1755929709176 0.0004661083221435547 0
1755929719214 0.0004253387451171875 0
1755929729247 0.0004286766052246094 0
1755929739284 0.00040650367736816406 0
1755929749321 0.00043129920959472656 0
1755929759355 0.0004210472106933594 0
1755929769387 0.0003867149353027344 0
1755929779420 0.00043272972106933594 0
1755929789461 0.00043654441833496094 0
1755929799495 0.00042557716369628906 0
1755929809530 0.00040650367736816406 0
1755929819581 0.0005598068237304688 0
1755929829615 0.0004096031188964844 0
1755929839652 0.0005240440368652344 0
1755929849695 0.00042700767517089844 0
1755929859735 0.000423431396484375 0
1755929869778 0.00042629241943359375 0
1755929879814 0.0004341602325439453 0
1755929889852 0.00042557716369628906 0
1755929899891 0.0004303455352783203 0
1755929909923 0.0004401206970214844 0
1755929919959 0.0004203319549560547 0
1755929929993 0.0004010200500488281 0
1755929940031 0.0004668235778808594 0
1755929950067 0.0004324913024902344 0
1755929960102 0.0003948211669921875 0
1755929970138 0.00040459632873535156 0
1755929980173 0.00041961669921875 0
1755929990211 0.00041675567626953125 0
1755930000247 0.0004074573516845703 0
1755930010289 0.00041222572326660156 0
1755930020325 0.00042819976806640625 0
1755930030365 0.00041961669921875 0
1755930040402 0.0004067420959472656 0
1755930050438 0.0004107952117919922 0
1755930060472 0.00041484832763671875 0
1755930070509 0.0004189014434814453 0
1755930080546 0.0004229545593261719 0
1755930090585 0.0004131793975830078 0
1755930100618 0.0004165172576904297 0
1755930110660 0.0004191398620605469 0
1755930120696 0.00040912628173828125 0
1755930130731 0.00046563148498535156 0
1755930140768 0.0004215240478515625 0
1755930150806 0.0004200935363769531 0
1755930160844 0.0004019737243652344 0
1755930170885 0.0004291534423828125 0
1755930180920 0.0004277229309082031 0
1755930190959 0.0004172325134277344 0
1755930201000 0.0004107952117919922 0
1755930211035 0.0004134178161621094 0
1755930221072 0.0004165172576904297 0
1755930231108 0.00042939186096191406 0
1755930241149 0.0004649162292480469 0
1755930251190 0.00046324729919433594 0
1755930261227 0.0004246234893798828 0
1755930271266 0.00041222572326660156 0
1755930281302 0.0004105567932128906 0
1755930291337 0.00043463706970214844 0
1755930301372 0.00040268898010253906 0
1755930311408 0.00040721893310546875 0
1755930321442 0.0004417896270751953 0
1755930331479 0.0004277229309082031 0
1755930341514 0.0004177093505859375 0
1755930351547 0.0004107952117919922 0
1755930361586 0.0004138946533203125 0
1755930371622 0.0003993511199951172 0
1755930381657 0.00044035911560058594 0
1755930391695 0.0005004405975341797 0
1755930401731 0.00041174888610839844 0
1755930411773 0.0004324913024902344 0
1755930421809 0.0004169940948486328 0
1755930431851 0.0004124641418457031 0
1755930441892 0.0004878044128417969 0
1755930451927 0.0004291534423828125 0
1755930461960 0.0004038810729980469 0
1755930471997 0.00041222572326660156 0
1755930482038 0.00042700767517089844 0
1755930492071 0.00040340423583984375 0
1755930502110 0.0005156993865966797 0
1755930512146 0.0004012584686279297 0
1755930522182 0.0004222393035888672 0
1755930532218 0.00041031837463378906 0
1755930542252 0.00045299530029296875 0
1755930552288 0.00042819976806640625 0
1755930562328 0.0004088878631591797 0
1755930572363 0.00040149688720703125 0
1755930582399 0.00039196014404296875 0
1755930592434 0.00040721893310546875 0
1755930602469 0.0004096031188964844 0
1755930612509 0.0004246234893798828 0
1755930622546 0.00040411949157714844 0
1755930632582 0.0004107952117919922 0
1755930642623 0.0004062652587890625 0
1755930652662 0.00041675567626953125 0
1755930662696 0.0004181861877441406 0
1755930672733 0.00041747093200683594 0
1755930682768 0.00042700767517089844 0
1755930692810 0.0003974437713623047 0
1755930702845 0.0004124641418457031 0
1755930712886 0.00040793418884277344 0
1755930722931 0.0004305839538574219 0
1755930732971 0.00040650367736816406 0
1755930743024 0.00041174888610839844 0
1755930753062 0.0004303455352783203 0
1755930763097 0.0004830360412597656 0
1755930773170 0.0004165172576904297 0
1755930783208 0.0003979206085205078 0
1755930793242 0.0004470348358154297 0
1755930803315 0.00040435791015625 0
1755930813352 0.00041484832763671875 0
1755930823388 0.00039887428283691406 0
1755930833430 0.0004024505615234375 0
1755930843467 0.00041985511779785156 0
1755930853502 0.0004088878631591797 0
1755930863538 0.0004115104675292969 0
1755930873574 0.00040459632873535156 0
1755930883608 0.0004181861877441406 0
1755930893648 0.00041222572326660156 0
1755930903686 0.00042128562927246094 0
1755930913722 0.00042176246643066406 0
1755930923756 0.0003955364227294922 0
1755930933792 0.0004267692565917969 0
1755930943827 0.0006947517395019531 0
1755930953862 0.00041556358337402344 0
1755930963898 0.0004074573516845703 0
1755930973936 0.00041794776916503906 0
1755930983975 0.0004172325134277344 0
1755930994010 0.00041031837463378906 0
1755931004047 0.00042748451232910156 0
1755931014088 0.00041866302490234375 0
1755931024122 0.0004143714904785156 0
1755931034155 0.0004019737243652344 0
1755931044193 0.0004191398620605469 0
1755931054232 0.00040793418884277344 0
1755931064266 0.0004260540008544922 0
1755931074304 0.0004954338073730469 0
1755931084338 0.0004532337188720703 0
1755931094374 0.0004291534423828125 0
1755931104409 0.0004124641418457031 0
1755931114444 0.0004200935363769531 0
1755931124487 0.0005064010620117188 0
1755931134524 0.0005366802215576172 0
1755931144570 0.0006005764007568359 0
1755931154613 0.00040841102600097656 0
1755931164650 0.0004024505615234375 0
1755931174685 0.00041675567626953125 0
1755931184720 0.00038886070251464844 0
1755931194753 0.0004138946533203125 0
1755931204789 0.00042700767517089844 0
1755931214825 0.0004458427429199219 0
1755931224857 0.0004324913024902344 0
1755931234892 0.0004150867462158203 0
1755931244931 0.0004742145538330078 0
1755931254966 0.0004105567932128906 0
1755931265001 0.00042629241943359375 0
1755931275037 0.00040721893310546875 0
1755931285070 0.0004367828369140625 0
1755931295109 0.000408172607421875 0
1755931305151 0.0004062652587890625 0
1755931315186 0.0004086494445800781 0
1755931325225 0.0004131793975830078 0
1755931335263 0.00042057037353515625 0
1755931345299 0.00041794776916503906 0
1755931355337 0.0004055500030517578 0
1755931365375 0.0004150867462158203 0
1755931375410 0.0004115104675292969 0
1755931385447 0.00040411949157714844 0
1755931395482 0.00040721893310546875 0
1755931405516 0.0004107952117919922 0
1755931415554 0.0004150867462158203 0
1755931425592 0.00043463706970214844 0
1755931435630 0.0004210472106933594 0
1755931445662 0.0004818439483642578 0
1755931455701 0.0004024505615234375 0
1755931465739 0.0004181861877441406 0
1755931475774 0.00044608116149902344 0
1755931485810 0.0004184246063232422 0
1755931495847 0.00041174888610839844 0
1755931505884 0.00040841102600097656 0
1755931515920 0.0004124641418457031 0
1755931525956 0.00040912628173828125 0
1755931536029 0.00041866302490234375 0
1755931546065 0.0004119873046875 0
1755931556103 0.0004134178161621094 0
1755931566144 0.0004951953887939453 0
1755931576180 0.0004189014434814453 0
1755931586218 0.0004107952117919922 0
1755931596256 0.0003986358642578125 0
1755931606289 0.0004127025604248047 0
1755931616329 0.00040340423583984375 0
1755931626369 0.0003955364227294922 0
1755931636406 0.0004017353057861328 0
1755931646440 0.00040793418884277344 0
1755931656475 0.0003952980041503906 0
1755931666515 0.00046539306640625 0
1755931676550 0.0003600120544433594 0
1755931686584 0.0004165172576904297 0
1755931696623 0.00041484832763671875 0
1755931706663 0.0004322528839111328 0
1755931716699 0.00044083595275878906 0
1755931726738 0.0004296302795410156 0
1755931736772 0.00042247772216796875 0
1755931746807 0.0004010200500488281 0
1755931756847 0.00042319297790527344 0
1755931766882 0.00039696693420410156 0
1755931776917 0.0003962516784667969 0
1755931786952 0.0004088878631591797 0
1755931796991 0.0004074573516845703 0
1755931807030 0.0004105567932128906 0
1755931817068 0.00043010711669921875 0
1755931827102 0.0004076957702636719 0
1755931837138 0.0004169940948486328 0
1755931847172 0.0005173683166503906 0
1755931857209 0.0004127025604248047 0
1755931867247 0.00041294097900390625 0
1755931877279 0.00041961669921875 0
1755931887316 0.0004334449768066406 0
1755931897355 0.00041961669921875 0
1755931907391 0.0004093647003173828 0
1755931917429 0.0004334449768066406 0
1755931927463 0.0004134178161621094 0
1755931937500 0.000423431396484375 0
1755931947539 0.00043702125549316406 0
1755931957576 0.0004754066467285156 0
1755931967613 0.0004134178161621094 0
1755931977649 0.00042557716369628906 0
1755931987685 0.0005383491516113281 0
1755931997720 0.0004444122314453125 0
1755932007756 0.00041222572326660156 0
1755932017791 0.0004074573516845703 0
1755932027826 0.00041413307189941406 0
1755932037861 0.00041866302490234375 0
1755932047895 0.0003991127014160156 0
1755932057931 0.00042366981506347656 0
1755932067969 0.00041365623474121094 0
1755932078007 0.00042510032653808594 0
1755932088044 0.0003917217254638672 0
1755932098080 0.0004298686981201172 0
1755932108115 0.00043773651123046875 0
1755932118149 0.00041413307189941406 0
1755932128185 0.0003952980041503906 0
1755932138226 0.0004265308380126953 0
1755932148261 0.0004203319549560547 0
1755932158300 0.000423431396484375 0
1755932168338 0.0004208087921142578 0
1755932178373 0.0004048347473144531 0
1755932188413 0.0004124641418457031 0
1755932198458 0.0005316734313964844 0
1755932208492 0.0003883838653564453 0
1755932218534 0.00042724609375 0
1755932228569 0.00040268898010253906 0
1755932238605 0.00041365623474121094 0
1755932248641 0.00040030479431152344 0
1755932258714 0.0004215240478515625 0
1755932268749 0.00040602684020996094 0
1755932278789 0.00047016143798828125 0
1755932288822 0.0004200935363769531 0
1755932298860 0.00041294097900390625 0
1755932308895 0.0004115104675292969 0
1755932318927 0.00044846534729003906 0
1755932328963 0.00041866302490234375 0
1755932338999 0.0004181861877441406 0
1755932349033 0.0004246234893798828 0
1755932359067 0.00040841102600097656 0
1755932369103 0.0004277229309082031 0
1755932379139 0.0004394054412841797 0
1755932389214 0.00041866302490234375 0
1755932399250 0.00045299530029296875 0
1755932409287 0.0004191398620605469 0
1755932419361 0.00040841102600097656 0
1755932429400 0.000431060791015625 0
1755932439436 0.00040912628173828125 0
1755932449475 0.0004119873046875 0
1755932459511 0.00042557716369628906 0
1755932469548 0.0004229545593261719 0
1755932479587 0.00040650367736816406 0
1755932489620 0.0003924369812011719 0
1755932499656 0.0004489421844482422 0
1755932509697 0.0004127025604248047 0
1755932519732 0.00043702125549316406 0
1755932529768 0.00042176246643066406 0
1755932539803 0.0004153251647949219 0
1755932549842 0.00040841102600097656 0
1755932559880 0.0004105567932128906 0
1755932569918 0.00040793418884277344 0
1755932579954 0.0003974437713623047 0
1755932589989 0.0004055500030517578 0
1755932600025 0.00041556358337402344 0
1755932610059 0.0004589557647705078 0
1755932620098 0.00041675567626953125 0
1755932630137 0.0004363059997558594 0
1755932640179 0.0004165172576904297 0
1755932650211 0.0004127025604248047 0
1755932660249 0.0004830360412597656 0
1755932670281 0.0004172325134277344 0
1755932680318 0.00043511390686035156 0
1755932690361 0.00041031837463378906 0
1755932700397 0.00043487548828125 0
1755932710439 0.0003986358642578125 0
1755932720473 0.00042176246643066406 0
1755932730509 0.00034618377685546875 0
1755932740544 0.0004131793975830078 0
1755932750583 0.0004286766052246094 0
1755932760619 0.00042366981506347656 0
1755932770657 0.0004239082336425781 0
1755932780690 0.00040984153747558594 0
1755932790728 0.00041556358337402344 0
1755932800764 0.00041937828063964844 0
1755932810797 0.0003917217254638672 0
1755932820832 0.00041961669921875 0
1755932830869 0.00042939186096191406 0
1755932840908 0.0004744529724121094 0
1755932850945 0.0003962516784667969 0
1755932860979 0.0004343986511230469 0
1755932871015 0.0003991127014160156 0
1755932881052 0.0004127025604248047 0
1755932891094 0.0007534027099609375 0
1755932901129 0.00047588348388671875 0
1755932911167 0.0004038810729980469 0
1755932921206 0.00041484832763671875 0
1755932931239 0.0003914833068847656 0
1755932941273 0.0004987716674804688 0
1755932951309 0.00041604042053222656 0
1755932961357 0.0003991127014160156 0
1755932971396 0.00041866302490234375 0
1755932981436 0.0004711151123046875 0
1755932991474 0.00040340423583984375 0
1755933001512 0.0004119873046875 0
1755933011548 0.0004343986511230469 0
1755933021583 0.0004336833953857422 0
1755933031623 0.0004165172576904297 0
1755933041662 0.000392913818359375 0
1755933051696 0.0004038810729980469 0
1755933061733 0.0004088878631591797 0
1755933071771 0.0005776882171630859 0
1755933081810 0.0004305839538574219 0
1755933091843 0.0004200935363769531 0
1755933101881 0.00039696693420410156 0
1755933111913 0.0003991127014160156 0
1755933121951 0.00040030479431152344 0
1755933131985 0.0004124641418457031 0
1755933142017 0.00042748451232910156 0
1755933152053 0.00041937828063964844 0
1755933162092 0.0004096031188964844 0
1755933172129 0.0004684925079345703 0
1755933182165 0.0004203319549560547 0
1755933192201 0.0004258155822753906 0
1755933202236 0.00043010711669921875 0
1755933212271 0.00042128562927246094 0
1755933222308 0.00040221214294433594 0
1755933232345 0.0004611015319824219 0
1755933242381 0.0004513263702392578 0
1755933252416 0.0004131793975830078 0
1755933262451 0.0004658699035644531 0
1755933272486 0.0003600120544433594 0
1755933282521 0.0004067420959472656 0
1755933292559 0.00040459632873535156 0
1755933302595 0.0003991127014160156 0
1755933312632 0.0004267692565917969 0
1755933322669 0.0003921985626220703 0
1755933332706 0.00039768218994140625 0
1755933342742 0.00039958953857421875 0
1755933352778 0.0004603862762451172 0
1755933362814 0.00042748451232910156 0
1755933372850 0.0003955364227294922 0
1755933382882 0.0004210472106933594 0
1755933392917 0.0004220008850097656 0
1755933402952 0.0004611015319824219 0
1755933412989 0.0004093647003173828 0
1755933423023 0.0003948211669921875 0
1755933433056 0.00042510032653808594 0
1755933443095 0.00042891502380371094 0
1755933453133 0.00041413307189941406 0
1755933463168 0.0004279613494873047 0
1755933473205 0.0004227161407470703 0
1755933483244 0.0004138946533203125 0
1755933493282 0.0004189014434814453 0
1755933503323 0.0004322528839111328 0
1755933513359 0.0004162788391113281 0
1755933523395 0.00047326087951660156 0
1755933533431 0.00039649009704589844 0
1755933543465 0.0004222393035888672 0
1755933553499 0.00042057037353515625 0
1755933563534 0.00042319297790527344 0
1755933573569 0.0004017353057861328 0
1755933583606 0.0003998279571533203 0
1755933593642 0.0004315376281738281 0
1755933603677 0.0004124641418457031 0
1755933613711 0.0004010200500488281 0
1755933623745 0.00044918060302734375 0
1755933633785 0.00040411949157714844 0
1755933643820 0.00039839744567871094 0
1755933653859 0.0004177093505859375 0
1755933663903 0.0004181861877441406 0
1755933673940 0.00040650367736816406 0
1755933683975 0.00041222572326660156 0
1755933694011 0.0004208087921142578 0
1755933704044 0.0004012584686279297 0
1755933714079 0.0004367828369140625 0
1755933724112 0.00040793418884277344 0
1755933734148 0.0004150867462158203 0
1755933744182 0.0004019737243652344 0
1755933754224 0.00039267539978027344 0
1755933764263 0.00043201446533203125 0
1755933774300 0.0004210472106933594 0
1755933784338 0.0004267692565917969 0
1755933794375 0.00042438507080078125 0
1755933804412 0.00047278404235839844 0
1755933814448 0.00042366981506347656 0
1755933824482 0.0003693103790283203 0
1755933834527 0.0004258155822753906 0
1755933844562 0.0004315376281738281 0
1755933854598 0.00044608116149902344 0
1755933864634 0.0004267692565917969 0
1755933874669 0.00040602684020996094 0
1755933884733 0.0004177093505859375 0
1755933894772 0.0004248619079589844 0
1755933904808 0.0004074573516845703 0
1755933914843 0.0004124641418457031 0
1755933924879 0.00042438507080078125 0
1755933934913 0.0004150867462158203 0
1755933944947 0.00042057037353515625 0
1755933954983 0.00042724609375 0
1755933965019 0.00044846534729003906 0
1755933975054 0.0004284381866455078 0
1755933985090 0.00041866302490234375 0
1755933995125 0.0003960132598876953 0
1755934005160 0.00041413307189941406 0
1755934015195 0.00041985511779785156 0
1755934025230 0.0004076957702636719 0
1755934035267 0.00041675567626953125 0
1755934045303 0.00039577484130859375 0
1755934055336 0.000469207763671875 0
1755934065373 0.0004124641418457031 0
1755934075413 0.00040221214294433594 0
1755934085450 0.00041937828063964844 0
1755934095485 0.0003972053527832031 0
1755934105521 0.0004172325134277344 0
1755934115594 0.0004124641418457031 0
1755934125630 0.00041866302490234375 0
1755934135663 0.0004189014434814453 0
1755934145700 0.0003910064697265625 0
1755934155737 0.00042700767517089844 0
1755934165777 0.0004284381866455078 0
1755934175810 0.0004177093505859375 0
1755934185845 0.0004992485046386719 0
1755934195886 0.00046324729919433594 0
1755934205924 0.000415802001953125 0
1755934215960 0.0004153251647949219 0
1755934225992 0.00040793418884277344 0
1755934236031 0.0004258155822753906 0
1755934246074 0.00041747093200683594 0
1755934256114 0.00041747093200683594 0
1755934266149 0.00044345855712890625 0
1755934276186 0.00041556358337402344 0
1755934286221 0.00041937828063964844 0
1755934296257 0.0003991127014160156 0
1755934306293 0.00039839744567871094 0
1755934316329 0.0004696846008300781 0
1755934326368 0.0004143714904785156 0
1755934336403 0.00039887428283691406 0
1755934346440 0.00042939186096191406 0
1755934356475 0.0005137920379638672 0
1755934366513 0.00040984153747558594 0
1755934376549 0.0004127025604248047 0
1755934386586 0.0003941059112548828 0
1755934396624 0.0004398822784423828 0
1755934406662 0.00041937828063964844 0
1755934416697 0.00041365623474121094 0
1755934426734 0.0004024505615234375 0
1755934436770 0.0004057884216308594 0
1755934446805 0.0004124641418457031 0
1755934456839 0.00041747093200683594 0
1755934466876 0.0004131793975830078 0
1755934476915 0.00039315223693847656 0
1755934486954 0.00041675567626953125 0
1755934496990 0.0004413127899169922 0
1755934507026 0.0004506111145019531 0
1755934517062 0.00045418739318847656 0
1755934527098 0.0004048347473144531 0
1755934537134 0.0004303455352783203 0
1755934547170 0.0004239082336425781 0
1755934557207 0.0003993511199951172 0
1755934567240 0.00041866302490234375 0
1755934577277 0.0004105567932128906 0
1755934587313 0.0004184246063232422 0
1755934597348 0.0004134178161621094 0
1755934607384 0.0004138946533203125 0
1755934617419 0.0004951953887939453 0
1755934627455 0.0004639625549316406 0
1755934637489 0.00045490264892578125 0
1755934647528 0.00040531158447265625 0
1755934657564 0.0003972053527832031 0
1755934667600 0.0004055500030517578 0
1755934677634 0.00042510032653808594 0
1755934687670 0.0004527568817138672 0
1755934697707 0.0004286766052246094 0
1755934707739 0.0004177093505859375 0
1755934717777 0.00040912628173828125 0
1755934727812 0.0004146099090576172 0
1755934737847 0.000423431396484375 0
1755934747883 0.00041604042053222656 0
1755934757917 0.0004036426544189453 0
1755934767956 0.0004093647003173828 0
1755934777999 0.0004601478576660156 0
1755934788038 0.0005023479461669922 0
1755934798071 0.0004267692565917969 0
1755934808110 0.00040984153747558594 0
1755934818148 0.00039887428283691406 0
1755934828187 0.0004067420959472656 0
1755934838221 0.0004038810729980469 0
1755934848257 0.0005567073822021484 0
1755934858296 0.0004105567932128906 0
1755934868332 0.00043082237243652344 0
1755934878367 0.00041031837463378906 0
1755934888404 0.0004222393035888672 0
1755934898445 0.0003981590270996094 0
1755934908482 0.00040268898010253906 0
1755934918517 0.0004458427429199219 0
1755934928553 0.00039649009704589844 0
1755934938586 0.00042748451232910156 0
1755934948620 0.00041365623474121094 0
1755934958673 0.0006186962127685547 0
1755934968712 0.00039076805114746094 0
1755934978748 0.00041031837463378906 0
1755934988784 0.00041103363037109375 0
1755934998820 0.00041556358337402344 0
1755935008857 0.00039958953857421875 0
1755935018897 0.000423431396484375 0
1755935028934 0.0004143714904785156 0
1755935038973 0.0004165172576904297 0
1755935049009 0.0004165172576904297 0
1755935059045 0.0004115104675292969 0
1755935069080 0.0004124641418457031 0
1755935079114 0.0004069805145263672 0
1755935089148 0.0004177093505859375 0
1755935099185 0.00043010711669921875 0
1755935109219 0.0004086494445800781 0
1755935119255 0.0004227161407470703 0
1755935129294 0.00043082237243652344 0
1755935139331 0.0004138946533203125 0
1755935149365 0.0004990100860595703 0
1755935159401 0.0004169940948486328 0
1755935169435 0.0004177093505859375 0
1755935179472 0.00041222572326660156 0
1755935189506 0.00041103363037109375 0
1755935199540 0.0004143714904785156 0
1755935209574 0.00042557716369628906 0
1755935219607 0.0004138946533203125 0
1755935229644 0.0004057884216308594 0
1755935239680 0.00039196014404296875 0
1755935249719 0.00039887428283691406 0
1755935259757 0.0004191398620605469 0
1755935269791 0.00045037269592285156 0
1755935279826 0.000408172607421875 0
1755935289862 0.0004067420959472656 0
1755935299897 0.00040149688720703125 0
1755935309970 0.0004279613494873047 0
1755935320007 0.00041294097900390625 0
1755935330045 0.00042057037353515625 0
1755935340118 0.00041413307189941406 0
1755935350157 0.0004119873046875 0
1755935360194 0.0004203319549560547 0
1755935370232 0.000400543212890625 0
1755935380272 0.0004019737243652344 0
1755935390309 0.000415802001953125 0
1755935400345 0.0004086494445800781 0
1755935410415 0.0004165172576904297 0
1755935420450 0.00041103363037109375 0
1755935430487 0.0004382133483886719 0
1755935440528 0.0003991127014160156 0
1755935450565 0.00041961669921875 0
1755935460601 0.0004222393035888672 0
1755935470639 0.000408172607421875 0
1755935480679 0.0004146099090576172 0
1755935490715 0.00041866302490234375 0
1755935500750 0.0004146099090576172 0
1755935510786 0.0004119873046875 0
1755935520820 0.0004367828369140625 0
1755935530857 0.0004029273986816406 0
1755935540896 0.00042247772216796875 0
1755935550935 0.00041365623474121094 0
1755935560971 0.00041294097900390625 0
1755935571017 0.0004169940948486328 0
1755935581051 0.000438690185546875 0
1755935591088 0.0004146099090576172 0
1755935601123 0.0004074573516845703 0
1755935611156 0.0004341602325439453 0
1755935621196 0.0004019737243652344 0
1755935631232 0.00046706199645996094 0
1755935641272 0.00041961669921875 0
1755935651307 0.0004150867462158203 0
1755935661346 0.00046181678771972656 0
1755935671386 0.00043272972106933594 0
1755935681423 0.0004601478576660156 0
1755935691461 0.0004134178161621094 0
1755935701504 0.00042176246643066406 0
1755935711540 0.00041031837463378906 0
1755935721579 0.0004413127899169922 0
1755935731613 0.000415802001953125 0
1755935741646 0.00043892860412597656 0
1755935751681 0.00040078163146972656 0
1755935761715 0.0004210472106933594 0
1755935771751 0.0004076957702636719 0
1755935781786 0.000396728515625 0
1755935791824 0.0004162788391113281 0
1755935801863 0.00048732757568359375 0
1755935811900 0.0003898143768310547 0
1755935821937 0.00040602684020996094 0
1755935831972 0.0004200935363769531 0
1755935842008 0.00041031837463378906 0
1755935852043 0.00043201446533203125 0
1755935862080 0.0004990100860595703 0
1755935872116 0.00043129920959472656 0
1755935882151 0.00042366981506347656 0
1755935892194 0.0004000663757324219 0
1755935902228 0.00042939186096191406 0
1755935912265 0.0003981590270996094 0
1755935922305 0.0004048347473144531 0
1755935932353 0.0005426406860351562 0
1755935942392 0.00042366981506347656 0
1755935952427 0.00041937828063964844 0
1755935962463 0.00043582916259765625 0
1755935972500 0.00040793418884277344 0
1755935982537 0.0004246234893798828 0
1755935992578 0.00038170814514160156 0
1755936002613 0.00041675567626953125 0
1755936012647 0.000423431396484375 0
1755936022685 0.0004208087921142578 0
1755936032720 0.00043487548828125 0
1755936042757 0.0004220008850097656 0
1755936052793 0.0004112720489501953 0
1755936062827 0.0004074573516845703 0
1755936072863 0.0004222393035888672 0
1755936082900 0.0004382133483886719 0
1755936092934 0.00041794776916503906 0
1755936102971 0.0005204677581787109 0
1755936113008 0.00039768218994140625 0
1755936123046 0.00046062469482421875 0
1755936133082 0.0004208087921142578 0
1755936143118 0.00041675567626953125 0
1755936153152 0.00040078163146972656 0
1755936163192 0.000423431396484375 0
1755936173226 0.00043320655822753906 0
1755936183263 0.00040912628173828125 0
1755936193296 0.00040531158447265625 0
1755936203331 0.00043082237243652344 0
1755936213367 0.0004105567932128906 0
1755936223404 0.00042629241943359375 0
1755936233439 0.00043082237243652344 0
1755936243476 0.0005128383636474609 0
1755936253521 0.00041031837463378906 0
1755936263564 0.0004572868347167969 0
1755936273602 0.00043487548828125 0
1755936283641 0.0004131793975830078 0
1755936293678 0.00041556358337402344 0
1755936303716 0.0005080699920654297 0
1755936313751 0.0004258155822753906 0
1755936323787 0.0004127025604248047 0
1755936333821 0.00040030479431152344 0
1755936343856 0.0004792213439941406 0
1755936353891 0.0004019737243652344 0
1755936363927 0.0004143714904785156 0
1755936373962 0.0004284381866455078 0
1755936384000 0.0004057884216308594 0
1755936394039 0.0004241466522216797 0
1755936404074 0.0004162788391113281 0
1755936414109 0.0004184246063232422 0
1755936424148 0.0004119873046875 0
1755936434187 0.00045371055603027344 0
1755936444230 0.0004112720489501953 0
1755936454266 0.0004241466522216797 0
1755936464302 0.00040841102600097656 0
1755936474337 0.0004544258117675781 0
1755936484372 0.0004165172576904297 0
1755936494407 0.00041103363037109375 0
1755936504442 0.0004189014434814453 0
1755936514481 0.00041294097900390625 0
1755936524517 0.0004265308380126953 0
1755936534560 0.0004246234893798828 0
1755936544600 0.0005121231079101562 0
1755936554641 0.00042557716369628906 0
1755936564677 0.0004363059997558594 0
1755936574715 0.0004067420959472656 0
1755936584750 0.00045180320739746094 0
1755936594792 0.00040531158447265625 0
1755936604827 0.00041294097900390625 0
1755936614862 0.00041604042053222656 0
1755936624900 0.00046372413635253906 0
1755936634933 0.0004124641418457031 0
1755936644970 0.0004067420959472656 0
1755936655007 0.000396728515625 0
1755936665043 0.00041174888610839844 0
1755936675079 0.00044035911560058594 0
1755936685117 0.0004086494445800781 0
1755936695152 0.00044918060302734375 0
1755936705189 0.00043392181396484375 0
1755936715225 0.0004189014434814453 0
1755936725262 0.00042176246643066406 0
1755936735297 0.0004096031188964844 0
1755936745333 0.0004398822784423828 0
1755936755373 0.0004470348358154297 0
1755936765414 0.00040268898010253906 0
1755936775451 0.0004291534423828125 0
1755936785483 0.0003993511199951172 0
1755936795517 0.000408172607421875 0
1755936805554 0.00040078163146972656 0
1755936815589 0.0004200935363769531 0
1755936825624 0.0004086494445800781 0
1755936835659 0.0004241466522216797 0
1755936845695 0.0004134178161621094 0
1755936855734 0.0003972053527832031 0
1755936865772 0.0004086494445800781 0
1755936875808 0.00043320655822753906 0
1755936885846 0.0004029273986816406 0
1755936895880 0.00046539306640625 0
1755936905916 0.0004220008850097656 0
1755936915990 0.00041866302490234375 0
1755936926028 0.000408172607421875 0
1755936936063 0.0004031658172607422 0
1755936946102 0.000415802001953125 0
1755936956137 0.0004153251647949219 0
1755936966174 0.0004584789276123047 0
1755936976252 0.0004105567932128906 0
1755936986292 0.0004024505615234375 0
1755936996326 0.0004341602325439453 0
1755937006361 0.00040221214294433594 0
1755937016396 0.0004169940948486328 0
1755937026430 0.0004181861877441406 0
1755937036464 0.00041294097900390625 0
1755937046500 0.00041556358337402344 0
1755937056534 0.0004127025604248047 0
1755937066571 0.0004127025604248047 0
1755937076606 0.00043082237243652344 0
1755937086648 0.0004189014434814453 0
1755937096685 0.00042557716369628906 0
1755937106721 0.00039958953857421875 0
1755937116760 0.00042724609375 0
1755937126792 0.0004203319549560547 0
1755937136833 0.0004649162292480469 0
1755937146870 0.00039649009704589844 0
1755937156907 0.0004241466522216797 0
1755937166944 0.0004150867462158203 0
1755937177018 0.0004172325134277344 0
1755937187057 0.0004200935363769531 0
1755937197092 0.00040912628173828125 0
1755937207127 0.0004100799560546875 0
1755937217161 0.00040459632873535156 0
1755937227206 0.0004024505615234375 0
1755937237280 0.00041222572326660156 0
1755937247351 0.00043702125549316406 0
1755937257387 0.00043201446533203125 0
1755937267424 0.0003879070281982422 0
1755937277502 0.0004668235778808594 0
1755937287538 0.0004146099090576172 0
1755937297581 0.0004799365997314453 0
1755937307620 0.0005013942718505859 0
1755937317653 0.00040459632873535156 0
1755937327692 0.0004093647003173828 0
1755937337730 0.0004868507385253906 0
1755937347765 0.0004291534423828125 0
1755937357801 0.0004303455352783203 0
1755937367837 0.00039696693420410156 0
1755937377873 0.0004069805145263672 0
1755937387910 0.0004298686981201172 0
1755937397948 0.00042057037353515625 0
1755937407991 0.0004172325134277344 0
1755937418027 0.0004937648773193359 0
1755937428063 0.00040149688720703125 0
1755937438097 0.0004038810729980469 0
1755937448136 0.0004360675811767578 0
1755937458176 0.0004143714904785156 0
1755937468214 0.00039196014404296875 0
1755937478248 0.0004363059997558594 0
1755937488284 0.00042748451232910156 0
1755937498320 0.00041985511779785156 0
1755937508354 0.00040078163146972656 0
1755937518390 0.0004258155822753906 0
1755937528425 0.000431060791015625 0
1755937538462 0.0005052089691162109 0
1755937548499 0.0004162788391113281 0
1755937558534 0.0003829002380371094 0
1755937568574 0.0004413127899169922 0
1755937578609 0.0004105567932128906 0
1755937588643 0.0004055500030517578 0
1755937598679 0.0004017353057861328 0
1755937608714 0.00040984153747558594 0
1755937618749 0.0004146099090576172 0
1755937628782 0.00044155120849609375 0
1755937638818 0.0004076957702636719 0
1755937648853 0.0004220008850097656 0
1755937658887 0.00040912628173828125 0
1755937668922 0.0004546642303466797 0
1755937678959 0.0004787445068359375 0
1755937688992 0.0004451274871826172 0
1755937699031 0.0004134178161621094 0
1755937709065 0.0004088878631591797 0
1755937719099 0.0004191398620605469 0
1755937729136 0.00041556358337402344 0
1755937739172 0.00040650367736816406 0
1755937749208 0.0004222393035888672 0
1755937759244 0.00043511390686035156 0
1755937769285 0.0004248619079589844 0
1755937779326 0.0004107952117919922 0
1755937789361 0.0004355907440185547 0
1755937799403 0.0004184246063232422 0
1755937809439 0.00041985511779785156 0
1755937819480 0.00043773651123046875 0
1755937829517 0.00041556358337402344 0
1755937839551 0.0003960132598876953 0
1755937849587 0.00039458274841308594 0
1755937859628 0.0004200935363769531 0
1755937869668 0.0004127025604248047 0
1755937879705 0.0004222393035888672 0
1755937889739 0.0004131793975830078 0
1755937899774 0.00040435791015625 0
1755937909811 0.0004241466522216797 0
1755937919849 0.0004029273986816406 0
1755937929883 0.00041937828063964844 0
1755937939916 0.0004105567932128906 0
1755937949952 0.0004017353057861328 0
1755937959990 0.00047779083251953125 0
1755937970065 0.00040912628173828125 0
1755937980139 0.000415802001953125 0
1755937990175 0.00042629241943359375 0
1755938000249 0.0004146099090576172 0
1755938010282 0.00041985511779785156 0
1755938020319 0.0016665458679199219 0
1755938030394 0.00042319297790527344 0
1755938040468 0.0004248619079589844 0
1755938050500 0.0004031658172607422 0
1755938060574 0.0004718303680419922 0
1755938070609 0.00042438507080078125 0
1755938080643 0.0004162788391113281 0
1755938090678 0.0004143714904785156 0
1755938100753 0.0004150867462158203 0
1755938110788 0.0004334449768066406 0
1755938120824 0.0004067420959472656 0
1755938130862 0.00040149688720703125 0
1755938140901 0.0004208087921142578 0
1755938150938 0.00041222572326660156 0
1755938160975 0.00041413307189941406 0
1755938171012 0.0004067420959472656 0
1755938181048 0.0004074573516845703 0
1755938191082 0.0004119873046875 0
1755938201118 0.0004067420959472656 0
1755938211159 0.0004863739013671875 0
1755938221196 0.0004181861877441406 0
1755938231231 0.0004436969757080078 0
1755938241266 0.0004642009735107422 0
1755938251304 0.0004115104675292969 0
1755938261339 0.0004124641418457031 0
1755938271377 0.00040841102600097656 0
1755938281418 0.0004153251647949219 0
1755938291450 0.00043511390686035156 0
1755938301486 0.0004124641418457031 0
1755938311523 0.0004322528839111328 0
1755938321560 0.0003924369812011719 0
1755938331595 0.00040984153747558594 0
1755938341629 0.0004181861877441406 0
1755938351663 0.0004069805145263672 0
1755938361699 0.00040721893310546875 0
1755938371736 0.0004298686981201172 0
1755938381774 0.0004200935363769531 0
1755938391810 0.0004017353057861328 0
1755938401845 0.0004086494445800781 0
1755938411884 0.0004124641418457031 0
1755938421920 0.00040340423583984375 0
1755938431953 0.00041675567626953125 0
1755938441987 0.00043392181396484375 0
1755938452025 0.0004150867462158203 0
1755938462057 0.00039696693420410156 0
1755938472091 0.00042057037353515625 0
1755938482128 0.0004100799560546875 0
1755938492162 0.0004265308380126953 0
1755938502198 0.0004208087921142578 0
1755938512237 0.0003955364227294922 0
1755938522272 0.0004253387451171875 0
1755938532308 0.00048232078552246094 0
1755938542346 0.0004277229309082031 0
1755938552381 0.0004143714904785156 0
1755938562418 0.0004329681396484375 0
1755938572455 0.0003829002380371094 0
1755938582489 0.00042939186096191406 0
1755938592525 0.0003979206085205078 0
1755938602560 0.0004417896270751953 0
1755938612600 0.0004260540008544922 0
1755938622632 0.0004029273986816406 0
1755938632667 0.0003948211669921875 0
1755938642703 0.0004169940948486328 0
1755938652738 0.00043463706970214844 0
1755938662776 0.000400543212890625 0
1755938672812 0.0004124641418457031 0
1755938682847 0.00043582916259765625 0
1755938692882 0.0004019737243652344 0
1755938702919 0.0004477500915527344 0
1755938712953 0.00040841102600097656 0
1755938722989 0.0004143714904785156 0
1755938733025 0.00041556358337402344 0
1755938743060 0.0004355907440185547 0
1755938753096 0.0004239082336425781 0
1755938763132 0.0004248619079589844 0
1755938773168 0.0005030632019042969 0
1755938783203 0.0004208087921142578 0
1755938793235 0.0004153251647949219 0
1755938803271 0.0004189014434814453 0
1755938813306 0.0004208087921142578 0
1755938823339 0.0004124641418457031 0
1755938833374 0.00042128562927246094 0
1755938843411 0.00039505958557128906 0
1755938853448 0.00042366981506347656 0
1755938863487 0.0004184246063232422 0
1755938873523 0.0004200935363769531 0
1755938883559 0.00042891502380371094 0
1755938893596 0.0003962516784667969 0
1755938903638 0.0004305839538574219 0
1755938913679 0.0004439353942871094 0
1755938923715 0.0004341602325439453 0
1755938933750 0.0004088878631591797 0
1755938943783 0.00041556358337402344 0
1755938953817 0.0004076957702636719 0
1755938963854 0.0004172325134277344 0
1755938973891 0.0004649162292480469 0
1755938983928 0.000431060791015625 0
1755938993967 0.00041961669921875 0
1755939004007 0.00041985511779785156 0
1755939014042 0.0004200935363769531 0
1755939024078 0.0004458427429199219 0
1755939034113 0.0004181861877441406 0
1755939044147 0.0004334449768066406 0
1755939054184 0.00042724609375 0
1755939064225 0.0004241466522216797 0
1755939074259 0.0004265308380126953 0
1755939084304 0.00043129920959472656 0
1755939094339 0.0004074573516845703 0
1755939104374 0.0004439353942871094 0
1755939114408 0.000400543212890625 0
1755939124447 0.0004067420959472656 0
1755939134484 0.00036215782165527344 0
1755939144519 0.000370025634765625 0
1755939154555 0.00042700767517089844 0
1755939164594 0.00040411949157714844 0
1755939174630 0.0004074573516845703 0
1755939184665 0.000415802001953125 0
1755939194698 0.00041961669921875 0
1755939204741 0.0004115104675292969 0
1755939214776 0.0004112720489501953 0
1755939224813 0.0004048347473144531 0
1755939234848 0.0004127025604248047 0
1755939244882 0.0005021095275878906 0
1755939254918 0.0004057884216308594 0
1755939264954 0.0004177093505859375 0
1755939274992 0.0004138946533203125 0
1755939285031 0.00042366981506347656 0
1755939295063 0.0004067420959472656 0
1755939305104 0.00040602684020996094 0
1755939315138 0.00039386749267578125 0
1755939325176 0.0004169940948486328 0
1755939335220 0.0004322528839111328 0
1755939345257 0.00047016143798828125 0
1755939355298 0.00038623809814453125 0
1755939365339 0.0004057884216308594 0
1755939375375 0.0004150867462158203 0
1755939385413 0.0004184246063232422 0
1755939395451 0.0004253387451171875 0
1755939405488 0.0004150867462158203 0
1755939415522 0.0004143714904785156 0
1755939425598 0.0004534721374511719 0
1755939435671 0.00042700767517089844 0
1755939445707 0.00041484832763671875 0
1755939455746 0.0004229545593261719 0
1755939465821 0.0004119873046875 0
1755939475855 0.0004153251647949219 0
1755939485936 0.0004038810729980469 0
1755939496012 0.0005154609680175781 0
1755939506049 0.00041484832763671875 0
1755939516088 0.000423431396484375 0
1755939526127 0.0004968643188476562 0
1755939536162 0.00043201446533203125 0
1755939546237 0.00040030479431152344 0
1755939556316 0.00039458274841308594 0
1755939566356 0.00041484832763671875 0
1755939576390 0.0003972053527832031 0
1755939586429 0.0004093647003173828 0
1755939596464 0.0004649162292480469 0
1755939606499 0.00037217140197753906 0
1755939616545 0.000469207763671875 0
1755939626581 0.000423431396484375 0
1755939636619 0.00041556358337402344 0
1755939646657 0.00040411949157714844 0
1755939656691 0.00041222572326660156 0
1755939666734 0.00042510032653808594 0
1755939676777 0.00041222572326660156 0
1755939686812 0.00039005279541015625 0
1755939696886 0.0004031658172607422 0
1755939706929 0.0004267692565917969 0
1755939716965 0.0004565715789794922 0
1755939727008 0.00042057037353515625 0
1755939737045 0.0004031658172607422 0
1755939747084 0.0004000663757324219 0
1755939757159 0.0004658699035644531 0
1755939767195 0.0004303455352783203 0
1755939777230 0.0004055500030517578 0
1755939787264 0.0004215240478515625 0
1755939797302 0.00039196014404296875 0
1755939807337 0.000400543212890625 0
1755939817374 0.0004074573516845703 0
1755939827414 0.0004258155822753906 0
1755939837456 0.00039958953857421875 0
1755939847496 0.0004029273986816406 0
1755939857532 0.0004184246063232422 0
1755939867570 0.00039696693420410156 0
1755939877605 0.0003943443298339844 0
1755939887643 0.00040435791015625 0
1755939897679 0.0004780292510986328 0
1755939907713 0.0004036426544189453 0
1755939917750 0.00041747093200683594 0
1755939927783 0.00043082237243652344 0
1755939937819 0.00046753883361816406 0
1755939947858 0.00042128562927246094 0
1755939957896 0.0004124641418457031 0
1755939967933 0.0004169940948486328 0
1755939977970 0.00042724609375 0
1755939988011 0.0004291534423828125 0
1755939998082 0.00042366981506347656 0
1755940008121 0.00042438507080078125 0
1755940018157 0.0004680156707763672 0
1755940028232 0.0005254745483398438 0
1755940038268 0.00048089027404785156 0
1755940048310 0.0006263256072998047 0
1755940058381 0.0004038810729980469 0
1755940068425 0.00041866302490234375 0
1755940078459 0.00042319297790527344 0
1755940088499 0.0003972053527832031 0
1755940098536 0.00041604042053222656 0
1755940108575 0.0004177093505859375 0
1755940118609 0.00042891502380371094 0
1755940128647 0.0004153251647949219 0
1755940138681 0.0004165172576904297 0
1755940148715 0.0004277229309082031 0
1755940158749 0.00043392181396484375 0
1755940168788 0.00041937828063964844 0
1755940178829 0.0004146099090576172 0
1755940188871 0.0004220008850097656 0
1755940198906 0.0004038810729980469 0
1755940208940 0.00042176246643066406 0
1755940218978 0.0004076957702636719 0
1755940229013 0.0004074573516845703 0
1755940239047 0.0004260540008544922 0
1755940249081 0.0004100799560546875 0
1755940259116 0.0003981590270996094 0
1755940269152 0.00041294097900390625 0
1755940279191 0.0004336833953857422 0
1755940289225 0.0004253387451171875 0
1755940299263 0.0004067420959472656 0
1755940309300 0.0004265308380126953 0
1755940319337 0.0003991127014160156 0
1755940329372 0.00040793418884277344 0
1755940339413 0.00041937828063964844 0
1755940349447 0.0004177093505859375 0
1755940359483 0.0004260540008544922 0
1755940369516 0.0004184246063232422 0
1755940379554 0.00040411949157714844 0
1755940389590 0.0004279613494873047 0
1755940399625 0.0004000663757324219 0
1755940409663 0.0004057884216308594 0
1755940419702 0.00041604042053222656 0
1755940429736 0.0004603862762451172 0
1755940439772 0.0004749298095703125 0
1755940449807 0.0004277229309082031 0
1755940459842 0.0004277229309082031 0
1755940469878 0.00041747093200683594 0
1755940479911 0.00041604042053222656 0
1755940489944 0.0004360675811767578 0
1755940499982 0.0005042552947998047 0
1755940510018 0.0004305839538574219 0
1755940520054 0.0004298686981201172 0
1755940530090 0.000392913818359375 0
1755940540126 0.00040602684020996094 0
1755940550161 0.0004246234893798828 0
1755940560197 0.0004150867462158203 0
1755940570231 0.0004248619079589844 0
1755940580265 0.0004248619079589844 0
1755940590299 0.00041604042053222656 0
1755940600331 0.00038170814514160156 0
1755940610374 0.00041794776916503906 0
1755940620408 0.0004127025604248047 0
1755940630441 0.0003905296325683594 0
1755940640477 0.0004169940948486328 0
1755940650512 0.0003952980041503906 0
1755940660552 0.0004246234893798828 0
1755940670590 0.0004150867462158203 0
1755940680623 0.00041484832763671875 0
1755940690661 0.0003917217254638672 0
1755940700698 0.0004096031188964844 0
1755940710737 0.0004012584686279297 0
1755940720773 0.0004165172576904297 0
1755940730810 0.0003960132598876953 0
1755940740849 0.0004246234893798828 0
1755940750885 0.00041222572326660156 0
1755940760921 0.00043463706970214844 0
1755940770958 0.0004124641418457031 0
1755940780993 0.00041747093200683594 0
1755940791029 0.00041675567626953125 0
1755940801064 0.00041604042053222656 0
1755940811102 0.0004315376281738281 0
1755940821137 0.00042748451232910156 0
1755940831174 0.0004036426544189453 0
1755940841210 0.0004260540008544922 0
1755940851248 0.0004150867462158203 0
1755940861286 0.0004076957702636719 0
1755940871324 0.0004286766052246094 0
1755940881358 0.0004088878631591797 0
1755940891395 0.0004100799560546875 0
1755940901433 0.00040435791015625 0
1755940911467 0.0004050731658935547 0
1755940921501 0.00045800209045410156 0
1755940931538 0.0004093647003173828 0
1755940941574 0.00040435791015625 0
1755940951613 0.0004241466522216797 0
1755940961650 0.00042128562927246094 0
1755940971686 0.0004112720489501953 0
1755940981722 0.0004146099090576172 0
1755940991758 0.0003972053527832031 0
1755941001793 0.0004241466522216797 0
1755941011825 0.000415802001953125 0
1755941021861 0.0004794597625732422 0
1755941031899 0.0004100799560546875 0
1755941041935 0.0004398822784423828 0
1755941051972 0.0004239082336425781 0
1755941062005 0.00043392181396484375 0
1755941072040 0.0004127025604248047 0
1755941082077 0.0004172325134277344 0
1755941092116 0.00042057037353515625 0
1755941102154 0.0004177093505859375 0
1755941112191 0.0003898143768310547 0
1755941122231 0.0004038810729980469 0
1755941132263 0.0003974437713623047 0
1755941142297 0.0004096031188964844 0
1755941152331 0.00043272972106933594 0
1755941162371 0.0004150867462158203 0
1755941172407 0.00047588348388671875 0
1755941182440 0.00041294097900390625 0
1755941192480 0.0005409717559814453 0
1755941202520 0.00037097930908203125 0
1755941212557 0.0004138946533203125 0
1755941222590 0.0004677772521972656 0
1755941232625 0.0004372596740722656 0
1755941242665 0.0004162788391113281 0
1755941252702 0.00041604042053222656 0
1755941262736 0.0004000663757324219 0
1755941272773 0.0004093647003173828 0
1755941282807 0.0004215240478515625 0
1755941292845 0.00046515464782714844 0
1755941302883 0.00040459632873535156 0
1755941312919 0.00041413307189941406 0
1755941322960 0.0004086494445800781 0
1755941332994 0.0004150867462158203 0
1755941343029 0.0004189014434814453 0
1755941353068 0.0004267692565917969 0
1755941363107 0.00040912628173828125 0
1755941373141 0.00042319297790527344 0
1755941383176 0.0004177093505859375 0
1755941393215 0.00045228004455566406 0
1755941403259 0.0004088878631591797 0
1755941413293 0.0004184246063232422 0
1755941423326 0.0004177093505859375 0
1755941433366 0.00042557716369628906 0
1755941443406 0.0004315376281738281 0
1755941453446 0.0004127025604248047 0
1755941463481 0.0004172325134277344 0
1755941473518 0.0004398822784423828 0
1755941483554 0.0004200935363769531 0
1755941493589 0.0004169940948486328 0
1755941503624 0.00042366981506347656 0
1755941513662 0.0004131793975830078 0
1755941523700 0.00041484832763671875 0
1755941533733 0.0005412101745605469 0
1755941543770 0.0004131793975830078 0
1755941553809 0.00040030479431152344 0
1755941563848 0.00043964385986328125 0
1755941573891 0.0004069805145263672 0
1755941583928 0.0004851818084716797 0
1755941593961 0.0005517005920410156 0
1755941603997 0.0004875659942626953 0
1755941614031 0.00043892860412597656 0
1755941624072 0.0004227161407470703 0
1755941634109 0.00041365623474121094 0
1755941644145 0.00041866302490234375 0
1755941654179 0.0004932880401611328 0
1755941664215 0.0004112720489501953 0
1755941674254 0.0004107952117919922 0
1755941684293 0.00040984153747558594 0
1755941694332 0.0004215240478515625 0
1755941704371 0.00043320655822753906 0
1755941714406 0.0004940032958984375 0
1755941724439 0.0004417896270751953 0
1755941734480 0.0004169940948486328 0
1755941744513 0.00042724609375 0
1755941754549 0.0004265308380126953 0
1755941764589 0.0004048347473144531 0
1755941774628 0.0004107952117919922 0
1755941784667 0.0004203319549560547 0
1755941794705 0.0004088878631591797 0
1755941804739 0.0004162788391113281 0
1755941814775 0.00042700767517089844 0
1755941824808 0.0004222393035888672 0
1755941834847 0.0004055500030517578 0
1755941844884 0.00040602684020996094 0
1755941854921 0.0004649162292480469 0
1755941864957 0.0004069805145263672 0
1755941874993 0.00039315223693847656 0
1755941885028 0.0004031658172607422 0
1755941895064 0.0004277229309082031 0
1755941905102 0.00042510032653808594 0
1755941915137 0.0004298686981201172 0
1755941925173 0.0004165172576904297 0
1755941935212 0.00041794776916503906 0
1755941945247 0.00040602684020996094 0
1755941955284 0.00040030479431152344 0
1755941965319 0.00048160552978515625 0
1755941975354 0.00046133995056152344 0
1755941985394 0.0004074573516845703 0
1755941995430 0.00041413307189941406 0
1755942005464 0.0004467964172363281 0
1755942015508 0.0004291534423828125 0
1755942025544 0.000530242919921875 0
1755942035581 0.0004286766052246094 0
1755942045616 0.0004124641418457031 0
1755942055650 0.0004146099090576172 0
1755942065689 0.0004162788391113281 0
1755942075733 0.00041675567626953125 0
1755942085766 0.0004315376281738281 0
1755942095804 0.00040411949157714844 0
1755942105840 0.0004019737243652344 0
1755942115873 0.00040912628173828125 0
1755942125915 0.00048542022705078125 0
1755942135950 0.0004267692565917969 0
1755942145989 0.0004138946533203125 0
1755942156066 0.00042319297790527344 0
1755942166102 0.000415802001953125 0
1755942176138 0.00041675567626953125 0
1755942186179 0.00041866302490234375 0
1755942196220 0.0004124641418457031 0
1755942206255 0.0004048347473144531 0
1755942216292 0.0004253387451171875 0
1755942226335 0.0004715919494628906 0
1755942236367 0.00042939186096191406 0
1755942246405 0.0004267692565917969 0
1755942256440 0.0004000663757324219 0
1755942266475 0.0004150867462158203 0
1755942276509 0.00035858154296875 0
1755942286550 0.0004127025604248047 0
1755942296583 0.0004305839538574219 0
1755942306615 0.00041294097900390625 0
1755942316650 0.00045990943908691406 0
1755942326686 0.0004048347473144531 0
1755942336720 0.00042247772216796875 0
1755942346755 0.00039267539978027344 0
1755942356789 0.00041174888610839844 0
1755942366824 0.0004000663757324219 0
1755942376858 0.0004177093505859375 0
1755942386901 0.0004127025604248047 0
1755942396935 0.00047969818115234375 0
1755942406975 0.0004146099090576172 0
1755942417013 0.00043654441833496094 0
1755942427049 0.0004165172576904297 0
1755942437084 0.0004112720489501953 0
1755942447121 0.00044798851013183594 0
1755942457157 0.00040650367736816406 0
1755942467195 0.0004589557647705078 0
1755942477232 0.0004105567932128906 0
1755942487264 0.00043201446533203125 0
1755942497299 0.0007214546203613281 0
1755942507335 0.0004241466522216797 0
1755942517371 0.0004100799560546875 0
1755942527406 0.0004248619079589844 0
1755942537440 0.0004520416259765625 0
1755942547473 0.0004220008850097656 0
1755942557509 0.00041937828063964844 0
1755942567553 0.00040078163146972656 0
1755942577589 0.0006256103515625 0
1755942587626 0.0004267692565917969 0
1755942597663 0.0004220008850097656 0
1755942607699 0.0003795623779296875 0
1755942617736 0.0004115104675292969 0
1755942627776 0.0004737377166748047 0
1755942637813 0.00041675567626953125 0
1755942647847 0.00041675567626953125 0
1755942657883 0.0004229545593261719 0
1755942667919 0.0003991127014160156 0
1755942677957 0.0004398822784423828 0
1755942687994 0.0004048347473144531 0
1755942698032 0.00042176246643066406 0
1755942708069 0.0004119873046875 0
1755942718107 0.0004115104675292969 0
1755942728146 0.0004131793975830078 0
1755942738183 0.00042057037353515625 0
1755942748224 0.0004303455352783203 0
1755942758258 0.0004184246063232422 0
1755942768299 0.0004203319549560547 0
1755942778332 0.0003540515899658203 0
1755942788378 0.00047326087951660156 0
1755942798420 0.0004382133483886719 0
1755942808456 0.00044846534729003906 0
1755942818530 0.00041103363037109375 0
1755942828569 0.00039696693420410156 0
1755942838606 0.00043487548828125 0
1755942848642 0.0004177093505859375 0
1755942858678 0.00041413307189941406 0
1755942868713 0.0004246234893798828 0
1755942878750 0.0004277229309082031 0
1755942888789 0.00039768218994140625 0
1755942898823 0.0004870891571044922 0
1755942908897 0.0004048347473144531 0
1755942918932 0.0003993511199951172 0
1755942928969 0.0004317760467529297 0
1755942939040 0.0003991127014160156 0
1755942949074 0.00048542022705078125 0
1755942959109 0.0004024505615234375 0
1755942969144 0.00039505958557128906 0
1755942979181 0.0003993511199951172 0
1755942989215 0.00040721893310546875 0
1755942999255 0.00040030479431152344 0
1755943009291 0.00042724609375 0
1755943019325 0.0004096031188964844 0
1755943029366 0.0004215240478515625 0
1755943039401 0.0004086494445800781 0
1755943049436 0.0005176067352294922 0
1755943059471 0.0004200935363769531 0
1755943069511 0.00041222572326660156 0
1755943079545 0.0004105567932128906 0
1755943089584 0.0003979206085205078 0
1755943099616 0.00042557716369628906 0
1755943109654 0.0004010200500488281 0
1755943119691 0.0004069805145263672 0
1755943129728 0.0003895759582519531 0
1755943139762 0.0004360675811767578 0
1755943149794 0.00040030479431152344 0
1755943159829 0.0004100799560546875 0
1755943169878 0.0005042552947998047 0
1755943179913 0.0004038810729980469 0
1755943189945 0.0004107952117919922 0
1755943199983 0.00041675567626953125 0
1755943210024 0.0004115104675292969 0
1755943220065 0.00040602684020996094 0
1755943230107 0.0004265308380126953 0
1755943240144 0.0004107952117919922 0
1755943250178 0.0004336833953857422 0
1755943260218 0.00042176246643066406 0
1755943270253 0.0004677772521972656 0
1755943280293 0.0004172325134277344 0
1755943290336 0.00037550926208496094 0
1755943300370 0.0004127025604248047 0
1755943310410 0.0004227161407470703 0
1755943320446 0.0004906654357910156 0
1755943330483 0.00037384033203125 0
1755943340518 0.0004181861877441406 0
1755943350558 0.00040602684020996094 0
1755943360594 0.0004410743713378906 0
1755943370629 0.0004620552062988281 0
1755943380667 0.0004150867462158203 0
1755943390703 0.0004298686981201172 0
1755943400735 0.0004057884216308594 0
1755943410770 0.0004267692565917969 0
1755943420806 0.0004107952117919922 0
1755943430843 0.0004277229309082031 0
1755943440878 0.00039577484130859375 0
1755943450915 0.0004074573516845703 0
1755943460951 0.0004138946533203125 0
1755943470984 0.00041103363037109375 0
1755943481022 0.0004096031188964844 0
1755943491057 0.0004191398620605469 0
1755943501090 0.000423431396484375 0
1755943511126 0.00042510032653808594 0
1755943521164 0.0004165172576904297 0
1755943531203 0.00041222572326660156 0
1755943541245 0.00045037269592285156 0
1755943551283 0.0004100799560546875 0
1755943561319 0.0005106925964355469 0
1755943571356 0.0004050731658935547 0
1755943581389 0.000423431396484375 0
1755943591425 0.0004315376281738281 0
1755943601461 0.00041604042053222656 0
1755943611496 0.0004131793975830078 0
1755943621535 0.0004150867462158203 0
1755943631572 0.00041103363037109375 0
1755943641607 0.00041103363037109375 0
1755943651655 0.0004105567932128906 0
1755943661688 0.00042724609375 0
1755943671724 0.0004239082336425781 0
1755943681758 0.0004191398620605469 0
1755943691795 0.0004096031188964844 0
1755943701840 0.000457763671875 0
1755943711884 0.00042128562927246094 0
1755943721921 0.0005052089691162109 0
1755943731956 0.0004773139953613281 0
1755943741996 0.0004639625549316406 0
1755943752030 0.0004138946533203125 0
1755943762104 0.00041675567626953125 0
1755943772148 0.0004253387451171875 0
1755943782183 0.0005388259887695312 0
1755943792221 0.0004184246063232422 0
1755943802258 0.000423431396484375 0
1755943812296 0.00041103363037109375 0
1755943822331 0.0004107952117919922 0
1755943832374 0.00040531158447265625 0
1755943842410 0.0004189014434814453 0
1755943852446 0.0004029273986816406 0
1755943862479 0.00035762786865234375 0
1755943872513 0.00041031837463378906 0
1755943882552 0.00042557716369628906 0
1755943892591 0.00042819976806640625 0
1755943902625 0.000415802001953125 0
1755943912661 0.00041484832763671875 0
1755943922697 0.0004286766052246094 0
1755943932731 0.0004210472106933594 0
1755943942773 0.0004115104675292969 0
1755943952812 0.00042700767517089844 0
1755943962847 0.00043129920959472656 0
1755943972887 0.00038170814514160156 0
1755943982922 0.00043082237243652344 0
1755943992963 0.0004093647003173828 0
1755944003001 0.00041866302490234375 0
1755944013036 0.0004086494445800781 0
1755944023074 0.0004239082336425781 0
1755944033108 0.0004227161407470703 0
1755944043143 0.0004336833953857422 0
1755944053178 0.00042057037353515625 0
1755944063215 0.00043654441833496094 0
1755944073250 0.00043392181396484375 0
1755944083290 0.0004124641418457031 0
1755944093327 0.0004222393035888672 0
1755944103363 0.0003960132598876953 0
1755944113398 0.00044035911560058594 0
1755944123436 0.00043272972106933594 0
1755944133471 0.0004062652587890625 0
1755944143509 0.0004925727844238281 0
1755944153545 0.0004229545593261719 0
1755944163585 0.00041484832763671875 0
1755944173620 0.0003676414489746094 0
1755944183657 0.0004241466522216797 0
1755944193691 0.00042891502380371094 0
1755944203726 0.00043129920959472656 0
1755944213764 0.00039887428283691406 0
1755944223800 0.0004227161407470703 0
1755944233836 0.0004360675811767578 0
1755944243872 0.0004124641418457031 0
1755944253908 0.00042724609375 0
1755944263948 0.0004296302795410156 0
1755944273982 0.000423431396484375 0
1755944284021 0.0004181861877441406 0
1755944294057 0.00041174888610839844 0
1755944304094 0.00041556358337402344 0
1755944314131 0.00042438507080078125 0
1755944324165 0.0004267692565917969 0
1755944334204 0.0004260540008544922 0
1755944344281 0.0004286766052246094 0
1755944354325 0.0004115104675292969 0
1755944364361 0.00040435791015625 0
1755944374397 0.00040459632873535156 0
1755944384439 0.0004036426544189453 0
1755944394472 0.0004241466522216797 0
1755944404505 0.000560760498046875 0
1755944414544 0.0004515647888183594 0
1755944424583 0.0004868507385253906 0
1755944434622 0.00040912628173828125 0
1755944444656 0.00041103363037109375 0
1755944454691 0.0004010200500488281 0
1755944464723 0.00041556358337402344 0
1755944474760 0.0004150867462158203 0
1755944484800 0.0004107952117919922 0
1755944494840 0.0004189014434814453 0
1755944504876 0.00041294097900390625 0
1755944514912 0.00040030479431152344 0
1755944524954 0.0004153251647949219 0
1755944534990 0.0004184246063232422 0
1755944545022 0.00040411949157714844 0
1755944555064 0.0004115104675292969 0
1755944565100 0.00047707557678222656 0
1755944575135 0.0004322528839111328 0
1755944585172 0.00041413307189941406 0
1755944595213 0.0004258155822753906 0
1755944605249 0.0004153251647949219 0
1755944615290 0.0004284381866455078 0
1755944625329 0.0004112720489501953 0
1755944635366 0.00040602684020996094 0
1755944645405 0.00042724609375 0
1755944655442 0.00047516822814941406 0
1755944665479 0.00041937828063964844 0
1755944675518 0.00041866302490234375 0
1755944685552 0.00042700767517089844 0
1755944695589 0.0004124641418457031 0
1755944705630 0.0004260540008544922 0
1755944715668 0.0004024505615234375 0
1755944725701 0.00041937828063964844 0
1755944735737 0.0005095005035400391 0
1755944745772 0.00044655799865722656 0
1755944755810 0.00042366981506347656 0
1755944765843 0.0003924369812011719 0
1755944775885 0.0004482269287109375 0
1755944785923 0.0004119873046875 0
1755944795959 0.0004181861877441406 0
1755944805993 0.0004036426544189453 0
1755944816029 0.000400543212890625 0
1755944826067 0.00041294097900390625 0
1755944836103 0.0004253387451171875 0
1755944846137 0.0004055500030517578 0
1755944856175 0.00041294097900390625 0
1755944866212 0.0004172325134277344 0
1755944876251 0.0004324913024902344 0
1755944886287 0.0004181861877441406 0
1755944896323 0.0004265308380126953 0
1755944906364 0.00039768218994140625 0
1755944916400 0.000400543212890625 0
1755944926434 0.0004241466522216797 0
1755944936471 0.00041484832763671875 0
1755944946508 0.0004851818084716797 0
1755944956544 0.0004074573516845703 0
1755944966585 0.00036406517028808594 0
1755944976620 0.000415802001953125 0
1755944986656 0.00042438507080078125 0
1755944996691 0.00041675567626953125 0
1755945006726 0.00040984153747558594 0
1755945016762 0.00041294097900390625 0
1755945026797 0.00043892860412597656 0
1755945036837 0.0004222393035888672 0
1755945046869 0.00042819976806640625 0
1755945056902 0.0004050731658935547 0
1755945066939 0.00040912628173828125 0
1755945076975 0.0004239082336425781 0
1755945087013 0.00040721893310546875 0
1755945097047 0.00041484832763671875 0
1755945107093 0.0004134178161621094 0
1755945117128 0.0003993511199951172 0
1755945127167 0.00040030479431152344 0
1755945137207 0.00040268898010253906 0
1755945147243 0.0003941059112548828 0
1755945157314 0.00041174888610839844 0
1755945167349 0.0004458427429199219 0
1755945177387 0.00041413307189941406 0
1755945187428 0.0003783702850341797 0
1755945197467 0.0004246234893798828 0
1755945207500 0.0004074573516845703 0
1755945217536 0.0003905296325683594 0
1755945227616 0.000553131103515625 0
1755945237671 0.0005624294281005859 0
1755945247708 0.0005099773406982422 0
1755945257747 0.00045943260192871094 0
1755945267782 0.0004329681396484375 0
1755945277822 0.00043392181396484375 0
1755945287859 0.0004146099090576172 0
1755945297896 0.0004277229309082031 0
1755945307933 0.0005974769592285156 0
1755945317970 0.0004622936248779297 0
1755945328013 0.0008134841918945312 0
1755945338052 0.00043892860412597656 0
1755945348110 0.0005786418914794922 0
1755945358146 0.0008676052093505859 0
1755945368183 0.00039577484130859375 0
1755945378219 0.0004298686981201172 0
1755945388295 0.0007305145263671875 0
1755945398332 0.0005357265472412109 0
1755945408368 0.0005991458892822266 0
1755945418402 0.0008378028869628906 0
1755945428439 0.0003619194030761719 0
1755945438472 0.00044274330139160156 0
1755945448504 0.00041866302490234375 0
1755945458550 0.00038504600524902344 0
1755945468588 0.0004017353057861328 0
1755945478623 0.00043654441833496094 0
1755945488660 0.0004112720489501953 0
1755945498697 0.00042438507080078125 0
1755945508733 0.0004162788391113281 0
1755945518776 0.00041103363037109375 0
1755945528812 0.0003864765167236328 0
1755945538861 0.0004131793975830078 0
1755945548896 0.0004105567932128906 0
1755945558939 0.00038909912109375 0
1755945568973 0.00042510032653808594 0
1755945579014 0.00038123130798339844 0
1755945589049 0.0004069805145263672 0
1755945599088 0.00041794776916503906 0
1755945609124 0.0004200935363769531 0
1755945619161 0.0004284381866455078 0
1755945629199 0.0004317760467529297 0
1755945639233 0.0004336833953857422 0
1755945649271 0.00042629241943359375 0
1755945659313 0.0004286766052246094 0
1755945669348 0.00040650367736816406 0
1755945679381 0.0004146099090576172 0
1755945689415 0.0004341602325439453 0
1755945699450 0.0004127025604248047 0
1755945709483 0.0004029273986816406 0
1755945719519 0.0004038810729980469 0
1755945729554 0.00043201446533203125 0
1755945739590 0.00047016143798828125 0
1755945749629 0.00038909912109375 0
1755945759668 0.0004150867462158203 0
1755945769706 0.0004119873046875 0
1755945779742 0.0004220008850097656 0
1755945789781 0.0004029273986816406 0
1755945799815 0.00042700767517089844 0
1755945809846 0.0004394054412841797 0
1755945819879 0.0004591941833496094 0
1755945829916 0.00040149688720703125 0
1755945839953 0.0004184246063232422 0
1755945849990 0.00042176246643066406 0
1755945860031 0.0004279613494873047 0
1755945870065 0.0004112720489501953 0
1755945880105 0.0004177093505859375 0
1755945890140 0.0004076957702636719 0
1755945900175 0.0003871917724609375 0
1755945910211 0.0003943443298339844 0
1755945920246 0.0004100799560546875 0
1755945930282 0.0004203319549560547 0
1755945940317 0.00040912628173828125 0
1755945950350 0.000396728515625 0
1755945960386 0.0004229545593261719 0
1755945970424 0.0004153251647949219 0
1755945980462 0.0004124641418457031 0
1755945990495 0.0004119873046875 0
1755946000529 0.00041484832763671875 0
1755946010563 0.0004394054412841797 0
1755946020597 0.000423431396484375 0
1755946030634 0.00043964385986328125 0
1755946040671 0.00041604042053222656 0
1755946050704 0.0004203319549560547 0
1755946060739 0.0004456043243408203 0
1755946070772 0.0004222393035888672 0
1755946080808 0.00045800209045410156 0
1755946090845 0.0004143714904785156 0
1755946100877 0.00041937828063964844 0
1755946110913 0.00041103363037109375 0
1755946120948 0.0004246234893798828 0
1755946130983 0.0004546642303466797 0
1755946141023 0.0004100799560546875 0
1755946151058 0.0004315376281738281 0
1755946161091 0.0004265308380126953 0
1755946171124 0.00041413307189941406 0
1755946181159 0.0004138946533203125 0
1755946191193 0.0004115104675292969 0
1755946201229 0.0004248619079589844 0
1755946211266 0.0004184246063232422 0
1755946221300 0.00041961669921875 0
1755946231336 0.0005035400390625 0
1755946241376 0.0004067420959472656 0
1755946251411 0.00043892860412597656 0
1755946261447 0.0004010200500488281 0
1755946271485 0.0004189014434814453 0
1755946281524 0.0003972053527832031 0
1755946291559 0.0004031658172607422 0
1755946301594 0.0004277229309082031 0
1755946311626 0.0004177093505859375 0
1755946321661 0.0004050731658935547 0
1755946331696 0.00043320655822753906 0
1755946341731 0.000415802001953125 0
1755946351769 0.00043511390686035156 0
1755946361805 0.0004024505615234375 0
1755946371839 0.00040650367736816406 0
1755946381875 0.000415802001953125 0
1755946391917 0.0004107952117919922 0
1755946401956 0.0004057884216308594 0
1755946411995 0.00039577484130859375 0
1755946422030 0.00042176246643066406 0
1755946432067 0.0004181861877441406 0
1755946442102 0.0004260540008544922 0
1755946452139 0.0004229545593261719 0
1755946462177 0.0004401206970214844 0
1755946472216 0.00040721893310546875 0
1755946482257 0.0004153251647949219 0
1755946492294 0.0003807544708251953 0
1755946502328 0.0004146099090576172 0
1755946512365 0.0004324913024902344 0
1755946522400 0.00041675567626953125 0
1755946532436 0.000415802001953125 0
1755946542473 0.0004069805145263672 0
1755946552508 0.0004105567932128906 0
1755946562546 0.00040459632873535156 0
1755946572585 0.0004932880401611328 0
1755946582622 0.00040650367736816406 0
1755946592656 0.0004146099090576172 0
1755946602690 0.000396728515625 0
1755946612725 0.0004143714904785156 0
1755946622764 0.0004246234893798828 0
1755946632799 0.00041604042053222656 0
1755946642833 0.00041961669921875 0
1755946652874 0.0004115104675292969 0
1755946662913 0.0006003379821777344 0
1755946672953 0.0004096031188964844 0
1755946682991 0.0004966259002685547 0
1755946693025 0.00043511390686035156 0
1755946703059 0.0004107952117919922 0
1755946713094 0.0004277229309082031 0
1755946723128 0.0004055500030517578 0
1755946733164 0.00040459632873535156 0
1755946743201 0.0004131793975830078 0
1755946753239 0.00040459632873535156 0
1755946763275 0.00041294097900390625 0
1755946773312 0.0004210472106933594 0
1755946783349 0.00042366981506347656 0
1755946793385 0.0004353523254394531 0
1755946803420 0.0004329681396484375 0
1755946813459 0.0004169940948486328 0
1755946823496 0.00039649009704589844 0
1755946833533 0.0003998279571533203 0
1755946843568 0.0005011558532714844 0
1755946853605 0.0003809928894042969 0
1755946863642 0.00040650367736816406 0
1755946873676 0.0004112720489501953 0
1755946883712 0.0004222393035888672 0
1755946893748 0.00040459632873535156 0
1755946903782 0.0004277229309082031 0
1755946913819 0.00040721893310546875 0
1755946923854 0.0004208087921142578 0
1755946933889 0.0004069805145263672 0
1755946943924 0.00042247772216796875 0
1755946953958 0.0004069805145263672 0
1755946963994 0.00041794776916503906 0
1755946974032 0.00047469139099121094 0
1755946984067 0.0003979206085205078 0
1755946994110 0.00043082237243652344 0
1755947004146 0.0004029273986816406 0
1755947014184 0.00039386749267578125 0
1755947024224 0.000377655029296875 0
1755947034257 0.00041985511779785156 0
1755947044292 0.00042319297790527344 0
1755947054328 0.0004055500030517578 0
1755947064366 0.0004086494445800781 0
1755947074405 0.0004119873046875 0
1755947084439 0.00040435791015625 0
1755947094474 0.0004143714904785156 0
1755947104509 0.0004105567932128906 0
1755947114548 0.0004191398620605469 0
1755947124582 0.00041222572326660156 0
1755947134619 0.0004031658172607422 0
1755947144660 0.0004069805145263672 0
1755947154702 0.0004241466522216797 0
1755947164737 0.0004229545593261719 0
1755947174774 0.00040984153747558594 0
1755947184817 0.0004286766052246094 0
1755947194854 0.00041556358337402344 0
1755947204891 0.0005099773406982422 0
1755947214926 0.0004394054412841797 0
1755947224963 0.0004134178161621094 0
1755947235000 0.0004279613494873047 0
1755947245039 0.0004303455352783203 0
1755947255101 0.0004322528839111328 0
1755947265140 0.0004298686981201172 0
1755947275184 0.0005064010620117188 0
1755947285223 0.0005052089691162109 0
1755947295258 0.00042557716369628906 0
1755947305295 0.0004267692565917969 0
1755947315328 0.00042748451232910156 0
1755947325365 0.00041413307189941406 0
1755947335404 0.00043511390686035156 0
1755947345436 0.00043201446533203125 0
1755947355471 0.0004057884216308594 0
1755947365505 0.0003979206085205078 0
1755947375541 0.0004191398620605469 0
1755947385581 0.0004227161407470703 0
1755947395618 0.0004115104675292969 0
1755947405654 0.00039887428283691406 0
1755947415694 0.0004172325134277344 0
1755947425730 0.0004379749298095703 0
1755947435768 0.0004076957702636719 0
1755947445804 0.0004191398620605469 0
1755947455845 0.0004000663757324219 0
1755947465881 0.0005776882171630859 0
1755947475917 0.00043702125549316406 0
1755947485955 0.0005922317504882812 0
1755947495994 0.0004954338073730469 0
1755947506029 0.0004305839538574219 0
1755947516065 0.0005514621734619141 0
1755947526107 0.00042724609375 0
1755947536138 0.00041604042053222656 0
1755947546171 0.00042724609375 0
1755947556202 0.0004222393035888672 0
1755947566244 0.0004405975341796875 0
1755947576282 0.0004127025604248047 0
1755947586326 0.00040411949157714844 0
1755947596362 0.0004107952117919922 0
1755947606396 0.00041365623474121094 0
1755947616430 0.0004372596740722656 0
1755947626464 0.00041174888610839844 0
1755947636503 0.00041866302490234375 0
1755947646542 0.0004341602325439453 0
1755947656579 0.0004115104675292969 0
1755947666614 0.00042891502380371094 0
1755947676649 0.00043654441833496094 0
1755947686685 0.00040793418884277344 0
1755947696722 0.0004088878631591797 0
1755947706758 0.0004131793975830078 0
1755947716797 0.00040340423583984375 0
1755947726836 0.0004115104675292969 0
1755947736872 0.0004401206970214844 0
1755947746906 0.0004324913024902344 0
1755947756941 0.0004329681396484375 0
1755947766976 0.000431060791015625 0
1755947777012 0.00043010711669921875 0
1755947787046 0.0004181861877441406 0
1755947797083 0.0004253387451171875 0
1755947807120 0.0004050731658935547 0
1755947817155 0.00041556358337402344 0
1755947827193 0.0004303455352783203 0
1755947837227 0.0004150867462158203 0
1755947847262 0.00040984153747558594 0
1755947857299 0.0004153251647949219 0
1755947867339 0.00041937828063964844 0
1755947877375 0.000408172607421875 0
1755947887415 0.0004057884216308594 0
1755947897448 0.0005223751068115234 0
1755947907487 0.0004012584686279297 0
1755947917522 0.0003993511199951172 0
1755947927560 0.00040602684020996094 0
1755947937595 0.0004088878631591797 0
1755947947632 0.0004010200500488281 0
1755947957672 0.0004012584686279297 0
1755947967713 0.00041294097900390625 0
1755947977750 0.00040793418884277344 0
1755947987792 0.00044226646423339844 0
1755947997826 0.0004239082336425781 0
1755948007862 0.0004203319549560547 0
1755948017897 0.00043487548828125 0
1755948027929 0.0003986358642578125 0
1755948037964 0.0004279613494873047 0
1755948048002 0.00047969818115234375 0
1755948058038 0.0004343986511230469 0
1755948068076 0.00039315223693847656 0
1755948078112 0.0004341602325439453 0
1755948088152 0.000408172607421875 0
1755948098188 0.0004208087921142578 0
1755948108221 0.00041031837463378906 0
1755948118255 0.00039887428283691406 0
1755948128293 0.0003859996795654297 0
1755948138328 0.0004019737243652344 0
1755948148366 0.00041604042053222656 0
1755948158399 0.00041365623474121094 0
1755948168434 0.0005049705505371094 0
1755948178470 0.00044846534729003906 0
1755948188507 0.0004181861877441406 0
1755948198542 0.0004932880401611328 0
1755948208577 0.0004169940948486328 0
1755948218614 0.00044083595275878906 0
1755948228655 0.0004260540008544922 0
1755948238690 0.00040841102600097656 0
1755948248726 0.00042438507080078125 0
1755948258763 0.0004284381866455078 0
1755948268799 0.0004127025604248047 0
1755948278835 0.0004317760467529297 0
1755948288872 0.0003905296325683594 0
1755948298913 0.0004127025604248047 0
1755948308952 0.0004222393035888672 0
1755948318987 0.0004885196685791016 0
1755948329023 0.0004813671112060547 0
1755948339058 0.00048279762268066406 0
1755948349095 0.0004131793975830078 0
1755948359132 0.0004296302795410156 0
1755948369167 0.0004115104675292969 0
1755948379203 0.0004279613494873047 0
1755948389238 0.00043010711669921875 0
1755948399273 0.0004203319549560547 0
1755948409311 0.00042438507080078125 0
1755948419348 0.00040030479431152344 0
1755948429385 0.0004165172576904297 0
1755948439423 0.0004093647003173828 0
1755948449497 0.0004401206970214844 0
1755948459532 0.00046181678771972656 0
1755948469571 0.00038051605224609375 0
1755948479607 0.0004341602325439453 0
1755948489644 0.0006909370422363281 0
1755948499680 0.000423431396484375 0
1755948509716 0.0003972053527832031 0
1755948519749 0.0004401206970214844 0
1755948529785 0.00040411949157714844 0
1755948539821 0.0004010200500488281 0
1755948549856 0.0004210472106933594 0
1755948559895 0.0004279613494873047 0
1755948569969 0.0004324913024902344 0
1755948580011 0.0004134178161621094 0
1755948590046 0.000392913818359375 0
1755948600080 0.00041794776916503906 0
1755948610117 0.0004291534423828125 0
1755948620191 0.00046539306640625 0
1755948630227 0.00042629241943359375 0
1755948640266 0.00043487548828125 0
1755948650301 0.0004029273986816406 0
1755948660340 0.0004241466522216797 0
1755948670376 0.0004324913024902344 0
1755948680412 0.00040912628173828125 0
1755948690450 0.0004112720489501953 0
1755948700485 0.0003638267517089844 0
1755948710523 0.000415802001953125 0
1755948720557 0.0004220008850097656 0
1755948730594 0.0004222393035888672 0
1755948740631 0.000396728515625 0
1755948750672 0.00039649009704589844 0
1755948760708 0.0004258155822753906 0
1755948770745 0.0004050731658935547 0
1755948780786 0.0003910064697265625 0
1755948790825 0.0004000663757324219 0
1755948800860 0.0004127025604248047 0
1755948810896 0.0004343986511230469 0
1755948820933 0.00040793418884277344 0
1755948830968 0.0004150867462158203 0
1755948841003 0.000408172607421875 0
1755948851042 0.0004584789276123047 0
1755948861076 0.0004673004150390625 0
1755948871111 0.00041031837463378906 0
1755948881148 0.00042748451232910156 0
1755948891185 0.0004379749298095703 0
1755948901219 0.0004353523254394531 0
1755948911259 0.0004601478576660156 0
1755948921295 0.0004100799560546875 0
1755948931335 0.00041294097900390625 0
1755948941374 0.0004036426544189453 0
1755948951410 0.00039386749267578125 0
1755948961445 0.0004868507385253906 0
1755948971481 0.0004220008850097656 0
1755948981519 0.0004010200500488281 0
1755948991555 0.00043082237243652344 0
1755949001590 0.0004093647003173828 0
1755949011627 0.00040721893310546875 0
1755949021665 0.00040078163146972656 0
1755949031704 0.00043582916259765625 0
1755949041740 0.0004429817199707031 0
1755949051777 0.00042939186096191406 0
1755949061812 0.0004150867462158203 0
1755949071853 0.00043892860412597656 0
1755949081887 0.00040602684020996094 0
1755949091923 0.0003981590270996094 0
1755949101959 0.000400543212890625 0
1755949111994 0.0004923343658447266 0
1755949122031 0.00039958953857421875 0
1755949132065 0.00041222572326660156 0
1755949142101 0.0004019737243652344 0
1755949152138 0.0004119873046875 0
1755949162173 0.0004680156707763672 0
1755949172207 0.0004220008850097656 0
1755949182243 0.00042939186096191406 0
1755949192285 0.0004112720489501953 0
1755949202324 0.0003960132598876953 0
1755949212361 0.0004074573516845703 0
1755949222397 0.0003974437713623047 0
1755949232432 0.0004131793975830078 0
1755949242469 0.0004127025604248047 0
1755949252510 0.00048089027404785156 0
1755949262545 0.00041103363037109375 0
1755949272582 0.0004150867462158203 0
1755949282615 0.0004191398620605469 0
1755949292655 0.00047516822814941406 0
1755949302691 0.0004298686981201172 0
1755949312727 0.00041937828063964844 0
1755949322764 0.00042128562927246094 0
1755949332802 0.00045490264892578125 0
1755949342842 0.0004286766052246094 0
1755949352880 0.0003974437713623047 0
1755949362916 0.0004374980926513672 0
1755949372953 0.00042724609375 0
1755949383024 0.0004162788391113281 0
1755949393061 0.0004363059997558594 0
1755949403097 0.00042247772216796875 0
1755949413132 0.00040268898010253906 0
1755949423170 0.0004220008850097656 0
1755949433208 0.0004978179931640625 0
1755949443244 0.00041556358337402344 0
1755949453283 0.0004127025604248047 0
1755949463319 0.000553131103515625 0
1755949473352 0.00040149688720703125 0
1755949483387 0.0003998279571533203 0
1755949493423 0.00040912628173828125 0
1755949503459 0.0004172325134277344 0
1755949513493 0.00043845176696777344 0
1755949523529 0.0004279613494873047 0
1755949533564 0.0004057884216308594 0
1755949543599 0.00040459632873535156 0
1755949553639 0.00042748451232910156 0
1755949563673 0.0004258155822753906 0
1755949573707 0.0004036426544189453 0
1755949583743 0.0004291534423828125 0
1755949593780 0.0004191398620605469 0
1755949603813 0.00046539306640625 0
1755949613848 0.0004153251647949219 0
1755949623890 0.000396728515625 0
1755949633930 0.00042629241943359375 0
1755949643965 0.0004210472106933594 0
1755949654001 0.00040793418884277344 0
1755949664038 0.0004191398620605469 0
1755949674075 0.0004150867462158203 0
1755949684113 0.0004127025604248047 0
1755949694148 0.00041174888610839844 0
1755949704185 0.00042891502380371094 0
1755949714220 0.0004134178161621094 0
1755949724255 0.0004322528839111328 0
1755949734292 0.00041604042053222656 0
1755949744329 0.00041747093200683594 0
1755949754366 0.00040149688720703125 0
1755949764402 0.0004127025604248047 0
1755949774437 0.0004100799560546875 0
1755949784475 0.00040602684020996094 0
1755949794510 0.0004067420959472656 0
1755949804549 0.000396728515625 0
1755949814586 0.000408172607421875 0
1755949824622 0.00046539306640625 0
1755949834662 0.0004069805145263672 0
1755949844706 0.00042057037353515625 0
1755949854744 0.00041961669921875 0
1755949864780 0.00040602684020996094 0
1755949874861 0.0004849433898925781 0
1755949884899 0.0003952980041503906 0
1755949894935 0.0004162788391113281 0
1755949904972 0.0004291534423828125 0
1755949915008 0.0004215240478515625 0
1755949925043 0.0003886222839355469 0
1755949935080 0.0004608631134033203 0
1755949945116 0.000431060791015625 0
1755949955152 0.0003986358642578125 0
1755949965188 0.0004150867462158203 0
1755949975221 0.0004105567932128906 0
1755949985257 0.0004818439483642578 0
1755949995297 0.00041937828063964844 0
1755950005337 0.0004105567932128906 0
1755950015372 0.0004055500030517578 0
1755950025410 0.0003979206085205078 0
1755950035447 0.0004508495330810547 0
1755950045480 0.0004134178161621094 0
1755950055518 0.00041937828063964844 0
1755950065555 0.00043654441833496094 0
1755950075591 0.0004322528839111328 0
1755950085631 0.0004189014434814453 0
1755950095667 0.00038123130798339844 0
1755950105702 0.0004096031188964844 0
1755950115734 0.00041937828063964844 0
1755950125768 0.0004582405090332031 0
1755950135810 0.00040435791015625 0
1755950145847 0.0004286766052246094 0
1755950155885 0.00042057037353515625 0
1755950165920 0.00040149688720703125 0
1755950175959 0.0004177093505859375 0
1755950186002 0.0004184246063232422 0
1755950196041 0.0004680156707763672 0
1755950206077 0.0004780292510986328 0
1755950216113 0.0003979206085205078 0
1755950226149 0.0004181861877441406 0
1755950236190 0.0003933906555175781 0
1755950246227 0.0004112720489501953 0
1755950256269 0.0004208087921142578 0
1755950266306 0.0004112720489501953 0
1755950276343 0.0004181861877441406 0
1755950286382 0.00040030479431152344 0
1755950296416 0.0004248619079589844 0
1755950306452 0.00042366981506347656 0
1755950316488 0.0004143714904785156 0
1755950326525 0.00042557716369628906 0
1755950336561 0.0004076957702636719 0
1755950346597 0.0004169940948486328 0
1755950356635 0.0004258155822753906 0
1755950366667 0.000423431396484375 0
1755950376700 0.0004184246063232422 0
1755950386739 0.0004105567932128906 0
1755950396781 0.0004138946533203125 0
1755950406816 0.00041484832763671875 0
1755950416853 0.0004107952117919922 0
1755950426892 0.0004227161407470703 0
1755950436934 0.0004241466522216797 0
1755950446971 0.0004000663757324219 0
1755950457008 0.00041556358337402344 0
1755950467048 0.0004203319549560547 0
1755950477084 0.0004425048828125 0
1755950487120 0.0003905296325683594 0
1755950497153 0.00042819976806640625 0
1755950507190 0.00041484832763671875 0
1755950517225 0.00041413307189941406 0
1755950527265 0.0004086494445800781 0
1755950537302 0.00041937828063964844 0
1755950547343 0.0004134178161621094 0
1755950557376 0.0004222393035888672 0
1755950567411 0.00040435791015625 0
1755950577447 0.0004432201385498047 0
1755950587483 0.00043010711669921875 0
1755950597518 0.00042724609375 0
1755950607554 0.00039958953857421875 0
1755950617590 0.00040531158447265625 0
1755950627627 0.00041365623474121094 0
1755950637664 0.00039958953857421875 0
1755950647699 0.00040984153747558594 0
1755950657743 0.0004050731658935547 0
1755950667779 0.0004870891571044922 0
1755950677811 0.00041222572326660156 0
1755950687846 0.0004172325134277344 0
1755950697885 0.00042724609375 0
1755950707919 0.0003986358642578125 0
1755950717955 0.0004019737243652344 0
1755950727992 0.0004420280456542969 0
1755950738026 0.0004265308380126953 0
1755950748064 0.00041604042053222656 0
1755950758097 0.0004107952117919922 0
1755950768132 0.0004227161407470703 0
1755950778169 0.0004069805145263672 0
1755950788208 0.0004153251647949219 0
1755950798243 0.0004029273986816406 0
1755950808276 0.0004036426544189453 0
1755950818312 0.0004515647888183594 0
1755950828345 0.0004138946533203125 0
1755950838382 0.0003943443298339844 0
1755950848420 0.0004131793975830078 0
1755950858457 0.0004115104675292969 0
1755950868495 0.0004336833953857422 0
1755950878530 0.0004265308380126953 0
1755950888569 0.0004181861877441406 0
1755950898605 0.0004096031188964844 0
1755950908641 0.0004115104675292969 0
1755950918677 0.0004143714904785156 0
1755950928752 0.00040411949157714844 0
1755950938825 0.0004208087921142578 0
1755950948861 0.00039005279541015625 0
1755950958898 0.0004105567932128906 0
1755950968934 0.000431060791015625 0
1755950978970 0.00041103363037109375 0
1755950989006 0.0004208087921142578 0
1755950999041 0.0004115104675292969 0
1755951009077 0.00041866302490234375 0
1755951019111 0.0004284381866455078 0
1755951029148 0.00041985511779785156 0
1755951039182 0.0004258155822753906 0
1755951049219 0.0004177093505859375 0
1755951059260 0.0004062652587890625 0
1755951069298 0.00044083595275878906 0
1755951079335 0.0003993511199951172 0
1755951089373 0.0004343986511230469 0
1755951099407 0.0004222393035888672 0
1755951109445 0.0004317760467529297 0
1755951119479 0.00040531158447265625 0
1755951129516 0.000438690185546875 0
1755951139556 0.00040602684020996094 0
1755951149593 0.0004210472106933594 0
1755951159628 0.0004942417144775391 0
1755951169666 0.00041484832763671875 0
1755951179701 0.00041866302490234375 0
1755951189737 0.0004317760467529297 0
1755951199770 0.00041031837463378906 0
1755951209814 0.0004124641418457031 0
1755951219852 0.0004131793975830078 0
1755951229887 0.0004258155822753906 0
1755951239924 0.00042319297790527344 0
1755951249958 0.00044083595275878906 0
1755951259993 0.0004069805145263672 0
1755951270026 0.0004718303680419922 0
1755951280061 0.00041866302490234375 0
1755951290096 0.0004124641418457031 0
1755951300131 0.00041675567626953125 0
1755951310169 0.0004076957702636719 0
1755951320205 0.00042247772216796875 0
1755951330243 0.00041484832763671875 0
1755951340277 0.0004379749298095703 0
1755951350316 0.0004992485046386719 0
1755951360354 0.000408172607421875 0
1755951370398 0.0004458427429199219 0
1755951380433 0.0003962516784667969 0
1755951390468 0.0004208087921142578 0
1755951400503 0.0004379749298095703 0
1755951410542 0.00040411949157714844 0
1755951420578 0.000446319580078125 0
1755951430613 0.00044727325439453125 0
1755951440652 0.0004086494445800781 0
1755951450688 0.000423431396484375 0
1755951460724 0.000446319580078125 0
1755951470761 0.0004825592041015625 0
1755951480796 0.00040268898010253906 0
1755951490830 0.0004177093505859375 0
1755951500865 0.0004146099090576172 0
1755951510904 0.0004024505615234375 0
1755951520944 0.0003952980041503906 0
1755951530981 0.00041222572326660156 0
1755951541015 0.00041484832763671875 0
1755951551049 0.00043201446533203125 0
1755951561085 0.0004324913024902344 0
1755951571122 0.0003979206085205078 0
1755951581156 0.0004420280456542969 0
1755951591191 0.0004107952117919922 0
1755951601230 0.0004050731658935547 0
1755951611268 0.0004153251647949219 0
1755951621304 0.0004172325134277344 0
1755951631337 0.0004620552062988281 0
1755951641375 0.00039076805114746094 0
1755951651413 0.0004429817199707031 0
1755951661447 0.00041222572326660156 0
1755951671487 0.0004413127899169922 0
1755951681524 0.00042819976806640625 0
1755951691561 0.00046563148498535156 0
1755951701596 0.00040459632873535156 0
1755951711632 0.0004031658172607422 0
1755951721666 0.0004401206970214844 0
1755951731698 0.0004153251647949219 0
1755951741733 0.0004248619079589844 0
1755951751768 0.00041222572326660156 0
1755951761807 0.00041103363037109375 0
1755951771848 0.0004131793975830078 0
1755951781882 0.0004315376281738281 0
1755951791919 0.0004143714904785156 0
1755951801957 0.0004000663757324219 0
1755951811992 0.0004048347473144531 0
1755951822032 0.00040912628173828125 0
1755951832065 0.0004687309265136719 0
1755951842116 0.00041294097900390625 0
1755951852154 0.00042748451232910156 0
1755951862189 0.0004317760467529297 0
1755951872225 0.0004343986511230469 0
1755951882262 0.00043082237243652344 0
1755951892296 0.00042128562927246094 0
1755951902335 0.000400543212890625 0
1755951912372 0.00041985511779785156 0
1755951922405 0.00039958953857421875 0
1755951932444 0.00040721893310546875 0
1755951942484 0.00038504600524902344 0
1755951952518 0.00044536590576171875 0
1755951962557 0.00041222572326660156 0
1755951972590 0.00041675567626953125 0
1755951982625 0.0004057884216308594 0
1755951992665 0.00041413307189941406 0
1755952002701 0.00045752525329589844 0
1755952012738 0.00040030479431152344 0
1755952022772 0.0004038810729980469 0
1755952032811 0.0004100799560546875 0
1755952042846 0.0004248619079589844 0
1755952052886 0.0003960132598876953 0
1755952062928 0.0004074573516845703 0
1755952072963 0.0004086494445800781 0
1755952082998 0.00041174888610839844 0
1755952093032 0.00042438507080078125 0
1755952103073 0.00039649009704589844 0
1755952113107 0.0004661083221435547 0
1755952123145 0.00040531158447265625 0
1755952133179 0.00041294097900390625 0
1755952143213 0.0003886222839355469 0
1755952153249 0.0004012584686279297 0
1755952163287 0.00042319297790527344 0
1755952173322 0.0004248619079589844 0
1755952183357 0.0004146099090576172 0
1755952193394 0.0004105567932128906 0
1755952203429 0.0004029273986816406 0
1755952213463 0.00042057037353515625 0
1755952223501 0.0004241466522216797 0
1755952233536 0.0004222393035888672 0
1755952243571 0.0004038810729980469 0
1755952253607 0.0004131793975830078 0
1755952263642 0.0004036426544189453 0
1755952273675 0.0004780292510986328 0
1755952283714 0.0004010200500488281 0
1755952293750 0.0004096031188964844 0
1755952303784 0.00040078163146972656 0
1755952313822 0.0003972053527832031 0
1755952323859 0.00042057037353515625 0
1755952333896 0.00041365623474121094 0
1755952343927 0.00035762786865234375 0
1755952353966 0.000484466552734375 0
1755952364002 0.0004742145538330078 0
1755952374043 0.0004062652587890625 0
1755952384077 0.00042510032653808594 0
1755952394113 0.00039696693420410156 0
1755952404146 0.0004324913024902344 0
1755952414181 0.00041747093200683594 0
1755952424214 0.00043773651123046875 0
1755952434249 0.00041556358337402344 0
1755952444283 0.0004658699035644531 0
1755952454326 0.00040721893310546875 0
1755952464360 0.0004887580871582031 0
1755952474396 0.00042557716369628906 0
1755952484438 0.00041866302490234375 0
1755952494472 0.00043654441833496094 0
1755952504508 0.00042366981506347656 0
1755952514549 0.000438690185546875 0
1755952524587 0.00042247772216796875 0
1755952534623 0.0004143714904785156 0
1755952544659 0.00042438507080078125 0
1755952554697 0.00042366981506347656 0
1755952564730 0.00042366981506347656 0
1755952574767 0.00041365623474121094 0
1755952584802 0.0004119873046875 0
1755952594837 0.0004100799560546875 0
1755952604873 0.0004749298095703125 0
1755952614911 0.0004093647003173828 0
1755952624952 0.0004134178161621094 0
1755952634989 0.0004260540008544922 0
1755952645024 0.0004749298095703125 0
1755952655060 0.00042366981506347656 0
1755952665096 0.0004057884216308594 0
1755952675132 0.00043129920959472656 0
1755952685169 0.0004203319549560547 0
1755952695240 0.00043010711669921875 0
1755952705275 0.00042891502380371094 0
1755952715309 0.0004684925079345703 0
1755952725347 0.0004031658172607422 0
1755952735380 0.0004601478576660156 0
1755952745415 0.0004096031188964844 0
1755952755451 0.0004074573516845703 0
1755952765491 0.0003955364227294922 0
1755952775565 0.0004124641418457031 0
1755952785601 0.00042510032653808594 0
1755952795638 0.000408172607421875 0
1755952805675 0.0003991127014160156 0
1755952815710 0.0003807544708251953 0
1755952825748 0.00043320655822753906 0
1755952835787 0.0004100799560546875 0
1755952845822 0.0004150867462158203 0
1755952855860 0.0004229545593261719 0
1755952865897 0.0004112720489501953 0
1755952875932 0.000408172607421875 0
1755952885968 0.00041961669921875 0
1755952896002 0.0004146099090576172 0
1755952906037 0.0004105567932128906 0
1755952916073 0.00040531158447265625 0
1755952926107 0.00043463706970214844 0
1755952936143 0.00044155120849609375 0
1755952946179 0.0004379749298095703 0
1755952956231 0.000415802001953125 0
1755952966267 0.0004096031188964844 0
1755952976312 0.00041365623474121094 0
1755952986349 0.0004100799560546875 0
1755952996387 0.0004286766052246094 0
1755953006428 0.00040912628173828125 0
1755953016464 0.00042438507080078125 0
1755953026503 0.0004296302795410156 0
1755953036541 0.0004246234893798828 0
1755953046576 0.0004520416259765625 0
1755953056611 0.0004150867462158203 0
1755953066647 0.0004286766052246094 0
1755953076684 0.0004112720489501953 0
1755953086717 0.00041675567626953125 0
1755953096755 0.0004279613494873047 0
1755953106792 0.00040149688720703125 0
1755953116827 0.00042629241943359375 0
1755953126861 0.0004150867462158203 0
1755953136899 0.0004284381866455078 0
1755953146935 0.00046253204345703125 0
1755953156971 0.00043201446533203125 0
1755953167009 0.0003991127014160156 0
1755953177043 0.0004200935363769531 0
1755953187083 0.0004253387451171875 0
1755953197119 0.0004329681396484375 0
1755953207154 0.0004146099090576172 0
1755953217195 0.00042438507080078125 0
1755953227230 0.00041294097900390625 0
1755953237265 0.0004184246063232422 0
1755953247299 0.00041866302490234375 0
1755953257334 0.0004813671112060547 0
1755953267368 0.0004222393035888672 0
1755953277407 0.00040268898010253906 0
1755953287442 0.00042939186096191406 0
1755953297488 0.0004036426544189453 0
1755953307524 0.00043129920959472656 0
1755953317560 0.0004096031188964844 0
1755953327599 0.00042748451232910156 0
1755953337635 0.00043272972106933594 0
1755953347669 0.0004146099090576172 0
1755953357712 0.0004181861877441406 0
1755953367750 0.0004239082336425781 0
1755953377786 0.00042700767517089844 0
1755953387819 0.0004127025604248047 0
1755953397852 0.0004515647888183594 0
1755953407888 0.0004203319549560547 0
1755953417924 0.0004131793975830078 0
1755953427966 0.0004017353057861328 0
1755953438007 0.0004248619079589844 0
1755953448043 0.0004684925079345703 0
1755953458085 0.0004088878631591797 0
1755953468124 0.0004000663757324219 0
1755953478159 0.0004093647003173828 0
1755953488191 0.000461578369140625 0
1755953498226 0.0004162788391113281 0
1755953508264 0.0004088878631591797 0
1755953518300 0.0006382465362548828 0
1755953528336 0.0004563331604003906 0
1755953538370 0.00039958953857421875 0
1755953548404 0.0004429817199707031 0
1755953558440 0.0004162788391113281 0
1755953568478 0.00039958953857421875 0
1755953578515 0.0004062652587890625 0
1755953588551 0.0004296302795410156 0
1755953598588 0.0004220008850097656 0
1755953608630 0.0004086494445800781 0
1755953618666 0.0004088878631591797 0
1755953628705 0.00044608116149902344 0
1755953638740 0.00039196014404296875 0
1755953648776 0.0004165172576904297 0
1755953658808 0.0003960132598876953 0
1755953668843 0.0004794597625732422 0
1755953678877 0.0004286766052246094 0
1755953688915 0.00045299530029296875 0
1755953698951 0.0004153251647949219 0
1755953708989 0.0003981590270996094 0
1755953719025 0.00047850608825683594 0
1755953729061 0.00040459632873535156 0
1755953739096 0.0004222393035888672 0
1755953749133 0.00040078163146972656 0
1755953759170 0.0003955364227294922 0
1755953769205 0.0005788803100585938 0
1755953779242 0.0003981590270996094 0
1755953789279 0.0003840923309326172 0
1755953799312 0.0004031658172607422 0
1755953809347 0.0004131793975830078 0
1755953819384 0.00040435791015625 0
1755953829419 0.0004355907440185547 0
1755953839451 0.0004169940948486328 0
1755953849492 0.00039577484130859375 0
1755953859528 0.0004189014434814453 0
1755953869564 0.0004265308380126953 0
1755953879601 0.0004315376281738281 0
1755953889635 0.0004291534423828125 0
1755953899670 0.0004055500030517578 0
1755953909708 0.0004115104675292969 0
1755953919744 0.0004303455352783203 0
1755953929778 0.0005471706390380859 0
1755953939814 0.0004780292510986328 0
1755953949849 0.00042557716369628906 0
1755953959883 0.0003993511199951172 0
1755953969953 0.0004096031188964844 0
1755953979990 0.0004096031188964844 0
1755953990027 0.0004296302795410156 0
1755954000064 0.000415802001953125 0
1755954010099 0.00041747093200683594 0
1755954020135 0.0004546642303466797 0
1755954030170 0.0004036426544189453 0
1755954040208 0.0004146099090576172 0
1755954050245 0.00040340423583984375 0
1755954060279 0.0004181861877441406 0
1755954070312 0.0004024505615234375 0
1755954080351 0.00041556358337402344 0
1755954090390 0.0005042552947998047 0
1755954100425 0.0004324913024902344 0
1755954110468 0.0004107952117919922 0
1755954120503 0.00036454200744628906 0
1755954130539 0.00043392181396484375 0
1755954140576 0.00041484832763671875 0
1755954150654 0.00040268898010253906 0
1755954160692 0.0004570484161376953 0
1755954170772 0.0004203319549560547 0
1755954180809 0.00047707557678222656 0
1755954190847 0.00040459632873535156 0
1755954200883 0.0004315376281738281 0
1755954210920 0.0004169940948486328 0
1755954220955 0.00041866302490234375 0
1755954231031 0.0004074573516845703 0
1755954241065 0.00040793418884277344 0
1755954251102 0.00041103363037109375 0
1755954261142 0.0004379749298095703 0
1755954271180 0.00046443939208984375 0
1755954281214 0.0004086494445800781 0
1755954291256 0.00041031837463378906 0
1755954301288 0.00040411949157714844 0
1755954311320 0.0004050731658935547 0
1755954321357 0.0004086494445800781 0
1755954331395 0.0004520416259765625 0
1755954341432 0.0004162788391113281 0
1755954351468 0.0004143714904785156 0
1755954361502 0.0004253387451171875 0
1755954371544 0.0005168914794921875 0
1755954381578 0.00040841102600097656 0
1755954391612 0.0004172325134277344 0
1755954401649 0.00042319297790527344 0
1755954411686 0.00041937828063964844 0
1755954421720 0.0004229545593261719 0
1755954431757 0.00040793418884277344 0
1755954441792 0.0004200935363769531 0
1755954451828 0.0004138946533203125 0
1755954461864 0.00042319297790527344 0
1755954471897 0.00040912628173828125 0
1755954481934 0.0004119873046875 0
1755954491974 0.00042819976806640625 0
1755954502009 0.00041961669921875 0
1755954512045 0.00040435791015625 0
1755954522081 0.00041794776916503906 0
1755954532116 0.00040602684020996094 0
1755954542153 0.0004069805145263672 0
1755954552191 0.0004303455352783203 0
1755954562226 0.0004143714904785156 0
1755954572260 0.00040912628173828125 0
1755954582296 0.0004067420959472656 0
1755954592333 0.000423431396484375 0
1755954602371 0.0004203319549560547 0
1755954612407 0.00043272972106933594 0
1755954622445 0.0005161762237548828 0
1755954632483 0.0004029273986816406 0
1755954642527 0.00045752525329589844 0
1755954652560 0.0004897117614746094 0
1755954662600 0.0003986358642578125 0
1755954672636 0.00043964385986328125 0
1755954682672 0.0004031658172607422 0
1755954692706 0.0004184246063232422 0
1755954702742 0.000431060791015625 0
1755954712777 0.00040793418884277344 0
1755954722816 0.0004191398620605469 0
1755954732852 0.0004112720489501953 0
1755954742887 0.0003948211669921875 0
1755954752921 0.0004096031188964844 0
1755954762956 0.00040030479431152344 0
1755954772992 0.0004069805145263672 0
1755954783028 0.0004138946533203125 0
1755954793065 0.0004286766052246094 0
1755954803104 0.0004069805145263672 0
1755954813139 0.00039505958557128906 0
1755954823175 0.0003981590270996094 0
1755954833213 0.0004112720489501953 0
1755954843251 0.00041222572326660156 0
1755954853288 0.00040721893310546875 0
1755954863328 0.0004832744598388672 0
1755954873364 0.0004146099090576172 0
1755954883400 0.0004513263702392578 0
1755954893440 0.00046944618225097656 0
1755954903476 0.00044846534729003906 0
1755954913513 0.00041031837463378906 0
1755954923549 0.0004138946533203125 0
1755954933584 0.00043773651123046875 0
1755954943618 0.0004286766052246094 0
1755954953652 0.00043272972106933594 0
1755954963694 0.00040721893310546875 0
1755954973730 0.00042176246643066406 0
1755954983765 0.00040793418884277344 0
1755954993800 0.0004200935363769531 0
1755955003835 0.0004024505615234375 0
1755955013875 0.0004069805145263672 0
1755955023910 0.00039458274841308594 0
1755955033943 0.0004055500030517578 0
1755955043981 0.0004050731658935547 0
1755955054016 0.00039458274841308594 0
1755955064052 0.00041365623474121094 0
1755955074088 0.0004353523254394531 0
1755955084122 0.0004112720489501953 0
1755955094155 0.00045871734619140625 0
1755955104195 0.0004520416259765625 0
1755955114231 0.0004153251647949219 0
1755955124267 0.00040078163146972656 0
1755955134308 0.00043892860412597656 0
1755955144342 0.0004220008850097656 0
1755955154376 0.0004220008850097656 0
1755955164409 0.0003974437713623047 0
1755955174448 0.0003998279571533203 0
1755955184484 0.0004067420959472656 0
1755955194524 0.0003771781921386719 0
1755955204560 0.00039505958557128906 0
1755955214604 0.00042557716369628906 0
1755955224645 0.00041747093200683594 0
1755955234678 0.00040435791015625 0
1755955244711 0.00040984153747558594 0
1755955254747 0.0004241466522216797 0
1755955264784 0.0004570484161376953 0
1755955274824 0.00042176246643066406 0
1755955284863 0.0004298686981201172 0
1755955294900 0.0004258155822753906 0
1755955304937 0.00039267539978027344 0
1755955314973 0.0004048347473144531 0
1755955325007 0.0003979206085205078 0
1755955335046 0.0004119873046875 0
1755955345082 0.00041365623474121094 0
1755955355124 0.00041103363037109375 0
1755955365164 0.00040841102600097656 0
1755955375201 0.0004169940948486328 0
1755955385237 0.0004818439483642578 0
1755955395271 0.0004367828369140625 0
1755955405307 0.00041031837463378906 0
1755955415349 0.00042819976806640625 0
1755955425384 0.0004267692565917969 0
1755955435422 0.00042557716369628906 0
1755955445458 0.0004215240478515625 0
1755955455492 0.0004363059997558594 0
1755955465527 0.0004036426544189453 0
1755955475560 0.00047588348388671875 0
1755955485601 0.0004725456237792969 0
1755955495642 0.00042128562927246094 0
1755955505679 0.0004265308380126953 0
1755955515752 0.0004184246063232422 0
1755955525787 0.0004260540008544922 0
1755955535821 0.00043082237243652344 0
1755955545855 0.00041174888610839844 0
1755955555889 0.00047278404235839844 0
1755955565928 0.0004150867462158203 0
1755955576002 0.00043773651123046875 0
1755955586038 0.0004334449768066406 0
1755955596080 0.0004317760467529297 0
1755955606118 0.000415802001953125 0
1755955616154 0.00046443939208984375 0
1755955626190 0.0004248619079589844 0
1755955636269 0.0003960132598876953 0
1755955646304 0.00042366981506347656 0
1755955656339 0.0004189014434814453 0
1755955666377 0.0004112720489501953 0
1755955676417 0.00040984153747558594 0
1755955686454 0.00041961669921875 0
1755955696490 0.00036644935607910156 0
1755955706528 0.00041794776916503906 0
1755955716567 0.00041675567626953125 0
1755955726602 0.00041484832763671875 0
1755955736638 0.000423431396484375 0
1755955746675 0.00040602684020996094 0
1755955756712 0.00042724609375 0
1755955766747 0.0004191398620605469 0
1755955776783 0.00041675567626953125 0
1755955786822 0.0004596710205078125 0
1755955796863 0.00041747093200683594 0
1755955806898 0.00040650367736816406 0
1755955816939 0.00041413307189941406 0
1755955826975 0.0003991127014160156 0
1755955837010 0.0004475116729736328 0
1755955847049 0.0003979206085205078 0
1755955857090 0.0004191398620605469 0
1755955867126 0.000431060791015625 0
1755955877163 0.0004105567932128906 0
1755955887198 0.0004286766052246094 0
1755955897235 0.00041413307189941406 0
1755955907271 0.00041747093200683594 0
1755955917307 0.0004239082336425781 0
1755955927342 0.00043010711669921875 0
1755955937374 0.0004086494445800781 0
1755955947411 0.0004248619079589844 0
1755955957446 0.0004048347473144531 0
1755955967483 0.00041365623474121094 0
1755955977524 0.00042557716369628906 0
1755955987560 0.00039887428283691406 0
1755955997595 0.0004239082336425781 0
1755956007639 0.0004253387451171875 0
1755956017676 0.00040912628173828125 0
1755956027713 0.0004322528839111328 0
1755956037749 0.0004143714904785156 0
1755956047787 0.00040459632873535156 0
1755956057823 0.00040078163146972656 0
1755956067860 0.0004284381866455078 0
1755956077894 0.00040268898010253906 0
1755956087941 0.00041961669921875 0
1755956097978 0.0004177093505859375 0
1755956108015 0.0004210472106933594 0
1755956118052 0.00040721893310546875 0
1755956128085 0.0004115104675292969 0
1755956138117 0.00038433074951171875 0
1755956148158 0.0005002021789550781 0
1755956158197 0.00040411949157714844 0
1755956168234 0.00040602684020996094 0
1755956178273 0.00045371055603027344 0
1755956188310 0.0004124641418457031 0
1755956198348 0.0004062652587890625 0
1755956208384 0.0004010200500488281 0
1755956218422 0.0004858970642089844 0
1755956228461 0.0004315376281738281 0
1755956238499 0.00040912628173828125 0
1755956248535 0.0004088878631591797 0
1755956258568 0.0003542900085449219 0
1755956268610 0.0004227161407470703 0
1755956278645 0.00042510032653808594 0
1755956288681 0.0004191398620605469 0
1755956298717 0.00043487548828125 0
1755956308749 0.00040459632873535156 0
1755956318783 0.00042748451232910156 0
1755956328820 0.0005548000335693359 0
1755956338860 0.0004277229309082031 0
1755956348898 0.00041866302490234375 0
1755956358935 0.00044798851013183594 0
1755956368972 0.00043463706970214844 0
1755956379009 0.0004258155822753906 0
1755956389043 0.00042557716369628906 0
1755956399079 0.0004048347473144531 0
1755956409115 0.00039577484130859375 0
1755956419154 0.00041413307189941406 0
1755956429193 0.0004191398620605469 0
1755956439226 0.00041985511779785156 0
1755956449268 0.0004138946533203125 0
1755956459303 0.0004582405090332031 0
1755956469338 0.0004074573516845703 0
1755956479380 0.0005307197570800781 0
1755956489419 0.000499725341796875 0
1755956499455 0.00041484832763671875 0
1755956509498 0.0005600452423095703 0
1755956519536 0.0004017353057861328 0
1755956529574 0.00042438507080078125 0
1755956539609 0.0004248619079589844 0
1755956549649 0.00041985511779785156 0
1755956559688 0.0003948211669921875 0
1755956569728 0.0004200935363769531 0
1755956579765 0.0004024505615234375 0
1755956589797 0.0004162788391113281 0
1755956599829 0.0004334449768066406 0
1755956609866 0.0004324913024902344 0
1755956619904 0.0004119873046875 0
1755956629942 0.0003948211669921875 0
1755956639988 0.0004012584686279297 0
1755956650023 0.0004162788391113281 0
1755956660059 0.00042247772216796875 0
1755956670092 0.00041413307189941406 0
1755956680126 0.0004029273986816406 0
1755956690198 0.0004341602325439453 0
1755956700233 0.0003991127014160156 0
1755956710267 0.0004031658172607422 0
1755956720303 0.00042438507080078125 0
1755956730340 0.0005171298980712891 0
1755956740375 0.00040984153747558594 0
1755956750409 0.0004208087921142578 0
1755956760443 0.0004601478576660156 0
1755956770479 0.0005145072937011719 0
1755956780513 0.00035881996154785156 0
1755956790547 0.0004177093505859375 0
1755956800583 0.0003905296325683594 0
1755956810618 0.0004038810729980469 0
1755956820663 0.0004050731658935547 0
1755956830701 0.00040721893310546875 0
1755956840737 0.0004119873046875 0
1755956850772 0.0004210472106933594 0
1755956860809 0.00041937828063964844 0
1755956870845 0.0004305839538574219 0
1755956880881 0.00043129920959472656 0
1755956890919 0.00041174888610839844 0
1755956900955 0.00042176246643066406 0
1755956910994 0.00040340423583984375 0
1755956921035 0.000415802001953125 0
1755956931070 0.0004565715789794922 0
1755956941106 0.0004391670227050781 0
1755956951144 0.0004050731658935547 0
1755956961181 0.00043773651123046875 0
1755956971218 0.0004200935363769531 0
1755956981258 0.0004100799560546875 0
1755956991293 0.00042748451232910156 0
1755957001330 0.0004222393035888672 0
1755957011367 0.0004093647003173828 0
1755957021410 0.0004420280456542969 0
1755957031447 0.00039649009704589844 0
1755957041486 0.0004239082336425781 0
1755957051523 0.0004107952117919922 0
1755957061559 0.00041937828063964844 0
1755957071596 0.00040531158447265625 0
1755957081637 0.0004055500030517578 0
1755957091673 0.0004048347473144531 0
1755957101708 0.0004107952117919922 0
1755957111748 0.00041675567626953125 0
1755957121785 0.0004119873046875 0
1755957131821 0.0004150867462158203 0
1755957141857 0.00041866302490234375 0
1755957151891 0.0004038810729980469 0
1755957161927 0.00042557716369628906 0
1755957171962 0.00042629241943359375 0
1755957182000 0.0004134178161621094 0
1755957192038 0.0004277229309082031 0
1755957202078 0.00040030479431152344 0
1755957212113 0.0004189014434814453 0
1755957222146 0.00041031837463378906 0
1755957232181 0.00040650367736816406 0
1755957242214 0.00047469139099121094 0
1755957252251 0.0003993511199951172 0
1755957262287 0.00041413307189941406 0
1755957272326 0.0004031658172607422 0
1755957282362 0.0004146099090576172 0
1755957292398 0.0003960132598876953 0
1755957302435 0.0004010200500488281 0
1755957312471 0.0005984306335449219 0
1755957322508 0.0004487037658691406 0
1755957332541 0.0004336833953857422 0
1755957342581 0.00040841102600097656 0
1755957352621 0.00041604042053222656 0
1755957362660 0.0004203319549560547 0
1755957372703 0.0004036426544189453 0
1755957382742 0.0004279613494873047 0
1755957392783 0.00044655799865722656 0
1755957402819 0.0004324913024902344 0
1755957412859 0.00046563148498535156 0
1755957422895 0.0004076957702636719 0
1755957432931 0.00041604042053222656 0
1755957442967 0.00040459632873535156 0
1755957453003 0.0004265308380126953 0
1755957463039 0.0003979206085205078 0
1755957473074 0.0007410049438476562 0
1755957483111 0.0003979206085205078 0
1755957493146 0.00040221214294433594 0
1755957503182 0.0004458427429199219 0
1755957513223 0.00042700767517089844 0
1755957523260 0.00040841102600097656 0
1755957533298 0.000438690185546875 0
1755957543335 0.0004074573516845703 0
1755957553373 0.0004076957702636719 0
1755957563407 0.0003924369812011719 0
1755957573443 0.00044465065002441406 0
1755957583479 0.0004253387451171875 0
1755957593521 0.0004563331604003906 0
1755957603556 0.0005114078521728516 0
1755957613592 0.00042748451232910156 0
1755957623626 0.0004470348358154297 0
1755957633665 0.0004367828369140625 0
1755957643700 0.00046133995056152344 0
1755957653732 0.0005717277526855469 0
1755957663764 0.0004105567932128906 0
1755957673802 0.00040078163146972656 0
1755957683838 0.0004296302795410156 0
1755957693877 0.0004119873046875 0
1755957703915 0.0004074573516845703 0
1755957713956 0.00040721893310546875 0
1755957723991 0.00043272972106933594 0
1755957734030 0.0004253387451171875 0
1755957744065 0.00041413307189941406 0
1755957754102 0.00041484832763671875 0
1755957764137 0.0004646778106689453 0
1755957774173 0.0004298686981201172 0
1755957784209 0.0004169940948486328 0
1755957794245 0.0004124641418457031 0
1755957804281 0.000408172607421875 0
1755957814315 0.0004029273986816406 0
1755957824353 0.0004203319549560547 0
1755957834396 0.00044727325439453125 0
1755957844433 0.00042891502380371094 0
1755957854472 0.0004069805145263672 0
1755957864508 0.0004153251647949219 0
1755957874545 0.00041866302490234375 0
1755957884582 0.0004801750183105469 0
1755957894623 0.00040268898010253906 0
1755957904657 0.0004208087921142578 0
1755957914692 0.0004260540008544922 0
1755957924734 0.00041604042053222656 0
1755957934774 0.0004222393035888672 0
1755957944848 0.0004076957702636719 0
1755957954885 0.0004074573516845703 0
1755957964920 0.0004012584686279297 0
1755957974959 0.0004017353057861328 0
1755957984994 0.00046753883361816406 0
1755957995041 0.0004150867462158203 0
1755958005079 0.0004241466522216797 0
1755958015114 0.0004222393035888672 0
1755958025190 0.00041604042053222656 0
1755958035224 0.0004353523254394531 0
1755958045258 0.00040912628173828125 0
1755958055334 0.0004146099090576172 0
1755958065366 0.0004360675811767578 0
1755958075403 0.0004088878631591797 0
1755958085477 0.0004150867462158203 0
1755958095512 0.00041484832763671875 0
1755958105547 0.00042319297790527344 0
1755958115625 0.0004143714904785156 0
1755958125659 0.0004191398620605469 0
1755958135695 0.0004076957702636719 0
1755958145729 0.00040793418884277344 0
1755958155763 0.0004105567932128906 0
1755958165798 0.00040721893310546875 0
1755958175871 0.0004222393035888672 0
1755958185903 0.0004131793975830078 0
1755958195941 0.0005083084106445312 0
1755958205978 0.0004191398620605469 0
1755958216053 0.0003859996795654297 0
1755958226087 0.0004284381866455078 0
1755958236124 0.00045037269592285156 0
1755958246161 0.0004322528839111328 0
1755958256203 0.0003972053527832031 0
1755958266243 0.0004107952117919922 0
1755958276324 0.0004055500030517578 0
1755958286359 0.0004398822784423828 0
1755958296431 0.0004069805145263672 0
1755958306468 0.0003566741943359375 0
1755958316503 0.00041675567626953125 0
1755958326577 0.0004315376281738281 0
1755958336613 0.0004055500030517578 0
1755958346649 0.0004792213439941406 0
1755958356687 0.00042557716369628906 0
1755958366762 0.0004162788391113281 0
1755958376798 0.0004100799560546875 0
1755958386837 0.00041747093200683594 0
1755958396879 0.0004258155822753906 0
1755958406916 0.00041937828063964844 0
1755958416949 0.0004220008850097656 0
1755958426985 0.0004076957702636719 0
1755958437022 0.00041484832763671875 0
1755958447062 0.0004062652587890625 0
1755958457096 0.0004189014434814453 0
1755958467129 0.00048542022705078125 0
1755958477165 0.00042366981506347656 0
1755958487201 0.0003879070281982422 0
1755958497235 0.0004475116729736328 0
1755958507270 0.0004696846008300781 0
1755958517305 0.0004284381866455078 0
1755958527340 0.0004286766052246094 0
1755958537411 0.00044918060302734375 0
1755958547445 0.00039458274841308594 0
1755958557480 0.00042724609375 0
1755958567553 0.0004019737243652344 0
1755958577590 0.00041794776916503906 0
1755958587625 0.000415802001953125 0
1755958597659 0.0004215240478515625 0
1755958607698 0.00041174888610839844 0
1755958617739 0.0004181861877441406 0
1755958627775 0.00041794776916503906 0
1755958637813 0.0004029273986816406 0
1755958647848 0.0004105567932128906 0
1755958657882 0.000423431396484375 0
1755958667916 0.0004119873046875 0
1755958677949 0.00040841102600097656 0
1755958687981 0.00042700767517089844 0
1755958698023 0.0004181861877441406 0
1755958708057 0.0004210472106933594 0
1755958718089 0.000423431396484375 0
1755958728123 0.000431060791015625 0
1755958738156 0.0004303455352783203 0
1755958748192 0.00041961669921875 0
1755958758224 0.00039696693420410156 0
1755958768258 0.0004448890686035156 0
1755958778294 0.0004031658172607422 0
1755958788331 0.0004355907440185547 0
1755958798366 0.00042939186096191406 0
1755958808400 0.0004341602325439453 0
1755958818432 0.00042366981506347656 0
1755958828471 0.00042057037353515625 0
1755958838506 0.0004138946533203125 0
1755958848541 0.00042176246643066406 0
1755958858577 0.00042128562927246094 0
1755958868609 0.00043201446533203125 0
1755958878646 0.00043392181396484375 0
1755958888681 0.0004227161407470703 0
1755958898716 0.0004391670227050781 0
1755958908752 0.0004227161407470703 0
1755958918787 0.00041985511779785156 0
1755958928823 0.0004334449768066406 0
1755958938859 0.00040984153747558594 0
1755958948894 0.0004687309265136719 0
1755958958926 0.00040078163146972656 0
1755958968964 0.0004661083221435547 0
1755958978999 0.00045037269592285156 0
1755958989040 0.0004279613494873047 0
1755958999081 0.0004279613494873047 0
1755959009116 0.00042939186096191406 0
1755959019153 0.0004112720489501953 0
1755959029190 0.00044727325439453125 0
1755959039226 0.00039577484130859375 0
1755959049267 0.0004723072052001953 0
1755959059300 0.0003993511199951172 0
1755959069342 0.0004899501800537109 0
1755959079390 0.0004780292510986328 0
1755959089428 0.00043392181396484375 0
1755959099471 0.0004360675811767578 0
1755959109510 0.00047326087951660156 0
1755959119549 0.0004200935363769531 0
1755959129584 0.0004029273986816406 0
1755959139621 0.0004124641418457031 0
1755959149665 0.0004138946533203125 0
1755959159697 0.0004069805145263672 0
1755959169733 0.0004019737243652344 0
1755959179770 0.0004620552062988281 0
1755959189805 0.0003993511199951172 0
1755959199840 0.0004165172576904297 0
1755959209879 0.00041747093200683594 0
1755959219916 0.00042128562927246094 0
1755959229951 0.00041866302490234375 0
1755959239989 0.00040459632873535156 0
1755959250027 0.00042724609375 0
1755959260066 0.00042319297790527344 0
1755959270101 0.0004248619079589844 0
1755959280135 0.00042438507080078125 0
1755959290172 0.0003981590270996094 0
1755959300209 0.00041675567626953125 0
1755959310248 0.000408172607421875 0
1755959320284 0.0005078315734863281 0
1755959330356 0.00046634674072265625 0
1755959340390 0.0005245208740234375 0
1755959350425 0.00044035911560058594 0
1755959360460 0.0004134178161621094 0
1755959370496 0.00040984153747558594 0
1755959380538 0.000400543212890625 0
1755959390575 0.0004253387451171875 0
1755959400613 0.00047326087951660156 0
1755959410657 0.0004150867462158203 0
1755959420693 0.0003955364227294922 0
1755959430727 0.00041222572326660156 0
1755959440768 0.0004134178161621094 0
1755959450801 0.00038909912109375 0
1755959460839 0.0004076957702636719 0
1755959470874 0.00039696693420410156 0
1755959480913 0.00041747093200683594 0
1755959490948 0.0003917217254638672 0
1755959500983 0.0004382133483886719 0
1755959511058 0.0004673004150390625 0
1755959521097 0.00041413307189941406 0
1755959531133 0.0004057884216308594 0
1755959541206 0.00041484832763671875 0
1755959551244 0.0004134178161621094 0
1755959561293 0.00039196014404296875 0
1755959571330 0.0004150867462158203 0
1755959581368 0.0004246234893798828 0
1755959591404 0.00046825408935546875 0
1755959601437 0.00043892860412597656 0
1755959611474 0.0004048347473144531 0
1755959621511 0.0004115104675292969 0
1755959631547 0.00040984153747558594 0
1755959641585 0.0003960132598876953 0
1755959651622 0.00041484832763671875 0
1755959661654 0.0004127025604248047 0
1755959671693 0.0004296302795410156 0
1755959681729 0.0004279613494873047 0
1755959691764 0.0004200935363769531 0
1755959701799 0.000415802001953125 0
1755959711835 0.00041103363037109375 0
1755959721871 0.00042247772216796875 0
1755959731910 0.0004012584686279297 0
1755959741946 0.0004260540008544922 0
1755959751981 0.0004248619079589844 0
1755959762018 0.00041103363037109375 0
1755959772053 0.0004303455352783203 0
1755959782092 0.00041174888610839844 0
1755959792127 0.0004093647003173828 0
1755959802167 0.0004131793975830078 0
1755959812207 0.0004112720489501953 0
1755959822246 0.00042247772216796875 0
1755959832279 0.0003960132598876953 0
1755959842312 0.0004627704620361328 0
1755959852348 0.0004038810729980469 0
1755959862384 0.0004119873046875 0
1755959872419 0.00045561790466308594 0
1755959882453 0.0004038810729980469 0
1755959892492 0.0004076957702636719 0
1755959902527 0.0003998279571533203 0
1755959912565 0.0003993511199951172 0
1755959922601 0.0005152225494384766 0
1755959932636 0.00042557716369628906 0
1755959942672 0.000438690185546875 0
1755959952712 0.0004146099090576172 0
1755959962744 0.00044274330139160156 0
1755959972778 0.0004096031188964844 0
1755959982815 0.0004172325134277344 0
1755959992850 0.0003948211669921875 0
1755960002882 0.0004150867462158203 0
1755960012917 0.00041556358337402344 0
1755960022948 0.0004248619079589844 0
1755960032992 0.0004200935363769531 0
1755960043026 0.0004227161407470703 0
1755960053061 0.0004487037658691406 0
1755960063097 0.00041484832763671875 0
1755960073134 0.0004150867462158203 0
1755960083170 0.0004553794860839844 0
1755960093206 0.0004551410675048828 0
1755960103245 0.000396728515625 0
1755960113282 0.0004298686981201172 0
1755960123315 0.00042057037353515625 0
1755960133353 0.000431060791015625 0
1755960143389 0.0004088878631591797 0
1755960153424 0.0004115104675292969 0
1755960163464 0.0004203319549560547 0
1755960173500 0.0004088878631591797 0
1755960183535 0.0004239082336425781 0
1755960193571 0.00040650367736816406 0
1755960203609 0.0004124641418457031 0
1755960213650 0.000415802001953125 0
1755960223689 0.0004229545593261719 0
1755960233724 0.00041174888610839844 0
1755960243762 0.0004220008850097656 0
1755960253799 0.0004055500030517578 0
1755960263836 0.0004074573516845703 0
1755960273872 0.00042724609375 0
1755960283907 0.0004055500030517578 0
1755960293944 0.0004112720489501953 0
1755960303981 0.00041985511779785156 0
1755960314016 0.0004439353942871094 0
1755960324051 0.00041174888610839844 0
1755960334087 0.00040531158447265625 0
1755960344122 0.00044035911560058594 0
1755960354159 0.0004038810729980469 0
1755960364196 0.0004184246063232422 0
1755960374240 0.0004220008850097656 0
1755960384275 0.0004730224609375 0
1755960394310 0.0004115104675292969 0
1755960404351 0.0004162788391113281 0
1755960414390 0.000423431396484375 0
1755960424426 0.00040721893310546875 0
1755960434462 0.0005183219909667969 0
1755960444495 0.00047278404235839844 0
1755960454533 0.00041484832763671875 0
1755960464569 0.00040841102600097656 0
1755960474605 0.0004112720489501953 0
1755960484642 0.00042176246643066406 0
1755960494677 0.00046253204345703125 0
1755960504715 0.0004222393035888672 0
1755960514750 0.0005192756652832031 0
1755960524788 0.0004069805145263672 0
1755960534823 0.0004620552062988281 0
1755960544858 0.0004203319549560547 0
1755960554895 0.0004093647003173828 0
1755960564934 0.00041961669921875 0
1755960574970 0.0004191398620605469 0
1755960585016 0.0005364418029785156 0
1755960595053 0.00039458274841308594 0
1755960605087 0.0004265308380126953 0
1755960615126 0.0004115104675292969 0
1755960625163 0.0004215240478515625 0
1755960635204 0.0004153251647949219 0
1755960645238 0.00040531158447265625 0
1755960655274 0.0004019737243652344 0
1755960665309 0.000415802001953125 0
1755960675347 0.0004336833953857422 0
1755960685381 0.00041294097900390625 0
1755960695416 0.000423431396484375 0
1755960705452 0.0004074573516845703 0
1755960715491 0.0004334449768066406 0
1755960725531 0.0004260540008544922 0
1755960735565 0.000400543212890625 0
1755960745604 0.0004398822784423828 0
1755960755641 0.0003962516784667969 0
1755960765681 0.00041961669921875 0
1755960775713 0.00042319297790527344 0
1755960785756 0.0005273818969726562 0
1755960795830 0.0004258155822753906 0
1755960805864 0.00041604042053222656 0
1755960815896 0.00041604042053222656 0
1755960825936 0.0004200935363769531 0
1755960835972 0.0004432201385498047 0
1755960846006 0.00041866302490234375 0
1755960856044 0.0004131793975830078 0
1755960866083 0.00041866302490234375 0
1755960876117 0.00041222572326660156 0
1755960886156 0.0004119873046875 0
1755960896191 0.0004241466522216797 0
1755960906226 0.00046896934509277344 0
1755960916299 0.0004131793975830078 0
1755960926335 0.0004172325134277344 0
1755960936375 0.0004165172576904297 0
1755960946408 0.0004107952117919922 0
1755960956443 0.00048422813415527344 0
1755960966480 0.0004258155822753906 0
1755960976516 0.0004260540008544922 0
1755960986552 0.0004143714904785156 0
1755960996591 0.00043511390686035156 0
1755961006627 0.00041937828063964844 0
1755961016664 0.0004305839538574219 0
1755961026699 0.0004239082336425781 0
1755961036734 0.00040411949157714844 0
1755961046770 0.00042176246643066406 0
1755961056807 0.00041365623474121094 0
1755961066842 0.00042366981506347656 0
1755961076879 0.00041222572326660156 0
1755961086917 0.0004248619079589844 0
1755961096950 0.000408172607421875 0
1755961106986 0.00041604042053222656 0
1755961117022 0.0004286766052246094 0
1755961127056 0.00041413307189941406 0
1755961137092 0.0004699230194091797 0
1755961147129 0.0004200935363769531 0
1755961157167 0.0004210472106933594 0
1755961167203 0.0005047321319580078 0
1755961177239 0.0004119873046875 0
1755961187276 0.0004210472106933594 0
1755961197316 0.0004057884216308594 0
1755961207352 0.0004265308380126953 0
1755961217384 0.00040030479431152344 0
1755961227422 0.0005123615264892578 0
1755961237457 0.0004215240478515625 0
1755961247495 0.0004119873046875 0
1755961257530 0.00040602684020996094 0
1755961267564 0.000446319580078125 0
1755961277600 0.00042629241943359375 0
1755961287632 0.00040221214294433594 0
1755961297669 0.0004134178161621094 0
1755961307705 0.00041222572326660156 0
1755961317738 0.00040221214294433594 0
1755961327776 0.0004124641418457031 0
1755961337813 0.00040984153747558594 0
1755961347851 0.0004477500915527344 0
1755961357891 0.00039696693420410156 0
1755961367927 0.00041794776916503906 0
1755961377963 0.00041294097900390625 0
1755961388000 0.000408172607421875 0
1755961398035 0.00041985511779785156 0
1755961408070 0.00040268898010253906 0
1755961418107 0.0004203319549560547 0
1755961428144 0.0004668235778808594 0
1755961438183 0.00043702125549316406 0
1755961448221 0.00040340423583984375 0
1755961458257 0.000431060791015625 0
1755961468293 0.00045108795166015625 0
1755961478332 0.0003972053527832031 0
1755961488373 0.00042247772216796875 0
1755961498407 0.00040078163146972656 0
1755961508440 0.0005571842193603516 0
1755961518478 0.0004112720489501953 0
1755961528515 0.00040078163146972656 0
1755961538551 0.0004322528839111328 0
1755961548586 0.0004248619079589844 0
1755961558622 0.0004036426544189453 0
1755961568660 0.00041794776916503906 0
1755961578696 0.0004200935363769531 0
1755961588732 0.0003924369812011719 0
1755961598771 0.0004324913024902344 0
1755961608811 0.0004069805145263672 0
1755961618849 0.00040268898010253906 0
1755961628883 0.00043463706970214844 0
1755961638918 0.00042748451232910156 0
1755961648953 0.00042247772216796875 0
1755961658988 0.00039649009704589844 0
1755961669026 0.00042176246643066406 0
1755961679067 0.0004646778106689453 0
1755961689104 0.00042438507080078125 0
1755961699141 0.00041294097900390625 0
1755961709178 0.0004076957702636719 0
1755961719214 0.0004353523254394531 0
1755961729249 0.0004208087921142578 0
1755961739286 0.00043654441833496094 0
1755961749320 0.0004992485046386719 0
1755961759356 0.0004296302795410156 0
1755961769398 0.0004107952117919922 0
1755961779438 0.00041866302490234375 0
1755961789476 0.00042700767517089844 0
1755961799516 0.00041604042053222656 0
1755961809554 0.0004036426544189453 0
1755961819593 0.0004241466522216797 0
1755961829628 0.00041174888610839844 0
1755961839662 0.0004208087921142578 0
1755961849699 0.00042939186096191406 0
1755961859734 0.0004093647003173828 0
1755961869769 0.0004801750183105469 0
1755961879805 0.0003809928894042969 0
1755961889842 0.00040793418884277344 0
1755961899878 0.00043201446533203125 0
1755961909913 0.0004241466522216797 0
1755961919947 0.00043272972106933594 0
1755961929987 0.00042557716369628906 0
1755961940027 0.00042176246643066406 0
1755961950064 0.0004248619079589844 0
1755961960101 0.0004596710205078125 0
1755961970137 0.000415802001953125 0
1755961980179 0.0004177093505859375 0
1755961990215 0.0004086494445800781 0
1755962000251 0.0004794597625732422 0
1755962010292 0.0004165172576904297 0
1755962020327 0.00041747093200683594 0
1755962030363 0.0004131793975830078 0
1755962040400 0.0004215240478515625 0
1755962050435 0.0004181861877441406 0
1755962060471 0.00039958953857421875 0
1755962070509 0.00042247772216796875 0
1755962080545 0.0004887580871582031 0
1755962090583 0.0004143714904785156 0
1755962100619 0.00043129920959472656 0
1755962110655 0.0004258155822753906 0
1755962120689 0.00040435791015625 0
1755962130740 0.00041103363037109375 0
1755962140776 0.0004150867462158203 0
1755962150815 0.00039958953857421875 0
1755962160852 0.0004718303680419922 0
1755962170886 0.0004227161407470703 0
1755962180919 0.00041866302490234375 0
1755962190956 0.0004284381866455078 0
1755962200992 0.00042176246643066406 0
1755962211027 0.0004107952117919922 0
1755962221062 0.00041675567626953125 0
1755962231098 0.0004107952117919922 0
1755962241132 0.0004146099090576172 0
1755962251167 0.0004646778106689453 0
1755962261201 0.0004107952117919922 0
1755962271237 0.00044798851013183594 0
1755962281282 0.00041103363037109375 0
1755962291319 0.0005190372467041016 0
1755962301358 0.0004146099090576172 0
1755962311397 0.0004031658172607422 0
1755962321434 0.0004062652587890625 0
1755962331488 0.0004341602325439453 0
1755962341527 0.00043654441833496094 0
1755962351562 0.00043392181396484375 0
1755962361637 0.00040411949157714844 0
1755962371672 0.0003936290740966797 0
1755962381705 0.0003981590270996094 0
1755962391737 0.0004036426544189453 0
1755962401772 0.0004565715789794922 0
1755962411808 0.00040221214294433594 0
1755962421843 0.0003943443298339844 0
1755962431881 0.0004162788391113281 0
1755962441918 0.000415802001953125 0
1755962451957 0.0004134178161621094 0
1755962461994 0.0004241466522216797 0
1755962472031 0.0004284381866455078 0
1755962482068 0.0004220008850097656 0
1755962492105 0.0004208087921142578 0
1755962502139 0.0004124641418457031 0
1755962512173 0.0004265308380126953 0
1755962522205 0.0004150867462158203 0
1755962532242 0.00043010711669921875 0
1755962542281 0.0003986358642578125 0
1755962552315 0.00043201446533203125 0
1755962562357 0.0004830360412597656 0
1755962572392 0.00039839744567871094 0
1755962582428 0.00040721893310546875 0
1755962592464 0.00036787986755371094 0
1755962602505 0.0004096031188964844 0
1755962612541 0.00048732757568359375 0
1755962622577 0.0004153251647949219 0
1755962632611 0.00041866302490234375 0
1755962642645 0.00042510032653808594 0
1755962652680 0.000408172607421875 0
1755962662717 0.0004105567932128906 0
1755962672752 0.000431060791015625 0
1755962682785 0.0004513263702392578 0
1755962692818 0.0004470348358154297 0
1755962702854 0.0004227161407470703 0
1755962712886 0.00041294097900390625 0
1755962722922 0.0004229545593261719 0
1755962732957 0.00045418739318847656 0
1755962742997 0.0004143714904785156 0
1755962753033 0.00042557716369628906 0
1755962763072 0.0005133152008056641 0
1755962773112 0.0004134178161621094 0
1755962783151 0.0004088878631591797 0
1755962793187 0.0004112720489501953 0
1755962803226 0.0004315376281738281 0
1755962813261 0.00042748451232910156 0
1755962823301 0.00040459632873535156 0
1755962833337 0.0004038810729980469 0
1755962843370 0.0004210472106933594 0
1755962853406 0.00043463706970214844 0
1755962863440 0.0004324913024902344 0
1755962873476 0.00041174888610839844 0
1755962883509 0.0004086494445800781 0
1755962893548 0.0004153251647949219 0
1755962903583 0.0004980564117431641 0
1755962913620 0.0004200935363769531 0
1755962923657 0.0004067420959472656 0
1755962933696 0.0004112720489501953 0
1755962943738 0.0004050731658935547 0
1755962953772 0.0004279613494873047 0
1755962963807 0.00041556358337402344 0
1755962973847 0.00040602684020996094 0
1755962983884 0.0004284381866455078 0
1755962993919 0.0004525184631347656 0
1755963003957 0.00042819976806640625 0
1755963013996 0.0004165172576904297 0
1755963024031 0.0004124641418457031 0
1755963034067 0.000396728515625 0
1755963044102 0.0004315376281738281 0
1755963054140 0.0004284381866455078 0
1755963064179 0.000415802001953125 0
1755963074217 0.00042819976806640625 0
1755963084252 0.00041174888610839844 0
1755963094288 0.0004127025604248047 0
1755963104324 0.000431060791015625 0
1755963114358 0.00041556358337402344 0
1755963124397 0.0004105567932128906 0
1755963134433 0.0004265308380126953 0
1755963144470 0.00040078163146972656 0
1755963154505 0.00041985511779785156 0
1755963164540 0.0004093647003173828 0
1755963174576 0.00040793418884277344 0
1755963184608 0.00042057037353515625 0
1755963194644 0.00044655799865722656 0
1755963204681 0.0004119873046875 0
1755963214720 0.0004687309265136719 0
1755963224757 0.0004432201385498047 0
1755963234791 0.0004191398620605469 0
1755963244822 0.0004220008850097656 0
1755963254858 0.0005133152008056641 0
1755963264892 0.0004146099090576172 0
1755963274927 0.0004177093505859375 0
1755963284963 0.00039768218994140625 0
1755963294999 0.0004248619079589844 0
1755963305032 0.0005292892456054688 0
1755963315068 0.00041174888610839844 0
1755963325107 0.00042724609375 0
1755963335143 0.00042247772216796875 0
1755963345180 0.00041961669921875 0
1755963355215 0.0004248619079589844 0
1755963365251 0.0004112720489501953 0
1755963375285 0.00042247772216796875 0
1755963385321 0.0004138946533203125 0
1755963395355 0.00042247772216796875 0
1755963405391 0.000415802001953125 0
1755963415427 0.0005080699920654297 0
1755963425464 0.0003993511199951172 0
1755963435502 0.0004229545593261719 0
1755963445538 0.0004394054412841797 0
1755963455577 0.00045561790466308594 0
1755963465612 0.0004165172576904297 0
1755963475648 0.00040912628173828125 0
1755963485684 0.0004172325134277344 0
1755963495726 0.0004062652587890625 0
1755963505765 0.0004076957702636719 0
1755963515799 0.0004200935363769531 0
1755963525835 0.0003981590270996094 0
1755963535874 0.00040602684020996094 0
1755963545909 0.00040841102600097656 0
1755963555955 0.00040912628173828125 0
1755963565989 0.0004062652587890625 0
1755963576027 0.0004630088806152344 0
1755963586062 0.00045800209045410156 0
1755963596096 0.0004241466522216797 0
1755963606131 0.0003998279571533203 0
1755963616163 0.00042557716369628906 0
1755963626200 0.0004298686981201172 0
1755963636234 0.0004062652587890625 0
1755963646273 0.00042819976806640625 0
1755963656314 0.0004107952117919922 0
1755963666346 0.0004076957702636719 0
1755963676421 0.0004878044128417969 0
1755963686458 0.0004162788391113281 0
1755963696494 0.0004265308380126953 0
1755963706567 0.0004024505615234375 0
1755963716604 0.00048232078552246094 0
1755963726636 0.0004105567932128906 0
1755963736674 0.0004267692565917969 0
1755963746718 0.0005586147308349609 0
1755963756755 0.00042438507080078125 0
1755963766801 0.00041103363037109375 0
1755963776840 0.0004191398620605469 0
1755963786879 0.0003986358642578125 0
1755963796917 0.0004520416259765625 0
1755963806952 0.0004134178161621094 0
1755963816988 0.0005092620849609375 0
1755963827030 0.0008013248443603516 0
1755963837080 0.0006194114685058594 0
1755963847129 0.0006008148193359375 0
1755963857188 0.0008893013000488281 0
1755963867237 0.0005381107330322266 0
1755963877338 0.0005972385406494141 0
1755963887420 0.0005679130554199219 0
1755963897471 0.0007231235504150391 0
1755963907517 0.00043392181396484375 0
1755963917556 0.00047326087951660156 0
1755963927593 0.00043272972106933594 0
1755963937635 0.0005974769592285156 0
1755963947672 0.0003566741943359375 0
1755963957712 0.0007729530334472656 0
1755963967745 0.00041961669921875 0
1755963977782 0.00042366981506347656 0
1755963987818 0.00044083595275878906 0
1755963997858 0.0004050731658935547 0
1755964007895 0.0004889965057373047 0
1755964017943 0.0008726119995117188 0
1755964027997 0.0005929470062255859 0
1755964038045 0.0004870891571044922 0
1755964048088 0.0006067752838134766 0
1755964058125 0.0004813671112060547 0
1755964068165 0.0004162788391113281 0
1755964078203 0.0005834102630615234 0
1755964088241 0.0004622936248779297 0
1755964098282 0.0006122589111328125 0
1755964108326 0.0004611015319824219 0
1755964118363 0.00040793418884277344 0
1755964128398 0.00041294097900390625 0
1755964138440 0.000499725341796875 0
1755964148484 0.0005550384521484375 0
1755964158528 0.0004703998565673828 0
1755964168565 0.0004315376281738281 0
1755964178605 0.00042057037353515625 0
1755964188643 0.00048542022705078125 0
1755964198680 0.0004298686981201172 0
1755964208715 0.0004191398620605469 0
1755964218752 0.0004162788391113281 0
1755964228792 0.0003998279571533203 0
1755964238829 0.00046324729919433594 0
1755964248866 0.0004603862762451172 0
1755964258904 0.0004372596740722656 0
1755964268943 0.0005631446838378906 0
1755964278977 0.0004515647888183594 0
1755964289027 0.0005903244018554688 0
1755964299064 0.00036978721618652344 0
1755964309103 0.0005986690521240234 0
1755964319142 0.0004055500030517578 0
1755964329194 0.0004506111145019531 0
1755964339230 0.0004534721374511719 0
1755964349269 0.00042176246643066406 0
1755964359335 0.0005791187286376953 0
1755964369376 0.0005738735198974609 0
1755964379416 0.0008149147033691406 0
1755964389451 0.00043845176696777344 0
1755964399494 0.0006175041198730469 0
1755964409539 0.0005090236663818359 0
1755964419576 0.0004811286926269531 0
1755964429615 0.00037026405334472656 0
1755964439651 0.0004591941833496094 0
1755964449707 0.0008955001831054688 0
1755964459747 0.0003752708435058594 0
1755964469788 0.00043082237243652344 0
1755964479826 0.00043463706970214844 0
1755964489862 0.0005023479461669922 0
1755964499897 0.00042057037353515625 0
1755964509934 0.0004088878631591797 0
1755964519969 0.0005469322204589844 0
1755964530007 0.0005438327789306641 0
1755964540043 0.0004353523254394531 0
1755964550077 0.00044727325439453125 0
1755964560116 0.0007052421569824219 0
1755964570160 0.0007987022399902344 0
1755964580201 0.0004858970642089844 0
1755964590236 0.000408172607421875 0
1755964600270 0.00041961669921875 0
